_time,EventCode,host,actor,logon_type,src_host,target_account,process,cmdline,object_name
2026-05-24 06:48:26,4624,WKS-HQ-25,z.amar,2,WKS-HQ-25,,,,
2026-05-24 07:24:48,4624,WKS-HQ-23,s.mor,2,WKS-HQ-23,,,,
2026-05-24 07:36:31,4624,WKS-HQ-26,p.stein,2,WKS-HQ-26,,,,
2026-05-24 07:46:48,4624,WKS-SEC-03,e.katz,2,WKS-SEC-03,,,,
2026-05-24 07:49:01,4624,WKS-HQ-22,i.golan,2,WKS-HQ-22,,,,
2026-05-24 07:51:17,4624,WKS-HQ-24,v.harel,2,WKS-HQ-24,,,,
2026-05-24 07:52:47,4624,WKS-PAY-11,s.arbel,2,WKS-PAY-11,,,,
2026-05-24 08:04:01,4624,SRV-FILE-HQ,i.golan,3,WKS-HQ-22,,,,
2026-05-24 08:07:26,4624,WKS-IT-01,a.mizrahi,2,WKS-IT-01,,,,
2026-05-24 08:07:27,4672,WKS-IT-01,a.mizrahi,2,,,,,
2026-05-24 08:09:49,4624,WKS-PAY-30,g.ben-ari,2,WKS-PAY-30,,,,
2026-05-24 08:10:39,4624,WKS-PAY-02,r.stern,2,WKS-PAY-02,,,,
2026-05-24 08:14:10,4624,WKS-HQ-20,k.oz,2,WKS-HQ-20,,,,
2026-05-24 08:19:49,4769,SRV-DC-01,g.ben-ari,,WKS-PAY-30,cifs_svc,,,CIFS/srv-file-hq.northgate.local
2026-05-24 08:22:31,4624,WKS-HQ-18,m.tal,2,WKS-HQ-18,,,,
2026-05-24 08:24:42,4624,WKS-HQ-19,y.segev,2,WKS-HQ-19,,,,
2026-05-24 08:25:48,4624,SRV-POSMGT,s.mor,3,WKS-HQ-23,,,,
2026-05-24 08:25:50,5140,SRV-POSMGT,s.mor,3,WKS-HQ-23,,,,\\SRV-POSMGT\Branches
2026-05-24 08:26:33,4624,WKS-HQ-16,e.shalom,2,WKS-HQ-16,,,,
2026-05-24 08:28:29,4624,WKS-IT-08,h.peretz,2,WKS-IT-08,,,,
2026-05-24 08:30:32,4624,WKS-PAY-12,t.hadar,2,WKS-PAY-12,,,,
2026-05-24 08:31:26,4624,SRV-FILE-HQ,a.mizrahi,3,WKS-IT-01,,,,
2026-05-24 08:31:32,4624,WKS-HQ-14,r.avni,2,WKS-HQ-14,,,,
2026-05-24 08:32:37,4624,WKS-HQ-13,l.beit,2,WKS-HQ-13,,,,
2026-05-24 08:37:35,4624,WKS-IT-29,f.zohar,2,WKS-IT-29,,,,
2026-05-24 08:43:15,4624,WKS-IT-09,m.saban,2,WKS-IT-09,,,,
2026-05-24 08:45:03,4624,WKS-HQ-04,n.barzilai,2,WKS-HQ-04,,,,
2026-05-24 08:45:57,4624,WKS-HQ-15,n.hazan,2,WKS-HQ-15,,,,
2026-05-24 08:47:05,4624,WKS-HQ-21,b.naim,2,WKS-HQ-21,,,,
2026-05-24 08:47:37,4769,SRV-DC-01,l.beit,,WKS-HQ-13,mssqlsvc_svc,,,MSSQLSvc/srv-posmgt.northgate.local:1433
2026-05-24 08:51:17,4624,WKS-HQ-27,c.barak,2,WKS-HQ-27,,,,
2026-05-24 08:52:01,4624,SRV-POSMGT,i.golan,3,WKS-HQ-22,,,,
2026-05-24 08:53:37,4624,WKS-HQ-17,a.dahan,2,WKS-HQ-17,,,,
2026-05-24 08:54:17,4624,WKS-HQ-05,y.oren,2,WKS-HQ-05,,,,
2026-05-24 08:56:10,4624,WKS-SEC-10,d.levi,2,WKS-SEC-10,,,,
2026-05-24 08:56:19,4624,WKS-HQ-28,u.regev,2,WKS-HQ-28,,,,
2026-05-24 08:58:33,4624,WKS-HQ-06,g.shemesh,2,WKS-HQ-06,,,,
2026-05-24 09:01:32,4688,WKS-HQ-14,r.avni,,,,excel.exe,excel.exe /dde,
2026-05-24 09:08:17,4624,SRV-FILE-HQ,y.oren,3,WKS-HQ-05,,,,
2026-05-24 09:08:19,4624,SRV-FILE-HQ,u.regev,3,WKS-HQ-28,,,,
2026-05-24 09:15:10,4624,SRV-DC-01,d.levi,3,WKS-SEC-10,,,,
2026-05-24 09:16:10,4624,SRV-FILE-HQ,k.oz,3,WKS-HQ-20,,,,
2026-05-24 09:25:37,4624,SRV-FILE-HQ,a.dahan,3,WKS-HQ-17,,,,
2026-05-24 09:25:39,5140,SRV-FILE-HQ,a.dahan,3,WKS-HQ-17,,,,\\SRV-FILE-HQ\HR
2026-05-24 09:27:03,4624,SRV-FILE-HQ,n.barzilai,3,WKS-HQ-04,,,,
2026-05-24 09:27:05,5140,SRV-FILE-HQ,n.barzilai,3,WKS-HQ-04,,,,\\SRV-FILE-HQ\Finance
2026-05-24 09:36:19,4624,SRV-FILE-HQ,u.regev,3,WKS-HQ-28,,,,
2026-05-24 09:36:21,5140,SRV-FILE-HQ,u.regev,3,WKS-HQ-28,,,,\\SRV-FILE-HQ\Marketing
2026-05-24 09:36:42,4769,SRV-DC-01,y.segev,,WKS-HQ-19,mssqlsvc_svc,,,MSSQLSvc/srv-cardproc.northgate.local:1433
2026-05-24 09:46:37,4769,SRV-DC-01,a.dahan,,WKS-HQ-17,cifs_svc,,,CIFS/srv-file-hq.northgate.local
2026-05-24 09:58:48,4769,SRV-DC-01,e.katz,,WKS-SEC-03,http_svc,,,HTTP/web-supplier.northgate.local
2026-05-24 10:01:26,4769,SRV-DC-01,a.mizrahi,,WKS-IT-01,mssqlsvc_svc,,,MSSQLSvc/srv-cardproc.northgate.local:1433
2026-05-24 10:04:57,4769,SRV-DC-01,n.hazan,,WKS-HQ-15,http_svc,,,HTTP/web-supplier.northgate.local
2026-05-24 10:12:26,4769,SRV-DC-01,a.mizrahi,,WKS-IT-01,http_svc,,,HTTP/web-supplier.northgate.local
2026-05-24 10:12:42,4624,SRV-FILE-HQ,y.segev,3,WKS-HQ-19,,,,
2026-05-24 10:15:19,4624,SRV-FILE-HQ,u.regev,3,WKS-HQ-28,,,,
2026-05-24 10:15:31,4624,SRV-FILE-HQ,m.tal,3,WKS-HQ-18,,,,
2026-05-24 10:15:33,5140,SRV-FILE-HQ,m.tal,3,WKS-HQ-18,,,,\\SRV-FILE-HQ\HR
2026-05-24 10:16:17,4769,SRV-DC-01,v.harel,,WKS-HQ-24,mssqlsvc_svc,,,MSSQLSvc/srv-posmgt.northgate.local:1433
2026-05-24 10:28:15,4769,SRV-DC-01,m.saban,,WKS-IT-09,http_svc,,,HTTP/web-supplier.northgate.local
2026-05-24 10:30:10,4624,SRV-DC-01,d.levi,3,WKS-SEC-10,,,,
2026-05-24 10:30:12,5140,SRV-DC-01,d.levi,3,WKS-SEC-10,,,,\\SRV-DC-01\IT
2026-05-24 10:39:37,4624,SRV-FILE-HQ,l.beit,3,WKS-HQ-13,,,,
2026-05-24 10:51:10,4769,SRV-DC-01,d.levi,,WKS-SEC-10,http_svc,,,HTTP/web-supplier.northgate.local
2026-05-24 10:52:37,4624,SRV-FILE-HQ,a.dahan,3,WKS-HQ-17,,,,
2026-05-24 10:52:48,4769,SRV-DC-01,e.katz,,WKS-SEC-03,http_svc,,,HTTP/web-supplier.northgate.local
2026-05-24 11:00:37,4624,SRV-FILE-HQ,a.dahan,3,WKS-HQ-17,,,,
2026-05-24 11:26:37,4624,SRV-FILE-HQ,a.dahan,3,WKS-HQ-17,,,,
2026-05-24 11:27:39,4624,SRV-FILE-HQ,r.stern,3,WKS-PAY-02,,,,
2026-05-24 11:27:41,5140,SRV-FILE-HQ,r.stern,3,WKS-PAY-02,,,,\\SRV-FILE-HQ\Payments
2026-05-24 11:28:47,4769,SRV-DC-01,s.arbel,,WKS-PAY-11,http_svc,,,HTTP/web-supplier.northgate.local
2026-05-24 11:30:37,4688,WKS-HQ-13,l.beit,,,,excel.exe,excel.exe /dde,
2026-05-24 11:40:31,4769,SRV-DC-01,p.stein,,WKS-HQ-26,http_svc,,,HTTP/web-supplier.northgate.local
2026-05-24 11:45:17,4624,SRV-FILE-HQ,v.harel,3,WKS-HQ-24,,,,
2026-05-24 11:46:32,4624,SRV-FILE-HQ,t.hadar,3,WKS-PAY-12,,,,
2026-05-24 11:46:34,5140,SRV-FILE-HQ,t.hadar,3,WKS-PAY-12,,,,\\SRV-FILE-HQ\Payments
2026-05-24 11:52:10,4769,SRV-DC-01,k.oz,,WKS-HQ-20,cifs_svc,,,CIFS/srv-file-hq.northgate.local
2026-05-24 11:55:26,4624,SRV-DC-01,a.mizrahi,3,WKS-IT-01,,,,
2026-05-24 11:55:28,5140,SRV-DC-01,a.mizrahi,3,WKS-IT-01,,,,\\SRV-DC-01\IT
2026-05-24 11:57:48,4769,SRV-DC-01,s.mor,,WKS-HQ-23,cifs_svc,,,CIFS/srv-file-hq.northgate.local
2026-05-24 11:59:15,4624,SRV-FILE-HQ,m.saban,3,WKS-IT-09,,,,
2026-05-24 12:04:17,4624,SRV-FILE-HQ,v.harel,3,WKS-HQ-24,,,,
2026-05-24 12:05:32,4624,SRV-CARDPROC,t.hadar,3,WKS-PAY-12,,,,
2026-05-24 12:10:29,4624,SRV-FILE-HQ,h.peretz,3,WKS-IT-08,,,,
2026-05-24 12:10:31,5140,SRV-FILE-HQ,h.peretz,3,WKS-IT-08,,,,\\SRV-FILE-HQ\IT
2026-05-24 12:11:17,4624,SRV-FILE-HQ,c.barak,3,WKS-HQ-27,,,,
2026-05-24 12:11:19,5140,SRV-FILE-HQ,c.barak,3,WKS-HQ-27,,,,\\SRV-FILE-HQ\Marketing
2026-05-24 12:28:49,4688,WKS-PAY-30,g.ben-ari,,,,winword.exe,winword.exe /w,
2026-05-24 12:31:57,4688,WKS-HQ-15,n.hazan,,,,winword.exe,winword.exe /w,
2026-05-24 12:34:48,4624,SRV-DC-01,e.katz,3,WKS-SEC-03,,,,
2026-05-24 12:43:19,4769,SRV-DC-01,u.regev,,WKS-HQ-28,http_svc,,,HTTP/web-supplier.northgate.local
2026-05-24 12:49:05,4688,WKS-HQ-21,b.naim,,,,teams.exe,teams.exe --system-initiated,
2026-05-24 12:55:31,4769,SRV-DC-01,m.tal,,WKS-HQ-18,http_svc,,,HTTP/web-supplier.northgate.local
2026-05-24 12:56:19,4769,SRV-DC-01,u.regev,,WKS-HQ-28,mssqlsvc_svc,,,MSSQLSvc/srv-posmgt.northgate.local:1433
2026-05-24 13:13:17,4769,SRV-DC-01,y.oren,,WKS-HQ-05,mssqlsvc_svc,,,MSSQLSvc/srv-posmgt.northgate.local:1433
2026-05-24 13:19:31,4624,SRV-FILE-HQ,m.tal,3,WKS-HQ-18,,,,
2026-05-24 13:30:17,4624,SRV-POSMGT,v.harel,3,WKS-HQ-24,,,,
2026-05-24 13:30:19,5140,SRV-POSMGT,v.harel,3,WKS-HQ-24,,,,\\SRV-POSMGT\Branches
2026-05-24 13:39:32,4624,SRV-FILE-HQ,r.avni,3,WKS-HQ-14,,,,
2026-05-24 13:40:31,4624,SRV-FILE-HQ,p.stein,3,WKS-HQ-26,,,,
2026-05-24 13:40:33,5140,SRV-FILE-HQ,p.stein,3,WKS-HQ-26,,,,\\SRV-FILE-HQ\Branches
2026-05-24 13:41:17,4769,SRV-DC-01,c.barak,,WKS-HQ-27,mssqlsvc_svc,,,MSSQLSvc/srv-cardproc.northgate.local:1433
2026-05-24 13:54:47,4624,SRV-CARDPROC,s.arbel,3,WKS-PAY-11,,,,
2026-05-24 13:54:49,5140,SRV-CARDPROC,s.arbel,3,WKS-PAY-11,,,,\\SRV-CARDPROC\Payments
2026-05-24 14:02:10,4769,SRV-DC-01,k.oz,,WKS-HQ-20,mssqlsvc_svc,,,MSSQLSvc/srv-posmgt.northgate.local:1433
2026-05-24 14:09:29,4769,SRV-DC-01,h.peretz,,WKS-IT-08,mssqlsvc_svc,,,MSSQLSvc/srv-cardproc.northgate.local:1433
2026-05-24 14:13:33,4624,SRV-FILE-HQ,g.shemesh,3,WKS-HQ-06,,,,
2026-05-24 14:13:35,5140,SRV-FILE-HQ,g.shemesh,3,WKS-HQ-06,,,,\\SRV-FILE-HQ\Finance
2026-05-24 14:17:57,4769,SRV-DC-01,n.hazan,,WKS-HQ-15,mssqlsvc_svc,,,MSSQLSvc/srv-posmgt.northgate.local:1433
2026-05-24 14:18:17,4624,SRV-FILE-HQ,c.barak,3,WKS-HQ-27,,,,
2026-05-24 14:25:32,4624,SRV-FILE-HQ,r.avni,3,WKS-HQ-14,,,,
2026-05-24 14:30:31,4769,SRV-DC-01,p.stein,,WKS-HQ-26,mssqlsvc_svc,,,MSSQLSvc/srv-cardproc.northgate.local:1433
2026-05-24 14:33:37,4769,SRV-DC-01,a.dahan,,WKS-HQ-17,mssqlsvc_svc,,,MSSQLSvc/srv-posmgt.northgate.local:1433
2026-05-24 14:37:31,4769,SRV-DC-01,m.tal,,WKS-HQ-18,cifs_svc,,,CIFS/srv-file-hq.northgate.local
2026-05-24 14:40:17,4769,SRV-DC-01,v.harel,,WKS-HQ-24,cifs_svc,,,CIFS/srv-file-hq.northgate.local
2026-05-24 14:46:15,4769,SRV-DC-01,m.saban,,WKS-IT-09,http_svc,,,HTTP/web-supplier.northgate.local
2026-05-24 14:53:29,4624,SRV-DC-01,h.peretz,3,WKS-IT-08,,,,
2026-05-24 14:53:31,5140,SRV-DC-01,h.peretz,3,WKS-IT-08,,,,\\SRV-DC-01\IT
2026-05-24 14:55:03,4624,SRV-FILE-HQ,n.barzilai,3,WKS-HQ-04,,,,
2026-05-24 14:55:15,4624,SRV-FILE-HQ,m.saban,3,WKS-IT-09,,,,
2026-05-24 14:55:17,5140,SRV-FILE-HQ,m.saban,3,WKS-IT-09,,,,\\SRV-FILE-HQ\IT
2026-05-24 14:56:01,4624,SRV-FILE-HQ,i.golan,3,WKS-HQ-22,,,,
2026-05-24 14:56:03,5140,SRV-FILE-HQ,i.golan,3,WKS-HQ-22,,,,\\SRV-FILE-HQ\Branches
2026-05-24 15:03:33,4769,SRV-DC-01,g.shemesh,,WKS-HQ-06,mssqlsvc_svc,,,MSSQLSvc/srv-cardproc.northgate.local:1433
2026-05-24 15:04:47,4624,SRV-CARDPROC,s.arbel,3,WKS-PAY-11,,,,
2026-05-24 15:06:03,4769,SRV-DC-01,n.barzilai,,WKS-HQ-04,mssqlsvc_svc,,,MSSQLSvc/srv-posmgt.northgate.local:1433
2026-05-24 15:18:17,4624,SRV-FILE-HQ,y.oren,3,WKS-HQ-05,,,,
2026-05-24 15:20:37,4769,SRV-DC-01,l.beit,,WKS-HQ-13,mssqlsvc_svc,,,MSSQLSvc/srv-posmgt.northgate.local:1433
2026-05-24 15:22:05,4769,SRV-DC-01,b.naim,,WKS-HQ-21,http_svc,,,HTTP/web-supplier.northgate.local
2026-05-24 15:31:57,4624,SRV-FILE-HQ,n.hazan,3,WKS-HQ-15,,,,
2026-05-24 15:31:59,5140,SRV-FILE-HQ,n.hazan,3,WKS-HQ-15,,,,\\SRV-FILE-HQ\Finance
2026-05-24 15:32:17,4688,WKS-HQ-24,v.harel,,,,teams.exe,teams.exe --system-initiated,
2026-05-24 15:37:19,4769,SRV-DC-01,u.regev,,WKS-HQ-28,mssqlsvc_svc,,,MSSQLSvc/srv-cardproc.northgate.local:1433
2026-05-24 15:39:15,4688,WKS-IT-09,m.saban,,,,outlook.exe,outlook.exe /recycle,
2026-05-24 15:46:26,4624,SRV-DC-01,a.mizrahi,3,WKS-IT-01,,,,
2026-05-24 15:46:28,5140,SRV-DC-01,a.mizrahi,3,WKS-IT-01,,,,\\SRV-DC-01\IT
2026-05-24 15:47:39,4624,SRV-FILE-HQ,r.stern,3,WKS-PAY-02,,,,
2026-05-24 15:47:41,5140,SRV-FILE-HQ,r.stern,3,WKS-PAY-02,,,,\\SRV-FILE-HQ\Payments
2026-05-24 15:56:28,4634,WKS-HQ-25,z.amar,2,,,,,
2026-05-24 15:57:29,4688,WKS-IT-08,h.peretz,,,,outlook.exe,outlook.exe /recycle,
2026-05-24 15:58:01,4634,WKS-HQ-23,s.mor,2,,,,,
2026-05-24 15:58:35,4769,SRV-DC-01,f.zohar,,WKS-IT-29,http_svc,,,HTTP/web-supplier.northgate.local
2026-05-24 16:01:05,4624,SRV-FILE-HQ,b.naim,3,WKS-HQ-21,,,,
2026-05-24 16:01:07,5140,SRV-FILE-HQ,b.naim,3,WKS-HQ-21,,,,\\SRV-FILE-HQ\Logistics
2026-05-24 16:06:39,4624,SRV-CARDPROC,r.stern,3,WKS-PAY-02,,,,
2026-05-24 16:07:10,4769,SRV-DC-01,d.levi,,WKS-SEC-10,mssqlsvc_svc,,,MSSQLSvc/srv-posmgt.northgate.local:1433
2026-05-24 16:10:18,4634,WKS-PAY-11,s.arbel,2,,,,,
2026-05-24 16:14:32,4769,SRV-DC-01,r.avni,,WKS-HQ-14,mssqlsvc_svc,,,MSSQLSvc/srv-posmgt.northgate.local:1433
2026-05-24 16:24:45,4634,WKS-SEC-03,e.katz,2,,,,,
2026-05-24 16:26:04,4634,WKS-HQ-19,y.segev,2,,,,,
2026-05-24 16:30:10,4624,SRV-FILE-HQ,d.levi,3,WKS-SEC-10,,,,
2026-05-24 16:31:51,4634,WKS-HQ-18,m.tal,2,,,,,
2026-05-24 16:40:34,4634,WKS-IT-08,h.peretz,2,,,,,
2026-05-24 16:42:18,4634,WKS-IT-01,a.mizrahi,2,,,,,
2026-05-24 16:44:35,4624,SRV-FILE-HQ,f.zohar,3,WKS-IT-29,,,,
2026-05-24 16:46:35,4624,SRV-FILE-HQ,f.zohar,3,WKS-IT-29,,,,
2026-05-24 16:48:29,4634,WKS-HQ-16,e.shalom,2,,,,,
2026-05-24 16:50:40,4634,WKS-HQ-20,k.oz,2,,,,,
2026-05-24 16:52:52,4634,WKS-HQ-15,n.hazan,2,,,,,
2026-05-24 17:09:12,4634,WKS-PAY-30,g.ben-ari,2,,,,,
2026-05-24 17:11:37,4624,SRV-FILE-HQ,l.beit,3,WKS-HQ-13,,,,
2026-05-24 17:12:23,4634,WKS-HQ-13,l.beit,2,,,,,
2026-05-24 17:15:33,4769,SRV-DC-01,g.shemesh,,WKS-HQ-06,mssqlsvc_svc,,,MSSQLSvc/srv-posmgt.northgate.local:1433
2026-05-24 17:17:15,4624,SRV-DC-01,m.saban,3,WKS-IT-09,,,,
2026-05-24 17:17:17,5140,SRV-DC-01,m.saban,3,WKS-IT-09,,,,\\SRV-DC-01\IT
2026-05-24 17:17:28,4634,WKS-HQ-22,i.golan,2,,,,,
2026-05-24 17:18:06,4634,WKS-HQ-05,y.oren,2,,,,,
2026-05-24 17:25:00,4634,WKS-SEC-10,d.levi,2,,,,,
2026-05-24 17:28:53,4634,WKS-PAY-12,t.hadar,2,,,,,
2026-05-24 17:30:59,4634,WKS-HQ-24,v.harel,2,,,,,
2026-05-24 17:31:57,4634,WKS-HQ-04,n.barzilai,2,,,,,
2026-05-24 17:48:40,4634,WKS-IT-09,m.saban,2,,,,,
2026-05-24 17:57:13,4634,WKS-HQ-26,p.stein,2,,,,,
2026-05-24 17:59:07,4634,WKS-HQ-14,r.avni,2,,,,,
2026-05-24 18:02:12,4634,WKS-IT-29,f.zohar,2,,,,,
2026-05-24 18:11:17,4634,WKS-PAY-02,r.stern,2,,,,,
2026-05-24 18:30:21,4634,WKS-HQ-28,u.regev,2,,,,,
2026-05-24 18:30:53,4634,WKS-HQ-06,g.shemesh,2,,,,,
2026-05-24 18:45:33,4634,WKS-HQ-21,b.naim,2,,,,,
2026-05-24 18:48:57,4634,WKS-HQ-17,a.dahan,2,,,,,
2026-05-24 18:57:50,4634,WKS-HQ-27,c.barak,2,,,,,
2026-05-25 06:52:48,4625,WKS-HQ-25,z.amar,2,WKS-HQ-25,,,,
2026-05-25 06:54:51,4624,WKS-HQ-25,z.amar,2,WKS-HQ-25,,,,
2026-05-25 07:30:39,4624,WKS-PAY-02,r.stern,2,WKS-PAY-02,,,,
2026-05-25 07:41:49,4624,WKS-HQ-22,i.golan,2,WKS-HQ-22,,,,
2026-05-25 07:52:02,4624,WKS-HQ-26,p.stein,2,WKS-HQ-26,,,,
2026-05-25 07:53:32,4624,WKS-HQ-23,s.mor,2,WKS-HQ-23,,,,
2026-05-25 07:54:04,4625,WKS-SEC-03,e.katz,2,WKS-SEC-03,,,,
2026-05-25 07:55:51,4769,SRV-DC-01,z.amar,,WKS-HQ-25,cifs_svc,,,CIFS/srv-file-hq.northgate.local
2026-05-25 07:57:20,4624,WKS-SEC-03,e.katz,2,WKS-SEC-03,,,,
2026-05-25 07:57:55,4624,WKS-PAY-30,g.ben-ari,2,WKS-PAY-30,,,,
2026-05-25 08:06:47,4624,WKS-IT-01,a.mizrahi,2,WKS-IT-01,,,,
2026-05-25 08:06:48,4672,WKS-IT-01,a.mizrahi,2,,,,,
2026-05-25 08:07:08,4624,WKS-HQ-28,u.regev,2,WKS-HQ-28,,,,
2026-05-25 08:08:23,4624,WKS-HQ-13,l.beit,2,WKS-HQ-13,,,,
2026-05-25 08:11:02,4624,WKS-HQ-24,v.harel,2,WKS-HQ-24,,,,
2026-05-25 08:20:51,4625,WKS-HQ-05,y.oren,2,WKS-HQ-05,,,,
2026-05-25 08:24:17,4624,WKS-HQ-05,y.oren,2,WKS-HQ-05,,,,
2026-05-25 08:26:43,4624,WKS-HQ-14,r.avni,2,WKS-HQ-14,,,,
2026-05-25 08:27:19,4624,WKS-PAY-11,s.arbel,2,WKS-PAY-11,,,,
2026-05-25 08:27:40,4624,WKS-HQ-21,b.naim,2,WKS-HQ-21,,,,
2026-05-25 08:33:55,4624,WKS-HQ-27,c.barak,2,WKS-HQ-27,,,,
2026-05-25 08:36:08,4624,SRV-FILE-HQ,u.regev,3,WKS-HQ-28,,,,
2026-05-25 08:37:15,4624,WKS-HQ-16,e.shalom,2,WKS-HQ-16,,,,
2026-05-25 08:38:25,4624,WKS-IT-09,m.saban,2,WKS-IT-09,,,,
2026-05-25 08:38:55,4624,SRV-CARDPROC,g.ben-ari,3,WKS-PAY-30,,,,
2026-05-25 08:40:57,4624,WKS-HQ-19,y.segev,2,WKS-HQ-19,,,,
2026-05-25 08:42:13,4624,WKS-HQ-20,k.oz,2,WKS-HQ-20,,,,
2026-05-25 08:42:17,4624,WKS-SEC-10,d.levi,2,WKS-SEC-10,,,,
2026-05-25 08:43:49,4624,SRV-FILE-HQ,i.golan,3,WKS-HQ-22,,,,
2026-05-25 08:46:55,4769,SRV-DC-01,c.barak,,WKS-HQ-27,cifs_svc,,,CIFS/srv-file-hq.northgate.local
2026-05-25 08:46:57,4624,SRV-FILE-HQ,y.segev,3,WKS-HQ-19,,,,
2026-05-25 08:46:59,5140,SRV-FILE-HQ,y.segev,3,WKS-HQ-19,,,,\\SRV-FILE-HQ\Logistics
2026-05-25 08:50:13,4769,SRV-DC-01,k.oz,,WKS-HQ-20,http_svc,,,HTTP/web-supplier.northgate.local
2026-05-25 08:55:49,4624,WKS-PAY-12,t.hadar,2,WKS-PAY-12,,,,
2026-05-25 08:59:13,4624,SRV-FILE-HQ,k.oz,3,WKS-HQ-20,,,,
2026-05-25 08:59:18,4625,WKS-IT-29,f.zohar,2,WKS-IT-29,,,,
2026-05-25 09:00:29,4624,WKS-IT-29,f.zohar,2,WKS-IT-29,,,,
2026-05-25 09:00:31,4624,WKS-HQ-04,n.barzilai,2,WKS-HQ-04,,,,
2026-05-25 09:02:51,4624,SRV-POSMGT,z.amar,3,WKS-HQ-25,,,,
2026-05-25 09:03:17,4769,SRV-DC-01,y.oren,,WKS-HQ-05,http_svc,,,HTTP/web-supplier.northgate.local
2026-05-25 09:03:34,4624,WKS-HQ-18,m.tal,2,WKS-HQ-18,,,,
2026-05-25 09:07:14,4624,WKS-HQ-15,n.hazan,2,WKS-HQ-15,,,,
2026-05-25 09:07:41,4624,WKS-HQ-17,a.dahan,2,WKS-HQ-17,,,,
2026-05-25 09:08:17,4688,WKS-HQ-05,y.oren,,,,chrome.exe,chrome.exe --restore-last-session,
2026-05-25 09:13:14,4688,WKS-HQ-15,n.hazan,,,,teams.exe,teams.exe --system-initiated,
2026-05-25 09:19:02,4624,SRV-POSMGT,p.stein,3,WKS-HQ-26,,,,
2026-05-25 09:19:04,5140,SRV-POSMGT,p.stein,3,WKS-HQ-26,,,,\\SRV-POSMGT\Branches
2026-05-25 09:21:34,4624,SRV-FILE-HQ,m.tal,3,WKS-HQ-18,,,,
2026-05-25 09:27:47,4624,SRV-DC-01,a.mizrahi,3,WKS-IT-01,,,,
2026-05-25 09:27:49,5140,SRV-DC-01,a.mizrahi,3,WKS-IT-01,,,,\\SRV-DC-01\IT
2026-05-25 09:36:49,4769,SRV-DC-01,i.golan,,WKS-HQ-22,http_svc,,,HTTP/web-supplier.northgate.local
2026-05-25 09:40:19,4769,SRV-DC-01,s.arbel,,WKS-PAY-11,mssqlsvc_svc,,,MSSQLSvc/srv-posmgt.northgate.local:1433
2026-05-25 09:48:23,4688,WKS-HQ-13,l.beit,,,,excel.exe,excel.exe /dde,
2026-05-25 09:57:17,4624,SRV-DC-01,d.levi,3,WKS-SEC-10,,,,
2026-05-25 10:20:55,4624,SRV-FILE-HQ,c.barak,3,WKS-HQ-27,,,,
2026-05-25 10:21:49,4624,SRV-POSMGT,i.golan,3,WKS-HQ-22,,,,
2026-05-25 10:31:47,4769,SRV-DC-01,a.mizrahi,,WKS-IT-01,http_svc,,,HTTP/web-supplier.northgate.local
2026-05-25 10:32:14,4624,SRV-FILE-HQ,n.hazan,3,WKS-HQ-15,,,,
2026-05-25 10:33:43,4624,SRV-FILE-HQ,r.avni,3,WKS-HQ-14,,,,
2026-05-25 10:34:17,4769,SRV-DC-01,y.oren,,WKS-HQ-05,mssqlsvc_svc,,,MSSQLSvc/srv-posmgt.northgate.local:1433
2026-05-25 10:36:02,4624,SRV-POSMGT,v.harel,3,WKS-HQ-24,,,,
2026-05-25 10:36:04,5140,SRV-POSMGT,v.harel,3,WKS-HQ-24,,,,\\SRV-POSMGT\Branches
2026-05-25 10:36:31,4624,SRV-FILE-HQ,n.barzilai,3,WKS-HQ-04,,,,
2026-05-25 10:36:33,5140,SRV-FILE-HQ,n.barzilai,3,WKS-HQ-04,,,,\\SRV-FILE-HQ\Finance
2026-05-25 10:47:02,4624,SRV-POSMGT,p.stein,3,WKS-HQ-26,,,,
2026-05-25 10:49:55,4769,SRV-DC-01,c.barak,,WKS-HQ-27,http_svc,,,HTTP/web-supplier.northgate.local
2026-05-25 10:51:20,4624,SRV-DC-01,e.katz,3,WKS-SEC-03,,,,
2026-05-25 10:51:22,5140,SRV-DC-01,e.katz,3,WKS-SEC-03,,,,\\SRV-DC-01\IT
2026-05-25 11:07:34,4624,SRV-FILE-HQ,m.tal,3,WKS-HQ-18,,,,
2026-05-25 11:08:14,4769,SRV-DC-01,n.hazan,,WKS-HQ-15,mssqlsvc_svc,,,MSSQLSvc/srv-posmgt.northgate.local:1433
2026-05-25 11:09:31,4624,SRV-FILE-HQ,n.barzilai,3,WKS-HQ-04,,,,
2026-05-25 11:32:19,4624,SRV-FILE-HQ,s.arbel,3,WKS-PAY-11,,,,
2026-05-25 11:34:25,4624,SRV-FILE-HQ,m.saban,3,WKS-IT-09,,,,
2026-05-25 11:42:55,4624,SRV-FILE-HQ,c.barak,3,WKS-HQ-27,,,,
2026-05-25 11:44:31,4624,SRV-FILE-HQ,n.barzilai,3,WKS-HQ-04,,,,
2026-05-25 11:46:51,4769,SRV-DC-01,z.amar,,WKS-HQ-25,http_svc,,,HTTP/web-supplier.northgate.local
2026-05-25 11:51:02,4624,SRV-POSMGT,p.stein,3,WKS-HQ-26,,,,
2026-05-25 11:51:04,5140,SRV-POSMGT,p.stein,3,WKS-HQ-26,,,,\\SRV-POSMGT\Branches
2026-05-25 11:51:41,4769,SRV-DC-01,a.dahan,,WKS-HQ-17,http_svc,,,HTTP/web-supplier.northgate.local
2026-05-25 11:58:41,4624,SRV-FILE-HQ,a.dahan,3,WKS-HQ-17,,,,
2026-05-25 12:06:57,4624,SRV-FILE-HQ,y.segev,3,WKS-HQ-19,,,,
2026-05-25 12:06:59,5140,SRV-FILE-HQ,y.segev,3,WKS-HQ-19,,,,\\SRV-FILE-HQ\Logistics
2026-05-25 12:23:43,4624,SRV-FILE-HQ,r.avni,3,WKS-HQ-14,,,,
2026-05-25 12:23:45,5140,SRV-FILE-HQ,r.avni,3,WKS-HQ-14,,,,\\SRV-FILE-HQ\Vendors
2026-05-25 12:26:17,4769,SRV-DC-01,d.levi,,WKS-SEC-10,cifs_svc,,,CIFS/srv-file-hq.northgate.local
2026-05-25 12:26:51,4624,SRV-FILE-HQ,z.amar,3,WKS-HQ-25,,,,
2026-05-25 12:27:41,4769,SRV-DC-01,a.dahan,,WKS-HQ-17,cifs_svc,,,CIFS/srv-file-hq.northgate.local
2026-05-25 12:37:39,4769,SRV-DC-01,r.stern,,WKS-PAY-02,mssqlsvc_svc,,,MSSQLSvc/srv-posmgt.northgate.local:1433
2026-05-25 12:46:31,4624,SRV-FILE-HQ,n.barzilai,3,WKS-HQ-04,,,,
2026-05-25 12:51:25,4769,SRV-DC-01,m.saban,,WKS-IT-09,mssqlsvc_svc,,,MSSQLSvc/srv-cardproc.northgate.local:1433
2026-05-25 12:55:31,4769,SRV-DC-01,n.barzilai,,WKS-HQ-04,cifs_svc,,,CIFS/srv-file-hq.northgate.local
2026-05-25 13:09:40,4769,SRV-DC-01,b.naim,,WKS-HQ-21,mssqlsvc_svc,,,MSSQLSvc/srv-cardproc.northgate.local:1433
2026-05-25 13:16:23,4624,SRV-FILE-HQ,l.beit,3,WKS-HQ-13,,,,
2026-05-25 13:16:25,5140,SRV-FILE-HQ,l.beit,3,WKS-HQ-13,,,,\\SRV-FILE-HQ\Vendors
2026-05-25 13:18:32,4624,SRV-POSMGT,s.mor,3,WKS-HQ-23,,,,
2026-05-25 13:40:31,4769,SRV-DC-01,n.barzilai,,WKS-HQ-04,cifs_svc,,,CIFS/srv-file-hq.northgate.local
2026-05-25 13:44:55,4769,SRV-DC-01,g.ben-ari,,WKS-PAY-30,http_svc,,,HTTP/web-supplier.northgate.local
2026-05-25 14:02:39,4624,SRV-FILE-HQ,r.stern,3,WKS-PAY-02,,,,
2026-05-25 14:02:41,5140,SRV-FILE-HQ,r.stern,3,WKS-PAY-02,,,,\\SRV-FILE-HQ\Payments
2026-05-25 14:03:23,4769,SRV-DC-01,l.beit,,WKS-HQ-13,http_svc,,,HTTP/web-supplier.northgate.local
2026-05-25 14:06:02,4769,SRV-DC-01,p.stein,,WKS-HQ-26,mssqlsvc_svc,,,MSSQLSvc/srv-posmgt.northgate.local:1433
2026-05-25 14:10:25,4769,SRV-DC-01,m.saban,,WKS-IT-09,mssqlsvc_svc,,,MSSQLSvc/srv-cardproc.northgate.local:1433
2026-05-25 14:11:55,4624,SRV-FILE-HQ,c.barak,3,WKS-HQ-27,,,,
2026-05-25 14:11:55,4624,SRV-CARDPROC,g.ben-ari,3,WKS-PAY-30,,,,
2026-05-25 14:11:57,5140,SRV-CARDPROC,g.ben-ari,3,WKS-PAY-30,,,,\\SRV-CARDPROC\Payments
2026-05-25 14:14:08,4769,SRV-DC-01,u.regev,,WKS-HQ-28,http_svc,,,HTTP/web-supplier.northgate.local
2026-05-25 14:20:02,4624,SRV-POSMGT,v.harel,3,WKS-HQ-24,,,,
2026-05-25 14:21:17,4624,SRV-FILE-HQ,y.oren,3,WKS-HQ-05,,,,
2026-05-25 14:24:25,4624,SRV-FILE-HQ,m.saban,3,WKS-IT-09,,,,
2026-05-25 14:29:40,4688,WKS-HQ-21,b.naim,,,,teams.exe,teams.exe --system-initiated,
2026-05-25 14:31:02,4624,SRV-FILE-HQ,v.harel,3,WKS-HQ-24,,,,
2026-05-25 14:32:23,4624,SRV-FILE-HQ,l.beit,3,WKS-HQ-13,,,,
2026-05-25 14:32:25,5140,SRV-FILE-HQ,l.beit,3,WKS-HQ-13,,,,\\SRV-FILE-HQ\Procurement
2026-05-25 14:53:34,4769,SRV-DC-01,m.tal,,WKS-HQ-18,mssqlsvc_svc,,,MSSQLSvc/srv-cardproc.northgate.local:1433
2026-05-25 14:53:55,4624,SRV-FILE-HQ,c.barak,3,WKS-HQ-27,,,,
2026-05-25 15:02:41,4624,SRV-FILE-HQ,a.dahan,3,WKS-HQ-17,,,,
2026-05-25 15:10:02,4769,SRV-DC-01,p.stein,,WKS-HQ-26,mssqlsvc_svc,,,MSSQLSvc/srv-cardproc.northgate.local:1433
2026-05-25 15:15:14,4634,WKS-HQ-25,z.amar,2,,,,,
2026-05-25 15:15:40,4769,SRV-DC-01,b.naim,,WKS-HQ-21,mssqlsvc_svc,,,MSSQLSvc/srv-posmgt.northgate.local:1433
2026-05-25 15:26:39,4769,SRV-DC-01,r.stern,,WKS-PAY-02,http_svc,,,HTTP/web-supplier.northgate.local
2026-05-25 15:43:29,4769,SRV-DC-01,f.zohar,,WKS-IT-29,mssqlsvc_svc,,,MSSQLSvc/srv-posmgt.northgate.local:1433
2026-05-25 15:46:20,4769,SRV-DC-01,e.katz,,WKS-SEC-03,mssqlsvc_svc,,,MSSQLSvc/srv-cardproc.northgate.local:1433
2026-05-25 15:46:40,4624,SRV-FILE-HQ,b.naim,3,WKS-HQ-21,,,,
2026-05-25 16:01:17,4769,SRV-DC-01,d.levi,,WKS-SEC-10,http_svc,,,HTTP/web-supplier.northgate.local
2026-05-25 16:02:08,4624,SRV-FILE-HQ,u.regev,3,WKS-HQ-28,,,,
2026-05-25 16:06:39,4624,SRV-CARDPROC,r.stern,3,WKS-PAY-02,,,,
2026-05-25 16:06:41,5140,SRV-CARDPROC,r.stern,3,WKS-PAY-02,,,,\\SRV-CARDPROC\Payments
2026-05-25 16:07:47,4769,SRV-DC-01,a.mizrahi,,WKS-IT-01,mssqlsvc_svc,,,MSSQLSvc/srv-cardproc.northgate.local:1433
2026-05-25 16:10:14,4769,SRV-DC-01,n.hazan,,WKS-HQ-15,http_svc,,,HTTP/web-supplier.northgate.local
2026-05-25 16:12:08,4769,SRV-DC-01,u.regev,,WKS-HQ-28,http_svc,,,HTTP/web-supplier.northgate.local
2026-05-25 16:13:49,4769,SRV-DC-01,t.hadar,,WKS-PAY-12,http_svc,,,HTTP/web-supplier.northgate.local
2026-05-25 16:16:17,4624,SRV-FILE-HQ,d.levi,3,WKS-SEC-10,,,,
2026-05-25 16:16:23,4634,WKS-HQ-26,p.stein,2,,,,,
2026-05-25 16:17:20,4769,SRV-DC-01,e.katz,,WKS-SEC-03,cifs_svc,,,CIFS/srv-file-hq.northgate.local
2026-05-25 16:21:02,4624,SRV-POSMGT,p.stein,3,WKS-HQ-26,,,,
2026-05-25 16:33:05,4634,WKS-HQ-24,v.harel,2,,,,,
2026-05-25 16:33:49,4624,SRV-FILE-HQ,t.hadar,3,WKS-PAY-12,,,,
2026-05-25 16:34:14,4624,SRV-FILE-HQ,n.hazan,3,WKS-HQ-15,,,,
2026-05-25 16:34:16,5140,SRV-FILE-HQ,n.hazan,3,WKS-HQ-15,,,,\\SRV-FILE-HQ\Finance
2026-05-25 16:42:14,4624,SRV-FILE-HQ,n.hazan,3,WKS-HQ-15,,,,
2026-05-25 16:42:16,5140,SRV-FILE-HQ,n.hazan,3,WKS-HQ-15,,,,\\SRV-FILE-HQ\Finance
2026-05-25 16:44:58,4634,WKS-HQ-27,c.barak,2,,,,,
2026-05-25 16:45:27,4634,WKS-HQ-14,r.avni,2,,,,,
2026-05-25 16:46:17,4624,SRV-FILE-HQ,d.levi,3,WKS-SEC-10,,,,
2026-05-25 16:46:17,4624,SRV-FILE-HQ,y.oren,3,WKS-HQ-05,,,,
2026-05-25 16:46:19,5140,SRV-FILE-HQ,y.oren,3,WKS-HQ-05,,,,\\SRV-FILE-HQ\Procurement
2026-05-25 16:47:44,4634,WKS-PAY-02,r.stern,2,,,,,
2026-05-25 16:50:08,4634,WKS-HQ-20,k.oz,2,,,,,
2026-05-25 17:03:49,4624,SRV-CARDPROC,t.hadar,3,WKS-PAY-12,,,,
2026-05-25 17:10:47,4634,WKS-HQ-28,u.regev,2,,,,,
2026-05-25 17:13:55,4634,WKS-HQ-17,a.dahan,2,,,,,
2026-05-25 17:13:55,4634,WKS-HQ-22,i.golan,2,,,,,
2026-05-25 17:16:13,4634,WKS-PAY-30,g.ben-ari,2,,,,,
2026-05-25 17:17:29,4769,SRV-DC-01,f.zohar,,WKS-IT-29,http_svc,,,HTTP/web-supplier.northgate.local
2026-05-25 17:43:40,4634,WKS-HQ-21,b.naim,2,,,,,
2026-05-25 17:48:28,4634,WKS-HQ-23,s.mor,2,,,,,
2026-05-25 17:51:20,4634,WKS-SEC-03,e.katz,2,,,,,
2026-05-25 17:56:09,4634,WKS-HQ-05,y.oren,2,,,,,
2026-05-25 17:58:26,4634,WKS-HQ-19,y.segev,2,,,,,
2026-05-25 18:12:34,4634,WKS-HQ-13,l.beit,2,,,,,
2026-05-25 18:17:38,4634,WKS-IT-09,m.saban,2,,,,,
2026-05-25 18:20:31,4634,WKS-HQ-18,m.tal,2,,,,,
2026-05-25 18:21:33,4634,WKS-PAY-11,s.arbel,2,,,,,
2026-05-25 18:24:49,4634,WKS-IT-01,a.mizrahi,2,,,,,
2026-05-25 18:25:28,4634,WKS-HQ-04,n.barzilai,2,,,,,
2026-05-25 18:29:51,4634,WKS-IT-29,f.zohar,2,,,,,
2026-05-25 18:33:39,4634,WKS-SEC-10,d.levi,2,,,,,
2026-05-25 18:46:51,4634,WKS-HQ-15,n.hazan,2,,,,,
2026-05-25 18:57:56,4634,WKS-HQ-16,e.shalom,2,,,,,
2026-05-25 19:17:57,4634,WKS-PAY-12,t.hadar,2,,,,,
2026-05-26 07:07:32,4624,WKS-HQ-25,z.amar,2,WKS-HQ-25,,,,
2026-05-26 07:20:37,4624,WKS-HQ-23,s.mor,2,WKS-HQ-23,,,,
2026-05-26 07:36:32,4624,WKS-HQ-26,p.stein,2,WKS-HQ-26,,,,
2026-05-26 07:42:47,4624,WKS-PAY-02,r.stern,2,WKS-PAY-02,,,,
2026-05-26 07:54:36,4624,WKS-SEC-03,e.katz,2,WKS-SEC-03,,,,
2026-05-26 08:01:40,4624,WKS-PAY-11,s.arbel,2,WKS-PAY-11,,,,
2026-05-26 08:02:47,4624,WKS-HQ-24,v.harel,2,WKS-HQ-24,,,,
2026-05-26 08:04:55,4624,WKS-PAY-30,g.ben-ari,2,WKS-PAY-30,,,,
2026-05-26 08:05:10,4624,WKS-HQ-20,k.oz,2,WKS-HQ-20,,,,
2026-05-26 08:19:09,4624,WKS-IT-01,a.mizrahi,2,WKS-IT-01,,,,
2026-05-26 08:19:10,4672,WKS-IT-01,a.mizrahi,2,,,,,
2026-05-26 08:24:36,4769,SRV-DC-01,e.katz,,WKS-SEC-03,mssqlsvc_svc,,,MSSQLSvc/srv-posmgt.northgate.local:1433
2026-05-26 08:25:47,4624,SRV-FILE-HQ,r.stern,3,WKS-PAY-02,,,,
2026-05-26 08:28:17,4624,WKS-IT-08,h.peretz,2,WKS-IT-08,,,,
2026-05-26 08:35:18,4624,WKS-HQ-21,b.naim,2,WKS-HQ-21,,,,
2026-05-26 08:36:10,4688,WKS-HQ-20,k.oz,,,,chrome.exe,chrome.exe --restore-last-session,
2026-05-26 08:36:16,4624,WKS-HQ-19,y.segev,2,WKS-HQ-19,,,,
2026-05-26 08:37:16,4624,WKS-HQ-14,r.avni,2,WKS-HQ-14,,,,
2026-05-26 08:38:44,4624,WKS-HQ-16,e.shalom,2,WKS-HQ-16,,,,
2026-05-26 08:38:56,4624,WKS-HQ-17,a.dahan,2,WKS-HQ-17,,,,
2026-05-26 08:42:25,4625,WKS-HQ-07,o.raviv,2,WKS-HQ-07,,,,
2026-05-26 08:42:47,4624,WKS-PAY-12,t.hadar,2,WKS-PAY-12,,,,
2026-05-26 08:43:38,4624,WKS-HQ-28,u.regev,2,WKS-HQ-28,,,,
2026-05-26 08:46:07,4624,WKS-HQ-07,o.raviv,2,WKS-HQ-07,,,,
2026-05-26 08:48:12,4624,WKS-HQ-05,y.oren,2,WKS-HQ-05,,,,
2026-05-26 08:50:18,4769,SRV-DC-01,b.naim,,WKS-HQ-21,mssqlsvc_svc,,,MSSQLSvc/srv-posmgt.northgate.local:1433
2026-05-26 08:51:59,4624,WKS-HQ-18,m.tal,2,WKS-HQ-18,,,,
2026-05-26 08:58:07,4769,SRV-DC-01,o.raviv,,WKS-HQ-07,mssqlsvc_svc,,,MSSQLSvc/srv-cardproc.northgate.local:1433
2026-05-26 08:59:39,4624,WKS-IT-09,m.saban,2,WKS-IT-09,,,,
2026-05-26 09:03:30,4624,WKS-SEC-10,d.levi,2,WKS-SEC-10,,,,
2026-05-26 09:03:47,4624,SRV-POSMGT,v.harel,3,WKS-HQ-24,,,,
2026-05-26 09:03:49,5140,SRV-POSMGT,v.harel,3,WKS-HQ-24,,,,\\SRV-POSMGT\Branches
2026-05-26 09:06:38,4624,SRV-FILE-HQ,u.regev,3,WKS-HQ-28,,,,
2026-05-26 09:06:40,5140,SRV-FILE-HQ,u.regev,3,WKS-HQ-28,,,,\\SRV-FILE-HQ\Marketing
2026-05-26 09:07:42,4624,WKS-HQ-15,n.hazan,2,WKS-HQ-15,,,,
2026-05-26 09:07:47,4624,SRV-CARDPROC,r.stern,3,WKS-PAY-02,,,,
2026-05-26 09:13:17,4769,SRV-DC-01,h.peretz,,WKS-IT-08,mssqlsvc_svc,,,MSSQLSvc/srv-posmgt.northgate.local:1433
2026-05-26 09:14:16,4624,SRV-FILE-HQ,y.segev,3,WKS-HQ-19,,,,
2026-05-26 09:20:04,4624,WKS-HQ-27,c.barak,2,WKS-HQ-27,,,,
2026-05-26 09:21:37,4624,WKS-HQ-06,g.shemesh,2,WKS-HQ-06,,,,
2026-05-26 09:24:30,4624,SRV-DC-01,d.levi,3,WKS-SEC-10,,,,
2026-05-26 09:27:00,4624,WKS-HQ-04,n.barzilai,2,WKS-HQ-04,,,,
2026-05-26 09:28:47,4624,SRV-CARDPROC,r.stern,3,WKS-PAY-02,,,,
2026-05-26 09:41:39,4769,SRV-DC-01,m.saban,,WKS-IT-09,cifs_svc,,,CIFS/srv-file-hq.northgate.local
2026-05-26 09:42:32,4769,SRV-DC-01,p.stein,,WKS-HQ-26,http_svc,,,HTTP/web-supplier.northgate.local
2026-05-26 10:01:17,4624,SRV-FILE-HQ,h.peretz,3,WKS-IT-08,,,,
2026-05-26 10:04:18,4688,WKS-HQ-21,b.naim,,,,outlook.exe,outlook.exe /recycle,
2026-05-26 10:08:16,4769,SRV-DC-01,r.avni,,WKS-HQ-14,mssqlsvc_svc,,,MSSQLSvc/srv-posmgt.northgate.local:1433
2026-05-26 10:12:56,4624,SRV-FILE-HQ,a.dahan,3,WKS-HQ-17,,,,
2026-05-26 10:12:58,5140,SRV-FILE-HQ,a.dahan,3,WKS-HQ-17,,,,\\SRV-FILE-HQ\HR
2026-05-26 10:25:42,4769,SRV-DC-01,n.hazan,,WKS-HQ-15,http_svc,,,HTTP/web-supplier.northgate.local
2026-05-26 10:35:47,4624,SRV-CARDPROC,r.stern,3,WKS-PAY-02,,,,
2026-05-26 10:42:30,4769,SRV-DC-01,d.levi,,WKS-SEC-10,http_svc,,,HTTP/web-supplier.northgate.local
2026-05-26 10:42:55,4769,SRV-DC-01,g.ben-ari,,WKS-PAY-30,http_svc,,,HTTP/web-supplier.northgate.local
2026-05-26 10:45:16,4624,SRV-FILE-HQ,r.avni,3,WKS-HQ-14,,,,
2026-05-26 10:49:30,4624,SRV-DC-01,d.levi,3,WKS-SEC-10,,,,
2026-05-26 10:49:32,5140,SRV-DC-01,d.levi,3,WKS-SEC-10,,,,\\SRV-DC-01\IT
2026-05-26 10:54:32,4769,SRV-DC-01,p.stein,,WKS-HQ-26,mssqlsvc_svc,,,MSSQLSvc/srv-posmgt.northgate.local:1433
2026-05-26 10:56:17,4624,SRV-FILE-HQ,h.peretz,3,WKS-IT-08,,,,
2026-05-26 10:56:19,5140,SRV-FILE-HQ,h.peretz,3,WKS-IT-08,,,,\\SRV-FILE-HQ\IT
2026-05-26 11:03:39,4624,SRV-FILE-HQ,m.saban,3,WKS-IT-09,,,,
2026-05-26 11:09:39,4624,SRV-FILE-HQ,m.saban,3,WKS-IT-09,,,,
2026-05-26 11:14:38,4769,SRV-DC-01,u.regev,,WKS-HQ-28,mssqlsvc_svc,,,MSSQLSvc/srv-cardproc.northgate.local:1433
2026-05-26 11:19:32,4769,SRV-DC-01,p.stein,,WKS-HQ-26,cifs_svc,,,CIFS/srv-file-hq.northgate.local
2026-05-26 11:26:16,4688,WKS-HQ-19,y.segev,,,,outlook.exe,outlook.exe /recycle,
2026-05-26 11:27:59,4769,SRV-DC-01,m.tal,,WKS-HQ-18,cifs_svc,,,CIFS/srv-file-hq.northgate.local
2026-05-26 11:28:07,4624,SRV-FILE-HQ,o.raviv,3,WKS-HQ-07,,,,
2026-05-26 11:29:00,4769,SRV-DC-01,n.barzilai,,WKS-HQ-04,mssqlsvc_svc,,,MSSQLSvc/srv-cardproc.northgate.local:1433
2026-05-26 11:30:36,4624,SRV-DC-01,e.katz,3,WKS-SEC-03,,,,
2026-05-26 11:31:16,4688,WKS-HQ-14,r.avni,,,,chrome.exe,chrome.exe --restore-last-session,
2026-05-26 11:32:40,4769,SRV-DC-01,s.arbel,,WKS-PAY-11,mssqlsvc_svc,,,MSSQLSvc/srv-posmgt.northgate.local:1433
2026-05-26 11:34:32,4769,SRV-DC-01,z.amar,,WKS-HQ-25,cifs_svc,,,CIFS/srv-file-hq.northgate.local
2026-05-26 11:36:07,4624,SRV-FILE-HQ,o.raviv,3,WKS-HQ-07,,,,
2026-05-26 11:45:47,4769,SRV-DC-01,r.stern,,WKS-PAY-02,mssqlsvc_svc,,,MSSQLSvc/srv-cardproc.northgate.local:1433
2026-05-26 11:50:30,4624,SRV-DC-01,d.levi,3,WKS-SEC-10,,,,
2026-05-26 11:59:17,4624,SRV-DC-01,h.peretz,3,WKS-IT-08,,,,
2026-05-26 11:59:19,5140,SRV-DC-01,h.peretz,3,WKS-IT-08,,,,\\SRV-DC-01\IT
2026-05-26 12:05:32,4624,SRV-POSMGT,z.amar,3,WKS-HQ-25,,,,
2026-05-26 12:06:44,4688,WKS-HQ-16,e.shalom,,,,teams.exe,teams.exe --system-initiated,
2026-05-26 12:16:56,4769,SRV-DC-01,a.dahan,,WKS-HQ-17,http_svc,,,HTTP/web-supplier.northgate.local
2026-05-26 12:17:47,4769,SRV-DC-01,t.hadar,,WKS-PAY-12,http_svc,,,HTTP/web-supplier.northgate.local
2026-05-26 12:24:47,4769,SRV-DC-01,v.harel,,WKS-HQ-24,mssqlsvc_svc,,,MSSQLSvc/srv-cardproc.northgate.local:1433
2026-05-26 12:32:38,4769,SRV-DC-01,u.regev,,WKS-HQ-28,mssqlsvc_svc,,,MSSQLSvc/srv-cardproc.northgate.local:1433
2026-05-26 12:39:47,4624,SRV-CARDPROC,t.hadar,3,WKS-PAY-12,,,,
2026-05-26 12:42:44,4624,SRV-FILE-HQ,e.shalom,3,WKS-HQ-16,,,,
2026-05-26 12:42:46,5140,SRV-FILE-HQ,e.shalom,3,WKS-HQ-16,,,,\\SRV-FILE-HQ\Finance
2026-05-26 12:44:30,4769,SRV-DC-01,d.levi,,WKS-SEC-10,http_svc,,,HTTP/web-supplier.northgate.local
2026-05-26 13:00:00,4624,SRV-FILE-HQ,n.barzilai,3,WKS-HQ-04,,,,
2026-05-26 13:00:02,5140,SRV-FILE-HQ,n.barzilai,3,WKS-HQ-04,,,,\\SRV-FILE-HQ\Finance
2026-05-26 13:12:32,4624,SRV-FILE-HQ,p.stein,3,WKS-HQ-26,,,,
2026-05-26 13:12:32,4624,SRV-FILE-HQ,p.stein,3,WKS-HQ-26,,,,
2026-05-26 13:15:40,4769,SRV-DC-01,s.arbel,,WKS-PAY-11,mssqlsvc_svc,,,MSSQLSvc/srv-posmgt.northgate.local:1433
2026-05-26 13:17:12,4624,SRV-FILE-HQ,y.oren,3,WKS-HQ-05,,,,
2026-05-26 13:17:14,5140,SRV-FILE-HQ,y.oren,3,WKS-HQ-05,,,,\\SRV-FILE-HQ\Procurement
2026-05-26 13:19:39,4769,SRV-DC-01,m.saban,,WKS-IT-09,cifs_svc,,,CIFS/srv-file-hq.northgate.local
2026-05-26 13:27:56,4624,SRV-FILE-HQ,a.dahan,3,WKS-HQ-17,,,,
2026-05-26 13:31:47,4769,SRV-DC-01,v.harel,,WKS-HQ-24,cifs_svc,,,CIFS/srv-file-hq.northgate.local
2026-05-26 13:33:47,4688,WKS-PAY-12,t.hadar,,,,outlook.exe,outlook.exe /recycle,
2026-05-26 13:35:36,4624,SRV-DC-01,e.katz,3,WKS-SEC-03,,,,
2026-05-26 13:38:07,4624,SRV-FILE-HQ,o.raviv,3,WKS-HQ-07,,,,
2026-05-26 13:40:04,4769,SRV-DC-01,c.barak,,WKS-HQ-27,http_svc,,,HTTP/web-supplier.northgate.local
2026-05-26 13:48:00,4769,SRV-DC-01,n.barzilai,,WKS-HQ-04,mssqlsvc_svc,,,MSSQLSvc/srv-posmgt.northgate.local:1433
2026-05-26 13:50:04,4624,SRV-FILE-HQ,c.barak,3,WKS-HQ-27,,,,
2026-05-26 13:52:39,4624,SRV-FILE-HQ,m.saban,3,WKS-IT-09,,,,
2026-05-26 13:59:16,4624,SRV-FILE-HQ,r.avni,3,WKS-HQ-14,,,,
2026-05-26 14:15:42,4624,SRV-FILE-HQ,n.hazan,3,WKS-HQ-15,,,,
2026-05-26 14:18:10,4624,SRV-FILE-HQ,k.oz,3,WKS-HQ-20,,,,
2026-05-26 14:21:16,4624,SRV-FILE-HQ,y.segev,3,WKS-HQ-19,,,,
2026-05-26 14:24:38,4624,SRV-FILE-HQ,u.regev,3,WKS-HQ-28,,,,
2026-05-26 14:24:40,5140,SRV-FILE-HQ,u.regev,3,WKS-HQ-28,,,,\\SRV-FILE-HQ\Marketing
2026-05-26 14:25:32,4624,SRV-POSMGT,p.stein,3,WKS-HQ-26,,,,
2026-05-26 14:40:42,4769,SRV-DC-01,n.hazan,,WKS-HQ-15,mssqlsvc_svc,,,MSSQLSvc/srv-posmgt.northgate.local:1433
2026-05-26 14:46:55,4624,SRV-FILE-HQ,g.ben-ari,3,WKS-PAY-30,,,,
2026-05-26 14:50:32,4624,SRV-FILE-HQ,p.stein,3,WKS-HQ-26,,,,
2026-05-26 14:53:09,4624,SRV-DC-01,a.mizrahi,3,WKS-IT-01,,,,
2026-05-26 15:00:40,4769,SRV-DC-01,s.arbel,,WKS-PAY-11,mssqlsvc_svc,,,MSSQLSvc/srv-posmgt.northgate.local:1433
2026-05-26 15:07:37,4624,SRV-FILE-HQ,g.shemesh,3,WKS-HQ-06,,,,
2026-05-26 15:09:39,4688,WKS-IT-09,m.saban,,,,outlook.exe,outlook.exe /recycle,
2026-05-26 15:11:16,4769,SRV-DC-01,r.avni,,WKS-HQ-14,cifs_svc,,,CIFS/srv-file-hq.northgate.local
2026-05-26 15:33:01,4634,WKS-HQ-23,s.mor,2,,,,,
2026-05-26 15:40:09,4624,SRV-DC-01,a.mizrahi,3,WKS-IT-01,,,,
2026-05-26 15:40:11,5140,SRV-DC-01,a.mizrahi,3,WKS-IT-01,,,,\\SRV-DC-01\IT
2026-05-26 15:43:56,4624,SRV-FILE-HQ,a.dahan,3,WKS-HQ-17,,,,
2026-05-26 15:43:58,5140,SRV-FILE-HQ,a.dahan,3,WKS-HQ-17,,,,\\SRV-FILE-HQ\HR
2026-05-26 15:44:36,4624,SRV-FILE-HQ,e.katz,3,WKS-SEC-03,,,,
2026-05-26 15:49:47,4624,SRV-FILE-HQ,v.harel,3,WKS-HQ-24,,,,
2026-05-26 15:49:49,5140,SRV-FILE-HQ,v.harel,3,WKS-HQ-24,,,,\\SRV-FILE-HQ\Branches
2026-05-26 15:49:59,4624,SRV-FILE-HQ,m.tal,3,WKS-HQ-18,,,,
2026-05-26 15:50:44,4624,SRV-FILE-HQ,e.shalom,3,WKS-HQ-16,,,,
2026-05-26 15:56:40,4624,SRV-FILE-HQ,s.arbel,3,WKS-PAY-11,,,,
2026-05-26 15:56:42,5140,SRV-FILE-HQ,s.arbel,3,WKS-PAY-11,,,,\\SRV-FILE-HQ\Payments
2026-05-26 15:58:04,4624,SRV-FILE-HQ,c.barak,3,WKS-HQ-27,,,,
2026-05-26 15:58:12,4624,SRV-FILE-HQ,y.oren,3,WKS-HQ-05,,,,
2026-05-26 16:00:12,4634,WKS-HQ-25,z.amar,2,,,,,
2026-05-26 16:01:37,4769,SRV-DC-01,g.shemesh,,WKS-HQ-06,cifs_svc,,,CIFS/srv-file-hq.northgate.local
2026-05-26 16:02:44,4634,WKS-HQ-26,p.stein,2,,,,,
2026-05-26 16:03:04,4688,WKS-HQ-27,c.barak,,,,outlook.exe,outlook.exe /recycle,
2026-05-26 16:03:32,4624,SRV-POSMGT,p.stein,3,WKS-HQ-26,,,,
2026-05-26 16:11:47,4624,SRV-FILE-HQ,v.harel,3,WKS-HQ-24,,,,
2026-05-26 16:13:07,4769,SRV-DC-01,o.raviv,,WKS-HQ-07,mssqlsvc_svc,,,MSSQLSvc/srv-cardproc.northgate.local:1433
2026-05-26 16:26:04,4624,SRV-FILE-HQ,c.barak,3,WKS-HQ-27,,,,
2026-05-26 16:29:37,4624,SRV-FILE-HQ,g.shemesh,3,WKS-HQ-06,,,,
2026-05-26 16:30:21,4634,WKS-SEC-03,e.katz,2,,,,,
2026-05-26 16:43:49,4634,WKS-HQ-16,e.shalom,2,,,,,
2026-05-26 16:45:38,4624,SRV-FILE-HQ,u.regev,3,WKS-HQ-28,,,,
2026-05-26 16:48:47,4624,SRV-FILE-HQ,t.hadar,3,WKS-PAY-12,,,,
2026-05-26 16:52:00,4624,SRV-FILE-HQ,n.barzilai,3,WKS-HQ-04,,,,
2026-05-26 16:52:02,5140,SRV-FILE-HQ,n.barzilai,3,WKS-HQ-04,,,,\\SRV-FILE-HQ\Finance
2026-05-26 16:52:16,4769,SRV-DC-01,y.segev,,WKS-HQ-19,mssqlsvc_svc,,,MSSQLSvc/srv-posmgt.northgate.local:1433
2026-05-26 16:56:52,4634,WKS-HQ-05,y.oren,2,,,,,
2026-05-26 17:08:39,4624,SRV-FILE-HQ,m.saban,3,WKS-IT-09,,,,
2026-05-26 17:08:41,5140,SRV-FILE-HQ,m.saban,3,WKS-IT-09,,,,\\SRV-FILE-HQ\IT
2026-05-26 17:09:12,4624,SRV-FILE-HQ,y.oren,3,WKS-HQ-05,,,,
2026-05-26 17:09:14,5140,SRV-FILE-HQ,y.oren,3,WKS-HQ-05,,,,\\SRV-FILE-HQ\Procurement
2026-05-26 17:12:26,4634,WKS-PAY-02,r.stern,2,,,,,
2026-05-26 17:12:40,4634,WKS-PAY-11,s.arbel,2,,,,,
2026-05-26 17:14:48,4634,WKS-PAY-30,g.ben-ari,2,,,,,
2026-05-26 17:17:54,4634,WKS-HQ-15,n.hazan,2,,,,,
2026-05-26 17:20:00,4624,SRV-FILE-HQ,n.barzilai,3,WKS-HQ-04,,,,
2026-05-26 17:20:02,5140,SRV-FILE-HQ,n.barzilai,3,WKS-HQ-04,,,,\\SRV-FILE-HQ\Finance
2026-05-26 17:22:51,4634,WKS-HQ-19,y.segev,2,,,,,
2026-05-26 17:25:49,4634,WKS-HQ-21,b.naim,2,,,,,
2026-05-26 17:29:33,4634,WKS-HQ-18,m.tal,2,,,,,
2026-05-26 17:33:33,4634,WKS-IT-08,h.peretz,2,,,,,
2026-05-26 17:43:42,4624,SRV-FILE-HQ,n.hazan,3,WKS-HQ-15,,,,
2026-05-26 17:43:44,5140,SRV-FILE-HQ,n.hazan,3,WKS-HQ-15,,,,\\SRV-FILE-HQ\Finance
2026-05-26 17:48:57,4634,WKS-PAY-12,t.hadar,2,,,,,
2026-05-26 17:52:39,4634,WKS-HQ-20,k.oz,2,,,,,
2026-05-26 17:53:13,4634,WKS-IT-01,a.mizrahi,2,,,,,
2026-05-26 18:00:07,4634,WKS-SEC-10,d.levi,2,,,,,
2026-05-26 18:00:29,4634,WKS-HQ-17,a.dahan,2,,,,,
2026-05-26 18:02:45,4634,WKS-HQ-14,r.avni,2,,,,,
2026-05-26 18:03:43,4634,WKS-HQ-27,c.barak,2,,,,,
2026-05-26 18:11:59,4634,WKS-HQ-24,v.harel,2,,,,,
2026-05-26 18:13:46,4634,WKS-HQ-04,n.barzilai,2,,,,,
2026-05-26 18:18:44,4634,WKS-HQ-06,g.shemesh,2,,,,,
2026-05-26 18:27:03,4634,WKS-IT-09,m.saban,2,,,,,
2026-05-26 18:31:22,4634,WKS-HQ-07,o.raviv,2,,,,,
2026-05-26 18:54:49,4634,WKS-HQ-28,u.regev,2,,,,,
2026-05-27 07:07:43,4624,WKS-HQ-25,z.amar,2,WKS-HQ-25,,,,
2026-05-27 07:12:34,4624,WKS-HQ-26,p.stein,2,WKS-HQ-26,,,,
2026-05-27 07:25:54,4624,WKS-HQ-22,i.golan,2,WKS-HQ-22,,,,
2026-05-27 07:37:54,4624,WKS-HQ-23,s.mor,2,WKS-HQ-23,,,,
2026-05-27 07:46:06,4624,WKS-HQ-24,v.harel,2,WKS-HQ-24,,,,
2026-05-27 07:50:08,4624,WKS-PAY-11,s.arbel,2,WKS-PAY-11,,,,
2026-05-27 07:58:15,4624,WKS-PAY-02,r.stern,2,WKS-PAY-02,,,,
2026-05-27 07:59:08,4624,SRV-CARDPROC,s.arbel,3,WKS-PAY-11,,,,
2026-05-27 08:11:46,4624,WKS-SEC-03,e.katz,2,WKS-SEC-03,,,,
2026-05-27 08:13:09,4624,WKS-IT-29,f.zohar,2,WKS-IT-29,,,,
2026-05-27 08:13:59,4625,WKS-HQ-21,b.naim,2,WKS-HQ-21,,,,
2026-05-27 08:15:45,4624,WKS-HQ-21,b.naim,2,WKS-HQ-21,,,,
2026-05-27 08:17:06,4624,SRV-POSMGT,v.harel,3,WKS-HQ-24,,,,
2026-05-27 08:19:38,4624,WKS-HQ-05,y.oren,2,WKS-HQ-05,,,,
2026-05-27 08:21:26,4624,WKS-IT-08,h.peretz,2,WKS-IT-08,,,,
2026-05-27 08:22:42,4624,WKS-HQ-19,y.segev,2,WKS-HQ-19,,,,
2026-05-27 08:24:13,4624,WKS-HQ-20,k.oz,2,WKS-HQ-20,,,,
2026-05-27 08:25:58,4624,WKS-IT-01,a.mizrahi,2,WKS-IT-01,,,,
2026-05-27 08:25:59,4672,WKS-IT-01,a.mizrahi,2,,,,,
2026-05-27 08:27:17,4624,WKS-HQ-14,r.avni,2,WKS-HQ-14,,,,
2026-05-27 08:28:25,4624,WKS-HQ-28,u.regev,2,WKS-HQ-28,,,,
2026-05-27 08:32:00,4624,WKS-PAY-30,g.ben-ari,2,WKS-PAY-30,,,,
2026-05-27 08:33:43,4624,SRV-FILE-HQ,z.amar,3,WKS-HQ-25,,,,
2026-05-27 08:35:22,4624,WKS-HQ-16,e.shalom,2,WKS-HQ-16,,,,
2026-05-27 08:47:29,4624,WKS-HQ-06,g.shemesh,2,WKS-HQ-06,,,,
2026-05-27 08:49:58,4624,WKS-IT-09,m.saban,2,WKS-IT-09,,,,
2026-05-27 08:51:41,4624,WKS-SEC-10,d.levi,2,WKS-SEC-10,,,,
2026-05-27 08:52:06,4624,WKS-HQ-13,l.beit,2,WKS-HQ-13,,,,
2026-05-27 08:53:09,4624,WKS-HQ-18,m.tal,2,WKS-HQ-18,,,,
2026-05-27 08:55:15,4624,WKS-HQ-04,n.barzilai,2,WKS-HQ-04,,,,
2026-05-27 08:56:29,4769,SRV-DC-01,g.shemesh,,WKS-HQ-06,mssqlsvc_svc,,,MSSQLSvc/srv-cardproc.northgate.local:1433
2026-05-27 09:01:47,4624,WKS-HQ-15,n.hazan,2,WKS-HQ-15,,,,
2026-05-27 09:02:02,4624,WKS-HQ-17,a.dahan,2,WKS-HQ-17,,,,
2026-05-27 09:02:08,4624,SRV-CARDPROC,s.arbel,3,WKS-PAY-11,,,,
2026-05-27 09:02:10,5140,SRV-CARDPROC,s.arbel,3,WKS-PAY-11,,,,\\SRV-CARDPROC\Payments
2026-05-27 09:02:46,4624,WKS-PAY-12,t.hadar,2,WKS-PAY-12,,,,
2026-05-27 09:02:48,4624,WKS-HQ-07,o.raviv,2,WKS-HQ-07,,,,
2026-05-27 09:04:50,4624,WKS-HQ-27,c.barak,2,WKS-HQ-27,,,,
2026-05-27 09:06:29,4688,WKS-HQ-06,g.shemesh,,,,winword.exe,winword.exe /w,
2026-05-27 09:08:06,4624,SRV-FILE-HQ,l.beit,3,WKS-HQ-13,,,,
2026-05-27 09:08:08,5140,SRV-FILE-HQ,l.beit,3,WKS-HQ-13,,,,\\SRV-FILE-HQ\Vendors
2026-05-27 09:08:09,4624,SRV-FILE-HQ,m.tal,3,WKS-HQ-18,,,,
2026-05-27 09:11:25,4624,SRV-FILE-HQ,u.regev,3,WKS-HQ-28,,,,
2026-05-27 09:13:06,4624,SRV-FILE-HQ,l.beit,3,WKS-HQ-13,,,,
2026-05-27 09:13:13,4769,SRV-DC-01,k.oz,,WKS-HQ-20,mssqlsvc_svc,,,MSSQLSvc/srv-cardproc.northgate.local:1433
2026-05-27 09:14:15,4769,SRV-DC-01,r.stern,,WKS-PAY-02,cifs_svc,,,CIFS/srv-file-hq.northgate.local
2026-05-27 09:14:42,4769,SRV-DC-01,y.segev,,WKS-HQ-19,mssqlsvc_svc,,,MSSQLSvc/srv-posmgt.northgate.local:1433
2026-05-27 09:25:43,4769,SRV-DC-01,z.amar,,WKS-HQ-25,http_svc,,,HTTP/web-supplier.northgate.local
2026-05-27 09:28:06,4769,SRV-DC-01,l.beit,,WKS-HQ-13,mssqlsvc_svc,,,MSSQLSvc/srv-posmgt.northgate.local:1433
2026-05-27 09:28:06,4624,SRV-POSMGT,v.harel,3,WKS-HQ-24,,,,
2026-05-27 09:28:08,5140,SRV-POSMGT,v.harel,3,WKS-HQ-24,,,,\\SRV-POSMGT\Branches
2026-05-27 09:28:45,4624,SRV-FILE-HQ,b.naim,3,WKS-HQ-21,,,,
2026-05-27 09:37:54,4624,SRV-POSMGT,s.mor,3,WKS-HQ-23,,,,
2026-05-27 09:38:46,4769,SRV-DC-01,e.katz,,WKS-SEC-03,mssqlsvc_svc,,,MSSQLSvc/srv-cardproc.northgate.local:1433
2026-05-27 09:46:17,4769,SRV-DC-01,r.avni,,WKS-HQ-14,mssqlsvc_svc,,,MSSQLSvc/srv-cardproc.northgate.local:1433
2026-05-27 09:55:46,4624,SRV-CARDPROC,t.hadar,3,WKS-PAY-12,,,,
2026-05-27 09:55:48,5140,SRV-CARDPROC,t.hadar,3,WKS-PAY-12,,,,\\SRV-CARDPROC\Payments
2026-05-27 09:56:09,4769,SRV-DC-01,f.zohar,,WKS-IT-29,mssqlsvc_svc,,,MSSQLSvc/srv-cardproc.northgate.local:1433
2026-05-27 10:01:41,4624,SRV-FILE-HQ,d.levi,3,WKS-SEC-10,,,,
2026-05-27 10:02:47,4769,SRV-DC-01,n.hazan,,WKS-HQ-15,http_svc,,,HTTP/web-supplier.northgate.local
2026-05-27 10:06:50,4624,SRV-FILE-HQ,c.barak,3,WKS-HQ-27,,,,
2026-05-27 10:09:29,4769,SRV-DC-01,g.shemesh,,WKS-HQ-06,mssqlsvc_svc,,,MSSQLSvc/srv-cardproc.northgate.local:1433
2026-05-27 10:12:26,4769,SRV-DC-01,h.peretz,,WKS-IT-08,mssqlsvc_svc,,,MSSQLSvc/srv-posmgt.northgate.local:1433
2026-05-27 10:12:48,4688,WKS-HQ-07,o.raviv,,,,chrome.exe,chrome.exe --restore-last-session,
2026-05-27 10:16:06,4624,SRV-POSMGT,v.harel,3,WKS-HQ-24,,,,
2026-05-27 10:24:13,4624,SRV-FILE-HQ,k.oz,3,WKS-HQ-20,,,,
2026-05-27 10:24:15,5140,SRV-FILE-HQ,k.oz,3,WKS-HQ-20,,,,\\SRV-FILE-HQ\Logistics
2026-05-27 10:33:38,4688,WKS-HQ-05,y.oren,,,,winword.exe,winword.exe /w,
2026-05-27 10:35:34,4769,SRV-DC-01,p.stein,,WKS-HQ-26,mssqlsvc_svc,,,MSSQLSvc/srv-posmgt.northgate.local:1433
2026-05-27 10:37:54,4624,SRV-FILE-HQ,i.golan,3,WKS-HQ-22,,,,
2026-05-27 10:42:42,4769,SRV-DC-01,y.segev,,WKS-HQ-19,cifs_svc,,,CIFS/srv-file-hq.northgate.local
2026-05-27 10:45:13,4688,WKS-HQ-20,k.oz,,,,teams.exe,teams.exe --system-initiated,
2026-05-27 10:48:34,4624,SRV-FILE-HQ,p.stein,3,WKS-HQ-26,,,,
2026-05-27 10:49:58,4624,SRV-FILE-HQ,a.mizrahi,3,WKS-IT-01,,,,
2026-05-27 10:50:00,5140,SRV-FILE-HQ,a.mizrahi,3,WKS-IT-01,,,,\\SRV-FILE-HQ\IT
2026-05-27 10:51:02,4624,SRV-FILE-HQ,a.dahan,3,WKS-HQ-17,,,,
2026-05-27 10:51:04,5140,SRV-FILE-HQ,a.dahan,3,WKS-HQ-17,,,,\\SRV-FILE-HQ\HR
2026-05-27 11:05:06,4624,SRV-FILE-HQ,l.beit,3,WKS-HQ-13,,,,
2026-05-27 11:07:09,4688,WKS-IT-29,f.zohar,,,,teams.exe,teams.exe --system-initiated,
2026-05-27 11:12:54,4624,SRV-FILE-HQ,i.golan,3,WKS-HQ-22,,,,
2026-05-27 11:17:42,4624,SRV-FILE-HQ,y.segev,3,WKS-HQ-19,,,,
2026-05-27 11:20:46,4688,WKS-PAY-12,t.hadar,,,,chrome.exe,chrome.exe --restore-last-session,
2026-05-27 11:22:41,4624,SRV-FILE-HQ,d.levi,3,WKS-SEC-10,,,,
2026-05-27 11:22:43,5140,SRV-FILE-HQ,d.levi,3,WKS-SEC-10,,,,\\SRV-FILE-HQ\IT
2026-05-27 11:29:43,4624,SRV-FILE-HQ,z.amar,3,WKS-HQ-25,,,,
2026-05-27 11:30:46,4624,SRV-FILE-HQ,e.katz,3,WKS-SEC-03,,,,
2026-05-27 11:32:48,4624,SRV-FILE-HQ,o.raviv,3,WKS-HQ-07,,,,
2026-05-27 11:35:46,4624,SRV-FILE-HQ,t.hadar,3,WKS-PAY-12,,,,
2026-05-27 11:46:25,4624,SRV-FILE-HQ,u.regev,3,WKS-HQ-28,,,,
2026-05-27 11:46:27,5140,SRV-FILE-HQ,u.regev,3,WKS-HQ-28,,,,\\SRV-FILE-HQ\Marketing
2026-05-27 11:51:09,4769,SRV-DC-01,m.tal,,WKS-HQ-18,http_svc,,,HTTP/web-supplier.northgate.local
2026-05-27 11:52:38,4624,SRV-FILE-HQ,y.oren,3,WKS-HQ-05,,,,
2026-05-27 11:52:40,5140,SRV-FILE-HQ,y.oren,3,WKS-HQ-05,,,,\\SRV-FILE-HQ\Procurement
2026-05-27 12:06:47,4624,SRV-FILE-HQ,n.hazan,3,WKS-HQ-15,,,,
2026-05-27 12:06:49,5140,SRV-FILE-HQ,n.hazan,3,WKS-HQ-15,,,,\\SRV-FILE-HQ\Finance
2026-05-27 12:11:46,4769,SRV-DC-01,t.hadar,,WKS-PAY-12,http_svc,,,HTTP/web-supplier.northgate.local
2026-05-27 12:14:15,4769,SRV-DC-01,r.stern,,WKS-PAY-02,mssqlsvc_svc,,,MSSQLSvc/srv-posmgt.northgate.local:1433
2026-05-27 12:26:46,4624,SRV-DC-01,e.katz,3,WKS-SEC-03,,,,
2026-05-27 12:29:00,4624,SRV-CARDPROC,g.ben-ari,3,WKS-PAY-30,,,,
2026-05-27 12:33:25,4624,SRV-FILE-HQ,u.regev,3,WKS-HQ-28,,,,
2026-05-27 12:34:15,4624,SRV-CARDPROC,r.stern,3,WKS-PAY-02,,,,
2026-05-27 12:36:09,4688,WKS-HQ-18,m.tal,,,,winword.exe,winword.exe /w,
2026-05-27 12:37:41,4769,SRV-DC-01,d.levi,,WKS-SEC-10,cifs_svc,,,CIFS/srv-file-hq.northgate.local
2026-05-27 12:47:02,4769,SRV-DC-01,a.dahan,,WKS-HQ-17,mssqlsvc_svc,,,MSSQLSvc/srv-cardproc.northgate.local:1433
2026-05-27 12:50:54,4769,SRV-DC-01,i.golan,,WKS-HQ-22,mssqlsvc_svc,,,MSSQLSvc/srv-cardproc.northgate.local:1433
2026-05-27 12:51:46,4769,SRV-DC-01,e.katz,,WKS-SEC-03,mssqlsvc_svc,,,MSSQLSvc/srv-cardproc.northgate.local:1433
2026-05-27 12:52:42,4624,SRV-FILE-HQ,y.segev,3,WKS-HQ-19,,,,
2026-05-27 12:52:54,4624,SRV-POSMGT,i.golan,3,WKS-HQ-22,,,,
2026-05-27 12:52:56,5140,SRV-POSMGT,i.golan,3,WKS-HQ-22,,,,\\SRV-POSMGT\Branches
2026-05-27 12:54:50,4769,SRV-DC-01,c.barak,,WKS-HQ-27,mssqlsvc_svc,,,MSSQLSvc/srv-cardproc.northgate.local:1433
2026-05-27 12:58:29,4624,SRV-FILE-HQ,g.shemesh,3,WKS-HQ-06,,,,
2026-05-27 12:58:31,5140,SRV-FILE-HQ,g.shemesh,3,WKS-HQ-06,,,,\\SRV-FILE-HQ\Finance
2026-05-27 13:03:15,4769,SRV-DC-01,r.stern,,WKS-PAY-02,mssqlsvc_svc,,,MSSQLSvc/srv-cardproc.northgate.local:1433
2026-05-27 13:10:58,4769,SRV-DC-01,m.saban,,WKS-IT-09,mssqlsvc_svc,,,MSSQLSvc/srv-cardproc.northgate.local:1433
2026-05-27 13:12:06,4769,SRV-DC-01,v.harel,,WKS-HQ-24,mssqlsvc_svc,,,MSSQLSvc/srv-posmgt.northgate.local:1433
2026-05-27 13:15:58,4624,SRV-FILE-HQ,m.saban,3,WKS-IT-09,,,,
2026-05-27 13:17:15,4624,SRV-FILE-HQ,n.barzilai,3,WKS-HQ-04,,,,
2026-05-27 13:17:17,5140,SRV-FILE-HQ,n.barzilai,3,WKS-HQ-04,,,,\\SRV-FILE-HQ\Finance
2026-05-27 13:21:50,4624,SRV-FILE-HQ,c.barak,3,WKS-HQ-27,,,,
2026-05-27 13:21:52,5140,SRV-FILE-HQ,c.barak,3,WKS-HQ-27,,,,\\SRV-FILE-HQ\Marketing
2026-05-27 13:24:34,4624,SRV-POSMGT,p.stein,3,WKS-HQ-26,,,,
2026-05-27 13:24:36,5140,SRV-POSMGT,p.stein,3,WKS-HQ-26,,,,\\SRV-POSMGT\Branches
2026-05-27 13:27:29,4624,SRV-FILE-HQ,g.shemesh,3,WKS-HQ-06,,,,
2026-05-27 13:28:54,4769,SRV-DC-01,i.golan,,WKS-HQ-22,mssqlsvc_svc,,,MSSQLSvc/srv-cardproc.northgate.local:1433
2026-05-27 13:34:42,4624,SRV-FILE-HQ,y.segev,3,WKS-HQ-19,,,,
2026-05-27 13:34:44,5140,SRV-FILE-HQ,y.segev,3,WKS-HQ-19,,,,\\SRV-FILE-HQ\Logistics
2026-05-27 13:35:58,4624,SRV-DC-01,m.saban,3,WKS-IT-09,,,,
2026-05-27 13:41:13,4624,SRV-FILE-HQ,k.oz,3,WKS-HQ-20,,,,
2026-05-27 13:44:58,4624,SRV-FILE-HQ,a.mizrahi,3,WKS-IT-01,,,,
2026-05-27 13:45:00,5140,SRV-FILE-HQ,a.mizrahi,3,WKS-IT-01,,,,\\SRV-FILE-HQ\IT
2026-05-27 13:47:58,4769,SRV-DC-01,m.saban,,WKS-IT-09,mssqlsvc_svc,,,MSSQLSvc/srv-posmgt.northgate.local:1433
2026-05-27 13:48:34,4624,SRV-POSMGT,p.stein,3,WKS-HQ-26,,,,
2026-05-27 13:48:36,5140,SRV-POSMGT,p.stein,3,WKS-HQ-26,,,,\\SRV-POSMGT\Branches
2026-05-27 13:50:26,4624,SRV-FILE-HQ,h.peretz,3,WKS-IT-08,,,,
2026-05-27 14:01:58,4624,SRV-FILE-HQ,a.mizrahi,3,WKS-IT-01,,,,
2026-05-27 14:02:47,4624,SRV-FILE-HQ,n.hazan,3,WKS-HQ-15,,,,
2026-05-27 14:09:41,4769,SRV-DC-01,d.levi,,WKS-SEC-10,http_svc,,,HTTP/web-supplier.northgate.local
2026-05-27 14:11:48,4769,SRV-DC-01,o.raviv,,WKS-HQ-07,cifs_svc,,,CIFS/srv-file-hq.northgate.local
2026-05-27 14:13:25,4624,SRV-FILE-HQ,u.regev,3,WKS-HQ-28,,,,
2026-05-27 14:14:09,4624,SRV-DC-01,f.zohar,3,WKS-IT-29,,,,
2026-05-27 14:14:50,4769,SRV-DC-01,c.barak,,WKS-HQ-27,http_svc,,,HTTP/web-supplier.northgate.local
2026-05-27 14:26:25,4769,SRV-DC-01,u.regev,,WKS-HQ-28,mssqlsvc_svc,,,MSSQLSvc/srv-posmgt.northgate.local:1433
2026-05-27 14:28:17,4769,SRV-DC-01,r.avni,,WKS-HQ-14,http_svc,,,HTTP/web-supplier.northgate.local
2026-05-27 14:34:17,4688,WKS-HQ-14,r.avni,,,,excel.exe,excel.exe /dde,
2026-05-27 14:36:13,4624,SRV-FILE-HQ,k.oz,3,WKS-HQ-20,,,,
2026-05-27 14:48:41,4624,SRV-DC-01,d.levi,3,WKS-SEC-10,,,,
2026-05-27 14:49:26,4624,SRV-DC-01,h.peretz,3,WKS-IT-08,,,,
2026-05-27 14:53:15,4624,SRV-FILE-HQ,r.stern,3,WKS-PAY-02,,,,
2026-05-27 15:13:45,4769,SRV-DC-01,b.naim,,WKS-HQ-21,cifs_svc,,,CIFS/srv-file-hq.northgate.local
2026-05-27 15:28:00,4624,SRV-FILE-HQ,g.ben-ari,3,WKS-PAY-30,,,,
2026-05-27 15:29:34,4769,SRV-DC-01,p.stein,,WKS-HQ-26,cifs_svc,,,CIFS/srv-file-hq.northgate.local
2026-05-27 15:36:05,4634,WKS-HQ-25,z.amar,2,,,,,
2026-05-27 15:36:26,4688,WKS-IT-08,h.peretz,,,,teams.exe,teams.exe --system-initiated,
2026-05-27 15:54:15,4624,SRV-FILE-HQ,n.barzilai,3,WKS-HQ-04,,,,
2026-05-27 15:58:15,4769,SRV-DC-01,n.barzilai,,WKS-HQ-04,mssqlsvc_svc,,,MSSQLSvc/srv-cardproc.northgate.local:1433
2026-05-27 16:07:09,4624,SRV-FILE-HQ,f.zohar,3,WKS-IT-29,,,,
2026-05-27 16:23:30,4634,WKS-HQ-05,y.oren,2,,,,,
2026-05-27 16:24:25,4634,WKS-HQ-19,y.segev,2,,,,,
2026-05-27 16:26:08,4624,SRV-CARDPROC,s.arbel,3,WKS-PAY-11,,,,
2026-05-27 16:27:03,4634,WKS-HQ-20,k.oz,2,,,,,
2026-05-27 16:40:38,4634,WKS-HQ-16,e.shalom,2,,,,,
2026-05-27 16:44:53,4634,WKS-HQ-22,i.golan,2,,,,,
2026-05-27 16:47:50,4634,WKS-HQ-23,s.mor,2,,,,,
2026-05-27 16:53:11,4634,WKS-HQ-26,p.stein,2,,,,,
2026-05-27 16:55:47,4769,SRV-DC-01,n.hazan,,WKS-HQ-15,mssqlsvc_svc,,,MSSQLSvc/srv-posmgt.northgate.local:1433
2026-05-27 16:56:46,4769,SRV-DC-01,t.hadar,,WKS-PAY-12,http_svc,,,HTTP/web-supplier.northgate.local
2026-05-27 17:09:01,4634,WKS-IT-08,h.peretz,2,,,,,
2026-05-27 17:13:21,4634,WKS-PAY-11,s.arbel,2,,,,,
2026-05-27 17:20:13,4634,WKS-HQ-27,c.barak,2,,,,,
2026-05-27 17:25:07,4634,WKS-HQ-18,m.tal,2,,,,,
2026-05-27 17:28:19,4634,WKS-HQ-24,v.harel,2,,,,,
2026-05-27 17:31:16,4634,WKS-HQ-14,r.avni,2,,,,,
2026-05-27 17:32:50,4634,WKS-PAY-02,r.stern,2,,,,,
2026-05-27 17:41:23,4634,WKS-PAY-12,t.hadar,2,,,,,
2026-05-27 17:42:26,4634,WKS-SEC-03,e.katz,2,,,,,
2026-05-27 17:47:13,4634,WKS-IT-29,f.zohar,2,,,,,
2026-05-27 17:57:14,4634,WKS-SEC-10,d.levi,2,,,,,
2026-05-27 17:59:27,4634,WKS-HQ-13,l.beit,2,,,,,
2026-05-27 18:01:52,4634,WKS-HQ-15,n.hazan,2,,,,,
2026-05-27 18:06:35,4634,WKS-HQ-21,b.naim,2,,,,,
2026-05-27 18:18:10,4634,WKS-HQ-28,u.regev,2,,,,,
2026-05-27 18:27:40,4634,WKS-PAY-30,g.ben-ari,2,,,,,
2026-05-27 18:36:08,4634,WKS-HQ-07,o.raviv,2,,,,,
2026-05-27 18:36:51,4634,WKS-HQ-17,a.dahan,2,,,,,
2026-05-27 18:37:06,4634,WKS-IT-01,a.mizrahi,2,,,,,
2026-05-27 18:48:47,4634,WKS-HQ-06,g.shemesh,2,,,,,
2026-05-27 18:52:08,4634,WKS-HQ-04,n.barzilai,2,,,,,
2026-05-27 19:13:43,4634,WKS-IT-09,m.saban,2,,,,,
2026-05-28 06:40:47,4624,WKS-HQ-25,z.amar,2,WKS-HQ-25,,,,
2026-05-28 06:52:57,4624,WKS-HQ-22,i.golan,2,WKS-HQ-22,,,,
2026-05-28 07:07:57,4769,SRV-DC-01,i.golan,,WKS-HQ-22,mssqlsvc_svc,,,MSSQLSvc/srv-posmgt.northgate.local:1433
2026-05-28 07:25:11,4624,WKS-HQ-26,p.stein,2,WKS-HQ-26,,,,
2026-05-28 07:56:45,4624,WKS-HQ-23,s.mor,2,WKS-HQ-23,,,,
2026-05-28 08:03:23,4624,WKS-HQ-24,v.harel,2,WKS-HQ-24,,,,
2026-05-28 08:04:44,4624,WKS-IT-01,a.mizrahi,2,WKS-IT-01,,,,
2026-05-28 08:04:45,4672,WKS-IT-01,a.mizrahi,2,,,,,
2026-05-28 08:05:42,4624,WKS-IT-08,h.peretz,2,WKS-IT-08,,,,
2026-05-28 08:07:23,4624,WKS-PAY-02,r.stern,2,WKS-PAY-02,,,,
2026-05-28 08:15:09,4624,WKS-HQ-21,b.naim,2,WKS-HQ-21,,,,
2026-05-28 08:19:28,4624,WKS-SEC-10,d.levi,2,WKS-SEC-10,,,,
2026-05-28 08:23:56,4624,WKS-HQ-19,y.segev,2,WKS-HQ-19,,,,
2026-05-28 08:24:03,4624,WKS-PAY-30,g.ben-ari,2,WKS-PAY-30,,,,
2026-05-28 08:27:47,4769,SRV-DC-01,z.amar,,WKS-HQ-25,mssqlsvc_svc,,,MSSQLSvc/srv-posmgt.northgate.local:1433
2026-05-28 08:31:23,4769,SRV-DC-01,v.harel,,WKS-HQ-24,http_svc,,,HTTP/web-supplier.northgate.local
2026-05-28 08:32:22,4624,WKS-PAY-12,t.hadar,2,WKS-PAY-12,,,,
2026-05-28 08:36:59,4624,WKS-SEC-03,e.katz,2,WKS-SEC-03,,,,
2026-05-28 08:39:11,4624,WKS-HQ-14,r.avni,2,WKS-HQ-14,,,,
2026-05-28 08:40:44,4624,WKS-IT-29,f.zohar,2,WKS-IT-29,,,,
2026-05-28 08:42:44,4769,SRV-DC-01,f.zohar,,WKS-IT-29,mssqlsvc_svc,,,MSSQLSvc/srv-cardproc.northgate.local:1433
2026-05-28 08:43:27,4624,WKS-HQ-28,u.regev,2,WKS-HQ-28,,,,
2026-05-28 08:46:14,4624,WKS-HQ-20,k.oz,2,WKS-HQ-20,,,,
2026-05-28 08:47:26,4624,WKS-HQ-15,n.hazan,2,WKS-HQ-15,,,,
2026-05-28 08:50:28,4769,SRV-DC-01,d.levi,,WKS-SEC-10,http_svc,,,HTTP/web-supplier.northgate.local
2026-05-28 08:50:30,4624,WKS-HQ-17,a.dahan,2,WKS-HQ-17,,,,
2026-05-28 08:50:42,4769,SRV-DC-01,h.peretz,,WKS-IT-08,mssqlsvc_svc,,,MSSQLSvc/srv-posmgt.northgate.local:1433
2026-05-28 08:50:53,4624,WKS-HQ-16,e.shalom,2,WKS-HQ-16,,,,
2026-05-28 08:53:43,4625,WKS-HQ-05,y.oren,2,WKS-HQ-05,,,,
2026-05-28 08:56:19,4624,WKS-HQ-27,c.barak,2,WKS-HQ-27,,,,
2026-05-28 08:57:16,4624,WKS-HQ-05,y.oren,2,WKS-HQ-05,,,,
2026-05-28 08:58:31,4625,WKS-IT-09,m.saban,2,WKS-IT-09,,,,
2026-05-28 09:00:23,4624,WKS-IT-09,m.saban,2,WKS-IT-09,,,,
2026-05-28 09:00:45,4624,SRV-FILE-HQ,s.mor,3,WKS-HQ-23,,,,
2026-05-28 09:11:11,4624,SRV-FILE-HQ,p.stein,3,WKS-HQ-26,,,,
2026-05-28 09:16:26,4688,WKS-HQ-15,n.hazan,,,,excel.exe,excel.exe /dde,
2026-05-28 09:16:56,4624,WKS-HQ-04,n.barzilai,2,WKS-HQ-04,,,,
2026-05-28 09:18:11,4624,SRV-FILE-HQ,p.stein,3,WKS-HQ-26,,,,
2026-05-28 09:18:13,5140,SRV-FILE-HQ,p.stein,3,WKS-HQ-26,,,,\\SRV-FILE-HQ\Branches
2026-05-28 09:18:28,4688,WKS-SEC-10,d.levi,,,,excel.exe,excel.exe /dde,
2026-05-28 09:21:23,4624,SRV-FILE-HQ,v.harel,3,WKS-HQ-24,,,,
2026-05-28 09:22:07,4624,WKS-HQ-07,o.raviv,2,WKS-HQ-07,,,,
2026-05-28 09:22:59,4624,SRV-DC-01,e.katz,3,WKS-SEC-03,,,,
2026-05-28 09:35:16,4624,WKS-HQ-06,g.shemesh,2,WKS-HQ-06,,,,
2026-05-28 09:42:56,4624,SRV-FILE-HQ,y.segev,3,WKS-HQ-19,,,,
2026-05-28 09:43:16,4624,SRV-FILE-HQ,y.oren,3,WKS-HQ-05,,,,
2026-05-28 09:47:28,4624,SRV-DC-01,d.levi,3,WKS-SEC-10,,,,
2026-05-28 09:54:27,4624,SRV-FILE-HQ,u.regev,3,WKS-HQ-28,,,,
2026-05-28 09:54:29,5140,SRV-FILE-HQ,u.regev,3,WKS-HQ-28,,,,\\SRV-FILE-HQ\Marketing
2026-05-28 10:12:42,4769,SRV-DC-01,h.peretz,,WKS-IT-08,cifs_svc,,,CIFS/srv-file-hq.northgate.local
2026-05-28 10:17:26,4769,SRV-DC-01,n.hazan,,WKS-HQ-15,http_svc,,,HTTP/web-supplier.northgate.local
2026-05-28 10:20:47,4624,SRV-POSMGT,z.amar,3,WKS-HQ-25,,,,
2026-05-28 10:20:49,5140,SRV-POSMGT,z.amar,3,WKS-HQ-25,,,,\\SRV-POSMGT\Branches
2026-05-28 10:23:44,4624,SRV-FILE-HQ,a.mizrahi,3,WKS-IT-01,,,,
2026-05-28 10:33:19,4769,SRV-DC-01,c.barak,,WKS-HQ-27,mssqlsvc_svc,,,MSSQLSvc/srv-cardproc.northgate.local:1433
2026-05-28 10:40:56,4624,SRV-FILE-HQ,n.barzilai,3,WKS-HQ-04,,,,
2026-05-28 10:49:22,4769,SRV-DC-01,t.hadar,,WKS-PAY-12,mssqlsvc_svc,,,MSSQLSvc/srv-cardproc.northgate.local:1433
2026-05-28 10:52:11,4688,WKS-HQ-14,r.avni,,,,chrome.exe,chrome.exe --restore-last-session,
2026-05-28 10:57:16,4769,SRV-DC-01,y.oren,,WKS-HQ-05,mssqlsvc_svc,,,MSSQLSvc/srv-cardproc.northgate.local:1433
2026-05-28 11:01:57,4624,SRV-FILE-HQ,i.golan,3,WKS-HQ-22,,,,
2026-05-28 11:01:59,4624,SRV-DC-01,e.katz,3,WKS-SEC-03,,,,
2026-05-28 11:03:42,4624,SRV-FILE-HQ,h.peretz,3,WKS-IT-08,,,,
2026-05-28 11:03:44,5140,SRV-FILE-HQ,h.peretz,3,WKS-IT-08,,,,\\SRV-FILE-HQ\IT
2026-05-28 11:04:56,4769,SRV-DC-01,n.barzilai,,WKS-HQ-04,mssqlsvc_svc,,,MSSQLSvc/srv-posmgt.northgate.local:1433
2026-05-28 11:06:23,4624,SRV-FILE-HQ,m.saban,3,WKS-IT-09,,,,
2026-05-28 11:08:16,4769,SRV-DC-01,y.oren,,WKS-HQ-05,http_svc,,,HTTP/web-supplier.northgate.local
2026-05-28 11:09:11,4624,SRV-POSMGT,p.stein,3,WKS-HQ-26,,,,
2026-05-28 11:12:19,4624,SRV-FILE-HQ,c.barak,3,WKS-HQ-27,,,,
2026-05-28 11:20:23,4769,SRV-DC-01,m.saban,,WKS-IT-09,mssqlsvc_svc,,,MSSQLSvc/srv-cardproc.northgate.local:1433
2026-05-28 11:29:03,4769,SRV-DC-01,g.ben-ari,,WKS-PAY-30,http_svc,,,HTTP/web-supplier.northgate.local
2026-05-28 11:31:28,4624,SRV-FILE-HQ,d.levi,3,WKS-SEC-10,,,,
2026-05-28 11:31:30,5140,SRV-FILE-HQ,d.levi,3,WKS-SEC-10,,,,\\SRV-FILE-HQ\IT
2026-05-28 11:36:28,4624,SRV-FILE-HQ,d.levi,3,WKS-SEC-10,,,,
2026-05-28 11:43:14,4769,SRV-DC-01,k.oz,,WKS-HQ-20,mssqlsvc_svc,,,MSSQLSvc/srv-posmgt.northgate.local:1433
2026-05-28 11:57:56,4769,SRV-DC-01,n.barzilai,,WKS-HQ-04,mssqlsvc_svc,,,MSSQLSvc/srv-posmgt.northgate.local:1433
2026-05-28 11:59:56,4688,WKS-HQ-04,n.barzilai,,,,chrome.exe,chrome.exe --restore-last-session,
2026-05-28 12:01:42,4624,SRV-DC-01,h.peretz,3,WKS-IT-08,,,,
2026-05-28 12:09:11,4624,SRV-POSMGT,p.stein,3,WKS-HQ-26,,,,
2026-05-28 12:09:13,5140,SRV-POSMGT,p.stein,3,WKS-HQ-26,,,,\\SRV-POSMGT\Branches
2026-05-28 12:11:47,4769,SRV-DC-01,z.amar,,WKS-HQ-25,mssqlsvc_svc,,,MSSQLSvc/srv-cardproc.northgate.local:1433
2026-05-28 12:34:03,4624,SRV-CARDPROC,g.ben-ari,3,WKS-PAY-30,,,,
2026-05-28 12:35:57,4769,SRV-DC-01,i.golan,,WKS-HQ-22,mssqlsvc_svc,,,MSSQLSvc/srv-cardproc.northgate.local:1433
2026-05-28 12:48:47,4624,SRV-FILE-HQ,z.amar,3,WKS-HQ-25,,,,
2026-05-28 12:48:49,5140,SRV-FILE-HQ,z.amar,3,WKS-HQ-25,,,,\\SRV-FILE-HQ\Branches
2026-05-28 12:49:22,4769,SRV-DC-01,t.hadar,,WKS-PAY-12,http_svc,,,HTTP/web-supplier.northgate.local
2026-05-28 12:53:26,4624,SRV-FILE-HQ,n.hazan,3,WKS-HQ-15,,,,
2026-05-28 12:58:22,4624,SRV-CARDPROC,t.hadar,3,WKS-PAY-12,,,,
2026-05-28 13:06:11,4769,SRV-DC-01,p.stein,,WKS-HQ-26,mssqlsvc_svc,,,MSSQLSvc/srv-cardproc.northgate.local:1433
2026-05-28 13:09:11,4769,SRV-DC-01,p.stein,,WKS-HQ-26,http_svc,,,HTTP/web-supplier.northgate.local
2026-05-28 13:12:27,4769,SRV-DC-01,u.regev,,WKS-HQ-28,http_svc,,,HTTP/web-supplier.northgate.local
2026-05-28 13:19:07,4624,SRV-FILE-HQ,o.raviv,3,WKS-HQ-07,,,,
2026-05-28 13:23:11,4624,SRV-FILE-HQ,r.avni,3,WKS-HQ-14,,,,
2026-05-28 13:23:13,5140,SRV-FILE-HQ,r.avni,3,WKS-HQ-14,,,,\\SRV-FILE-HQ\Procurement
2026-05-28 13:26:27,4769,SRV-DC-01,u.regev,,WKS-HQ-28,mssqlsvc_svc,,,MSSQLSvc/srv-cardproc.northgate.local:1433
2026-05-28 13:29:22,4624,SRV-CARDPROC,t.hadar,3,WKS-PAY-12,,,,
2026-05-28 13:42:23,4624,SRV-POSMGT,v.harel,3,WKS-HQ-24,,,,
2026-05-28 13:49:03,4769,SRV-DC-01,g.ben-ari,,WKS-PAY-30,mssqlsvc_svc,,,MSSQLSvc/srv-cardproc.northgate.local:1433
2026-05-28 13:57:23,4624,SRV-POSMGT,v.harel,3,WKS-HQ-24,,,,
2026-05-28 13:58:53,4769,SRV-DC-01,e.shalom,,WKS-HQ-16,http_svc,,,HTTP/web-supplier.northgate.local
2026-05-28 14:00:19,4624,SRV-FILE-HQ,c.barak,3,WKS-HQ-27,,,,
2026-05-28 14:09:45,4769,SRV-DC-01,s.mor,,WKS-HQ-23,mssqlsvc_svc,,,MSSQLSvc/srv-cardproc.northgate.local:1433
2026-05-28 14:19:09,4624,SRV-FILE-HQ,b.naim,3,WKS-HQ-21,,,,
2026-05-28 14:19:11,5140,SRV-FILE-HQ,b.naim,3,WKS-HQ-21,,,,\\SRV-FILE-HQ\Logistics
2026-05-28 14:27:59,4769,SRV-DC-01,e.katz,,WKS-SEC-03,mssqlsvc_svc,,,MSSQLSvc/srv-cardproc.northgate.local:1433
2026-05-28 14:29:59,4624,SRV-DC-01,e.katz,3,WKS-SEC-03,,,,
2026-05-28 14:30:01,5140,SRV-DC-01,e.katz,3,WKS-SEC-03,,,,\\SRV-DC-01\IT
2026-05-28 14:33:42,4624,SRV-DC-01,h.peretz,3,WKS-IT-08,,,,
2026-05-28 14:33:44,5140,SRV-DC-01,h.peretz,3,WKS-IT-08,,,,\\SRV-DC-01\IT
2026-05-28 14:34:27,4624,SRV-FILE-HQ,u.regev,3,WKS-HQ-28,,,,
2026-05-28 14:59:47,4624,SRV-POSMGT,z.amar,3,WKS-HQ-25,,,,
2026-05-28 14:59:49,5140,SRV-POSMGT,z.amar,3,WKS-HQ-25,,,,\\SRV-POSMGT\Branches
2026-05-28 15:00:30,4624,SRV-FILE-HQ,a.dahan,3,WKS-HQ-17,,,,
2026-05-28 15:01:42,4624,SRV-FILE-HQ,h.peretz,3,WKS-IT-08,,,,
2026-05-28 15:07:28,4624,SRV-DC-01,d.levi,3,WKS-SEC-10,,,,
2026-05-28 15:21:23,4769,SRV-DC-01,r.stern,,WKS-PAY-02,mssqlsvc_svc,,,MSSQLSvc/srv-posmgt.northgate.local:1433
2026-05-28 15:27:56,4624,SRV-FILE-HQ,n.barzilai,3,WKS-HQ-04,,,,
2026-05-28 15:27:58,5140,SRV-FILE-HQ,n.barzilai,3,WKS-HQ-04,,,,\\SRV-FILE-HQ\Finance
2026-05-28 15:30:56,4624,SRV-FILE-HQ,n.barzilai,3,WKS-HQ-04,,,,
2026-05-28 15:31:57,4624,SRV-POSMGT,i.golan,3,WKS-HQ-22,,,,
2026-05-28 15:37:23,4769,SRV-DC-01,m.saban,,WKS-IT-09,cifs_svc,,,CIFS/srv-file-hq.northgate.local
2026-05-28 15:43:30,4624,SRV-FILE-HQ,a.dahan,3,WKS-HQ-17,,,,
2026-05-28 15:44:23,4769,SRV-DC-01,m.saban,,WKS-IT-09,mssqlsvc_svc,,,MSSQLSvc/srv-cardproc.northgate.local:1433
2026-05-28 15:50:44,4624,SRV-DC-01,f.zohar,3,WKS-IT-29,,,,
2026-05-28 16:07:11,4624,SRV-FILE-HQ,r.avni,3,WKS-HQ-14,,,,
2026-05-28 16:07:13,5140,SRV-FILE-HQ,r.avni,3,WKS-HQ-14,,,,\\SRV-FILE-HQ\Procurement
2026-05-28 16:07:44,4769,SRV-DC-01,a.mizrahi,,WKS-IT-01,cifs_svc,,,CIFS/srv-file-hq.northgate.local
2026-05-28 16:13:11,4769,SRV-DC-01,r.avni,,WKS-HQ-14,mssqlsvc_svc,,,MSSQLSvc/srv-posmgt.northgate.local:1433
2026-05-28 16:13:40,4634,WKS-HQ-22,i.golan,2,,,,,
2026-05-28 16:14:16,4688,WKS-HQ-06,g.shemesh,,,,excel.exe,excel.exe /dde,
2026-05-28 16:17:07,4624,SRV-FILE-HQ,o.raviv,3,WKS-HQ-07,,,,
2026-05-28 16:17:09,5140,SRV-FILE-HQ,o.raviv,3,WKS-HQ-07,,,,\\SRV-FILE-HQ\Finance
2026-05-28 16:17:23,4624,SRV-CARDPROC,r.stern,3,WKS-PAY-02,,,,
2026-05-28 16:17:33,4634,WKS-IT-01,a.mizrahi,2,,,,,
2026-05-28 16:36:22,4624,SRV-CARDPROC,t.hadar,3,WKS-PAY-12,,,,
2026-05-28 16:49:19,4769,SRV-DC-01,c.barak,,WKS-HQ-27,mssqlsvc_svc,,,MSSQLSvc/srv-posmgt.northgate.local:1433
2026-05-28 16:50:26,4634,WKS-SEC-10,d.levi,2,,,,,
2026-05-28 16:50:35,4634,WKS-HQ-19,y.segev,2,,,,,
2026-05-28 16:54:23,4634,WKS-HQ-23,s.mor,2,,,,,
2026-05-28 16:54:42,4634,WKS-HQ-25,z.amar,2,,,,,
2026-05-28 16:56:44,4624,SRV-DC-01,f.zohar,3,WKS-IT-29,,,,
2026-05-28 17:07:26,4769,SRV-DC-01,n.hazan,,WKS-HQ-15,mssqlsvc_svc,,,MSSQLSvc/srv-posmgt.northgate.local:1433
2026-05-28 17:10:14,4624,SRV-FILE-HQ,k.oz,3,WKS-HQ-20,,,,
2026-05-28 17:15:29,4634,WKS-IT-08,h.peretz,2,,,,,
2026-05-28 17:22:28,4634,WKS-PAY-12,t.hadar,2,,,,,
2026-05-28 17:26:46,4634,WKS-HQ-20,k.oz,2,,,,,
2026-05-28 17:35:16,4634,WKS-IT-09,m.saban,2,,,,,
2026-05-28 17:38:48,4634,WKS-HQ-28,u.regev,2,,,,,
2026-05-28 17:47:28,4634,WKS-HQ-26,p.stein,2,,,,,
2026-05-28 17:56:58,4634,WKS-HQ-21,b.naim,2,,,,,
2026-05-28 17:58:31,4634,WKS-PAY-02,r.stern,2,,,,,
2026-05-28 18:05:48,4634,WKS-HQ-05,y.oren,2,,,,,
2026-05-28 18:09:48,4634,WKS-HQ-04,n.barzilai,2,,,,,
2026-05-28 18:25:28,4634,WKS-HQ-24,v.harel,2,,,,,
2026-05-28 18:31:02,4634,WKS-HQ-14,r.avni,2,,,,,
2026-05-28 18:34:05,4634,WKS-HQ-15,n.hazan,2,,,,,
2026-05-28 18:37:46,4634,WKS-PAY-30,g.ben-ari,2,,,,,
2026-05-28 18:39:45,4634,WKS-SEC-03,e.katz,2,,,,,
2026-05-28 18:46:31,4634,WKS-HQ-06,g.shemesh,2,,,,,
2026-05-28 18:49:30,4634,WKS-IT-29,f.zohar,2,,,,,
2026-05-28 18:56:41,4634,WKS-HQ-07,o.raviv,2,,,,,
2026-05-28 19:03:08,4634,WKS-HQ-17,a.dahan,2,,,,,
2026-05-28 19:06:29,4634,WKS-HQ-16,e.shalom,2,,,,,
2026-05-28 19:19:13,4634,WKS-HQ-27,c.barak,2,,,,,
2026-05-29 06:40:16,4624,WKS-HQ-25,z.amar,2,WKS-HQ-25,,,,
2026-05-29 06:48:16,4624,SRV-FILE-HQ,z.amar,3,WKS-HQ-25,,,,
2026-05-29 08:32:16,4624,WKS-HQ-20,k.oz,2,WKS-HQ-20,,,,
2026-05-29 08:39:16,4769,SRV-DC-01,z.amar,,WKS-HQ-25,mssqlsvc_svc,,,MSSQLSvc/srv-posmgt.northgate.local:1433
2026-05-29 09:11:16,4624,SRV-FILE-HQ,k.oz,3,WKS-HQ-20,,,,
2026-05-29 16:03:15,4634,WKS-HQ-25,z.amar,2,,,,,
2026-05-29 16:44:16,4624,SRV-FILE-HQ,k.oz,3,WKS-HQ-20,,,,
2026-05-29 16:44:18,5140,SRV-FILE-HQ,k.oz,3,WKS-HQ-20,,,,\\SRV-FILE-HQ\Logistics
2026-05-29 17:38:58,4634,WKS-HQ-20,k.oz,2,,,,,
2026-05-30 08:18:26,4624,WKS-HQ-23,s.mor,2,WKS-HQ-23,,,,
2026-05-30 08:27:26,4769,SRV-DC-01,s.mor,,WKS-HQ-23,mssqlsvc_svc,,,MSSQLSvc/srv-posmgt.northgate.local:1433
2026-05-30 17:37:30,4634,WKS-HQ-23,s.mor,2,,,,,
2026-05-31 06:43:16,4624,WKS-HQ-25,z.amar,2,WKS-HQ-25,,,,
2026-05-31 07:44:06,4624,WKS-HQ-22,i.golan,2,WKS-HQ-22,,,,
2026-05-31 07:44:58,4624,WKS-HQ-23,s.mor,2,WKS-HQ-23,,,,
2026-05-31 07:50:18,4624,WKS-HQ-26,p.stein,2,WKS-HQ-26,,,,
2026-05-31 07:52:43,4624,WKS-HQ-19,y.segev,2,WKS-HQ-19,,,,
2026-05-31 07:57:08,4624,WKS-HQ-24,v.harel,2,WKS-HQ-24,,,,
2026-05-31 08:03:43,4624,WKS-HQ-20,k.oz,2,WKS-HQ-20,,,,
2026-05-31 08:07:06,4624,WKS-SEC-03,e.katz,2,WKS-SEC-03,,,,
2026-05-31 08:07:54,4624,WKS-IT-01,a.mizrahi,2,WKS-IT-01,,,,
2026-05-31 08:07:55,4672,WKS-IT-01,a.mizrahi,2,,,,,
2026-05-31 08:10:15,4624,WKS-PAY-11,s.arbel,2,WKS-PAY-11,,,,
2026-05-31 08:16:01,4624,WKS-PAY-02,r.stern,2,WKS-PAY-02,,,,
2026-05-31 08:16:08,4688,WKS-HQ-24,v.harel,,,,excel.exe,excel.exe /dde,
2026-05-31 08:19:54,4624,SRV-FILE-HQ,a.mizrahi,3,WKS-IT-01,,,,
2026-05-31 08:19:58,4624,WKS-HQ-05,y.oren,2,WKS-HQ-05,,,,
2026-05-31 08:22:17,4624,WKS-HQ-28,u.regev,2,WKS-HQ-28,,,,
2026-05-31 08:25:02,4624,WKS-PAY-30,g.ben-ari,2,WKS-PAY-30,,,,
2026-05-31 08:26:13,4624,WKS-SEC-10,d.levi,2,WKS-SEC-10,,,,
2026-05-31 08:34:05,4624,WKS-IT-29,f.zohar,2,WKS-IT-29,,,,
2026-05-31 08:37:08,4769,SRV-DC-01,v.harel,,WKS-HQ-24,http_svc,,,HTTP/web-supplier.northgate.local
2026-05-31 08:37:58,4624,WKS-IT-08,h.peretz,2,WKS-IT-08,,,,
2026-05-31 08:41:05,4624,WKS-HQ-21,b.naim,2,WKS-HQ-21,,,,
2026-05-31 08:41:33,4624,WKS-HQ-17,a.dahan,2,WKS-HQ-17,,,,
2026-05-31 08:41:44,4624,WKS-HQ-13,l.beit,2,WKS-HQ-13,,,,
2026-05-31 08:43:05,4769,SRV-DC-01,b.naim,,WKS-HQ-21,mssqlsvc_svc,,,MSSQLSvc/srv-cardproc.northgate.local:1433
2026-05-31 08:48:29,4624,WKS-HQ-15,n.hazan,2,WKS-HQ-15,,,,
2026-05-31 08:50:55,4624,WKS-HQ-07,o.raviv,2,WKS-HQ-07,,,,
2026-05-31 08:55:01,4769,SRV-DC-01,r.stern,,WKS-PAY-02,mssqlsvc_svc,,,MSSQLSvc/srv-posmgt.northgate.local:1433
2026-05-31 08:56:11,4624,WKS-PAY-12,t.hadar,2,WKS-PAY-12,,,,
2026-05-31 08:59:01,4624,SRV-CARDPROC,r.stern,3,WKS-PAY-02,,,,
2026-05-31 08:59:03,5140,SRV-CARDPROC,r.stern,3,WKS-PAY-02,,,,\\SRV-CARDPROC\Payments
2026-05-31 08:59:52,4624,WKS-HQ-14,r.avni,2,WKS-HQ-14,,,,
2026-05-31 09:01:13,4624,SRV-FILE-HQ,d.levi,3,WKS-SEC-10,,,,
2026-05-31 09:01:15,5140,SRV-FILE-HQ,d.levi,3,WKS-SEC-10,,,,\\SRV-FILE-HQ\IT
2026-05-31 09:03:46,4624,WKS-HQ-18,m.tal,2,WKS-HQ-18,,,,
2026-05-31 09:04:43,4624,SRV-FILE-HQ,y.segev,3,WKS-HQ-19,,,,
2026-05-31 09:06:02,4624,SRV-CARDPROC,g.ben-ari,3,WKS-PAY-30,,,,
2026-05-31 09:10:19,4624,WKS-IT-09,m.saban,2,WKS-IT-09,,,,
2026-05-31 09:13:44,4624,SRV-FILE-HQ,l.beit,3,WKS-HQ-13,,,,
2026-05-31 09:19:35,4624,WKS-HQ-04,n.barzilai,2,WKS-HQ-04,,,,
2026-05-31 09:20:44,4769,SRV-DC-01,l.beit,,WKS-HQ-13,mssqlsvc_svc,,,MSSQLSvc/srv-cardproc.northgate.local:1433
2026-05-31 09:26:58,4769,SRV-DC-01,y.oren,,WKS-HQ-05,cifs_svc,,,CIFS/srv-file-hq.northgate.local
2026-05-31 09:34:28,4624,WKS-HQ-06,g.shemesh,2,WKS-HQ-06,,,,
2026-05-31 09:36:28,4769,SRV-DC-01,g.shemesh,,WKS-HQ-06,mssqlsvc_svc,,,MSSQLSvc/srv-cardproc.northgate.local:1433
2026-05-31 09:45:11,4624,SRV-FILE-HQ,t.hadar,3,WKS-PAY-12,,,,
2026-05-31 09:45:13,5140,SRV-FILE-HQ,t.hadar,3,WKS-PAY-12,,,,\\SRV-FILE-HQ\Payments
2026-05-31 09:47:13,4624,SRV-DC-01,d.levi,3,WKS-SEC-10,,,,
2026-05-31 09:52:18,4769,SRV-DC-01,p.stein,,WKS-HQ-26,mssqlsvc_svc,,,MSSQLSvc/srv-cardproc.northgate.local:1433
2026-05-31 10:01:19,4624,SRV-DC-01,m.saban,3,WKS-IT-09,,,,
2026-05-31 10:03:17,4624,SRV-FILE-HQ,u.regev,3,WKS-HQ-28,,,,
2026-05-31 10:05:01,4769,SRV-DC-01,r.stern,,WKS-PAY-02,http_svc,,,HTTP/web-supplier.northgate.local
2026-05-31 10:05:19,4769,SRV-DC-01,m.saban,,WKS-IT-09,cifs_svc,,,CIFS/srv-file-hq.northgate.local
2026-05-31 10:08:06,4624,SRV-POSMGT,i.golan,3,WKS-HQ-22,,,,
2026-05-31 10:08:08,5140,SRV-POSMGT,i.golan,3,WKS-HQ-22,,,,\\SRV-POSMGT\Branches
2026-05-31 10:12:29,4624,SRV-FILE-HQ,n.hazan,3,WKS-HQ-15,,,,
2026-05-31 10:16:28,4624,SRV-FILE-HQ,g.shemesh,3,WKS-HQ-06,,,,
2026-05-31 10:16:58,4624,SRV-FILE-HQ,y.oren,3,WKS-HQ-05,,,,
2026-05-31 10:17:06,4624,SRV-DC-01,e.katz,3,WKS-SEC-03,,,,
2026-05-31 10:18:05,4769,SRV-DC-01,f.zohar,,WKS-IT-29,mssqlsvc_svc,,,MSSQLSvc/srv-posmgt.northgate.local:1433
2026-05-31 10:25:18,4624,SRV-FILE-HQ,p.stein,3,WKS-HQ-26,,,,
2026-05-31 10:30:28,4688,WKS-HQ-06,g.shemesh,,,,teams.exe,teams.exe --system-initiated,
2026-05-31 10:34:06,4624,SRV-DC-01,e.katz,3,WKS-SEC-03,,,,
2026-05-31 10:42:13,4769,SRV-DC-01,d.levi,,WKS-SEC-10,mssqlsvc_svc,,,MSSQLSvc/srv-cardproc.northgate.local:1433
2026-05-31 10:46:58,4624,SRV-POSMGT,s.mor,3,WKS-HQ-23,,,,
2026-05-31 10:47:33,4624,SRV-FILE-HQ,a.dahan,3,WKS-HQ-17,,,,
2026-05-31 10:57:29,4769,SRV-DC-01,n.hazan,,WKS-HQ-15,cifs_svc,,,CIFS/srv-file-hq.northgate.local
2026-05-31 10:57:33,4624,SRV-FILE-HQ,a.dahan,3,WKS-HQ-17,,,,
2026-05-31 11:04:05,4688,WKS-IT-29,f.zohar,,,,teams.exe,teams.exe --system-initiated,
2026-05-31 11:04:55,4624,SRV-FILE-HQ,o.raviv,3,WKS-HQ-07,,,,
2026-05-31 11:04:57,5140,SRV-FILE-HQ,o.raviv,3,WKS-HQ-07,,,,\\SRV-FILE-HQ\Finance
2026-05-31 11:05:06,4769,SRV-DC-01,e.katz,,WKS-SEC-03,cifs_svc,,,CIFS/srv-file-hq.northgate.local
2026-05-31 11:25:18,4624,SRV-FILE-HQ,p.stein,3,WKS-HQ-26,,,,
2026-05-31 11:30:58,4769,SRV-DC-01,h.peretz,,WKS-IT-08,http_svc,,,HTTP/web-supplier.northgate.local
2026-05-31 11:33:05,4688,WKS-HQ-21,b.naim,,,,excel.exe,excel.exe /dde,
2026-05-31 11:36:58,4624,SRV-FILE-HQ,y.oren,3,WKS-HQ-05,,,,
2026-05-31 11:39:43,4624,SRV-FILE-HQ,y.segev,3,WKS-HQ-19,,,,
2026-05-31 11:41:15,4688,WKS-PAY-11,s.arbel,,,,chrome.exe,chrome.exe --restore-last-session,
2026-05-31 11:50:08,4769,SRV-DC-01,v.harel,,WKS-HQ-24,mssqlsvc_svc,,,MSSQLSvc/srv-posmgt.northgate.local:1433
2026-05-31 11:53:29,4624,SRV-FILE-HQ,n.hazan,3,WKS-HQ-15,,,,
2026-05-31 12:06:35,4624,SRV-FILE-HQ,n.barzilai,3,WKS-HQ-04,,,,
2026-05-31 12:12:58,4769,SRV-DC-01,y.oren,,WKS-HQ-05,cifs_svc,,,CIFS/srv-file-hq.northgate.local
2026-05-31 12:13:15,4769,SRV-DC-01,s.arbel,,WKS-PAY-11,mssqlsvc_svc,,,MSSQLSvc/srv-cardproc.northgate.local:1433
2026-05-31 12:13:19,4769,SRV-DC-01,m.saban,,WKS-IT-09,cifs_svc,,,CIFS/srv-file-hq.northgate.local
2026-05-31 12:18:08,4769,SRV-DC-01,v.harel,,WKS-HQ-24,mssqlsvc_svc,,,MSSQLSvc/srv-posmgt.northgate.local:1433
2026-05-31 12:20:52,4624,SRV-FILE-HQ,r.avni,3,WKS-HQ-14,,,,
2026-05-31 12:28:13,4624,SRV-FILE-HQ,d.levi,3,WKS-SEC-10,,,,
2026-05-31 12:29:58,4624,SRV-FILE-HQ,h.peretz,3,WKS-IT-08,,,,
2026-05-31 12:30:00,5140,SRV-FILE-HQ,h.peretz,3,WKS-IT-08,,,,\\SRV-FILE-HQ\IT
2026-05-31 12:33:44,4624,SRV-FILE-HQ,l.beit,3,WKS-HQ-13,,,,
2026-05-31 12:38:11,4624,SRV-CARDPROC,t.hadar,3,WKS-PAY-12,,,,
2026-05-31 12:40:55,4769,SRV-DC-01,o.raviv,,WKS-HQ-07,http_svc,,,HTTP/web-supplier.northgate.local
2026-05-31 12:45:54,4624,SRV-FILE-HQ,a.mizrahi,3,WKS-IT-01,,,,
2026-05-31 12:48:01,4769,SRV-DC-01,r.stern,,WKS-PAY-02,http_svc,,,HTTP/web-supplier.northgate.local
2026-05-31 12:55:55,4624,SRV-FILE-HQ,o.raviv,3,WKS-HQ-07,,,,
2026-05-31 12:58:17,4769,SRV-DC-01,u.regev,,WKS-HQ-28,http_svc,,,HTTP/web-supplier.northgate.local
2026-05-31 12:58:58,4769,SRV-DC-01,h.peretz,,WKS-IT-08,http_svc,,,HTTP/web-supplier.northgate.local
2026-05-31 12:59:52,4624,SRV-FILE-HQ,r.avni,3,WKS-HQ-14,,,,
2026-05-31 13:00:46,4769,SRV-DC-01,m.tal,,WKS-HQ-18,http_svc,,,HTTP/web-supplier.northgate.local
2026-05-31 13:01:06,4769,SRV-DC-01,e.katz,,WKS-SEC-03,http_svc,,,HTTP/web-supplier.northgate.local
2026-05-31 13:04:08,4769,SRV-DC-01,v.harel,,WKS-HQ-24,mssqlsvc_svc,,,MSSQLSvc/srv-posmgt.northgate.local:1433
2026-05-31 13:07:35,4624,SRV-FILE-HQ,n.barzilai,3,WKS-HQ-04,,,,
2026-05-31 13:15:44,4769,SRV-DC-01,l.beit,,WKS-HQ-13,mssqlsvc_svc,,,MSSQLSvc/srv-cardproc.northgate.local:1433
2026-05-31 13:30:15,4624,SRV-FILE-HQ,s.arbel,3,WKS-PAY-11,,,,
2026-05-31 13:30:16,4624,SRV-POSMGT,z.amar,3,WKS-HQ-25,,,,
2026-05-31 13:32:33,4688,WKS-HQ-17,a.dahan,,,,excel.exe,excel.exe /dde,
2026-05-31 13:40:35,4624,SRV-FILE-HQ,n.barzilai,3,WKS-HQ-04,,,,
2026-05-31 13:50:52,4769,SRV-DC-01,r.avni,,WKS-HQ-14,mssqlsvc_svc,,,MSSQLSvc/srv-cardproc.northgate.local:1433
2026-05-31 14:03:08,4624,SRV-POSMGT,v.harel,3,WKS-HQ-24,,,,
2026-05-31 14:19:16,4624,SRV-FILE-HQ,z.amar,3,WKS-HQ-25,,,,
2026-05-31 14:36:43,4769,SRV-DC-01,y.segev,,WKS-HQ-19,mssqlsvc_svc,,,MSSQLSvc/srv-cardproc.northgate.local:1433
2026-05-31 14:37:17,4624,SRV-FILE-HQ,u.regev,3,WKS-HQ-28,,,,
2026-05-31 14:37:19,5140,SRV-FILE-HQ,u.regev,3,WKS-HQ-28,,,,\\SRV-FILE-HQ\Marketing
2026-05-31 14:37:58,4624,SRV-DC-01,h.peretz,3,WKS-IT-08,,,,
2026-05-31 14:38:00,5140,SRV-DC-01,h.peretz,3,WKS-IT-08,,,,\\SRV-DC-01\IT
2026-05-31 14:39:06,4769,SRV-DC-01,i.golan,,WKS-HQ-22,cifs_svc,,,CIFS/srv-file-hq.northgate.local
2026-05-31 14:45:19,4624,SRV-FILE-HQ,m.saban,3,WKS-IT-09,,,,
2026-05-31 14:45:21,5140,SRV-FILE-HQ,m.saban,3,WKS-IT-09,,,,\\SRV-FILE-HQ\IT
2026-05-31 14:50:19,4769,SRV-DC-01,m.saban,,WKS-IT-09,mssqlsvc_svc,,,MSSQLSvc/srv-posmgt.northgate.local:1433
2026-05-31 14:51:11,4769,SRV-DC-01,t.hadar,,WKS-PAY-12,cifs_svc,,,CIFS/srv-file-hq.northgate.local
2026-05-31 15:00:17,4769,SRV-DC-01,u.regev,,WKS-HQ-28,mssqlsvc_svc,,,MSSQLSvc/srv-posmgt.northgate.local:1433
2026-05-31 15:01:11,4688,WKS-PAY-12,t.hadar,,,,chrome.exe,chrome.exe --restore-last-session,
2026-05-31 15:01:43,4769,SRV-DC-01,k.oz,,WKS-HQ-20,mssqlsvc_svc,,,MSSQLSvc/srv-posmgt.northgate.local:1433
2026-05-31 15:05:58,4624,SRV-FILE-HQ,h.peretz,3,WKS-IT-08,,,,
2026-05-31 15:06:00,5140,SRV-FILE-HQ,h.peretz,3,WKS-IT-08,,,,\\SRV-FILE-HQ\IT
2026-05-31 15:17:13,4624,SRV-FILE-HQ,d.levi,3,WKS-SEC-10,,,,
2026-05-31 15:17:15,5140,SRV-FILE-HQ,d.levi,3,WKS-SEC-10,,,,\\SRV-FILE-HQ\IT
2026-05-31 15:25:44,4769,SRV-DC-01,l.beit,,WKS-HQ-13,mssqlsvc_svc,,,MSSQLSvc/srv-posmgt.northgate.local:1433
2026-05-31 15:30:06,4769,SRV-DC-01,i.golan,,WKS-HQ-22,mssqlsvc_svc,,,MSSQLSvc/srv-posmgt.northgate.local:1433
2026-05-31 15:31:13,4634,WKS-HQ-25,z.amar,2,,,,,
2026-05-31 15:34:13,4624,SRV-FILE-HQ,d.levi,3,WKS-SEC-10,,,,
2026-05-31 15:39:35,4769,SRV-DC-01,n.barzilai,,WKS-HQ-04,mssqlsvc_svc,,,MSSQLSvc/srv-cardproc.northgate.local:1433
2026-05-31 15:51:54,4624,SRV-FILE-HQ,a.mizrahi,3,WKS-IT-01,,,,
2026-05-31 16:02:05,4769,SRV-DC-01,b.naim,,WKS-HQ-21,cifs_svc,,,CIFS/srv-file-hq.northgate.local
2026-05-31 16:04:18,4624,SRV-FILE-HQ,p.stein,3,WKS-HQ-26,,,,
2026-05-31 16:04:20,5140,SRV-FILE-HQ,p.stein,3,WKS-HQ-26,,,,\\SRV-FILE-HQ\Branches
2026-05-31 16:10:35,4769,SRV-DC-01,n.barzilai,,WKS-HQ-04,mssqlsvc_svc,,,MSSQLSvc/srv-posmgt.northgate.local:1433
2026-05-31 16:11:04,4634,WKS-HQ-20,k.oz,2,,,,,
2026-05-31 16:11:05,4624,SRV-FILE-HQ,b.naim,3,WKS-HQ-21,,,,
2026-05-31 16:11:06,4769,SRV-DC-01,e.katz,,WKS-SEC-03,mssqlsvc_svc,,,MSSQLSvc/srv-posmgt.northgate.local:1433
2026-05-31 16:13:06,4624,SRV-POSMGT,i.golan,3,WKS-HQ-22,,,,
2026-05-31 16:13:17,4624,SRV-FILE-HQ,u.regev,3,WKS-HQ-28,,,,
2026-05-31 16:23:16,4634,WKS-HQ-22,i.golan,2,,,,,
2026-05-31 16:28:17,4634,WKS-HQ-28,u.regev,2,,,,,
2026-05-31 16:34:29,4769,SRV-DC-01,n.hazan,,WKS-HQ-15,http_svc,,,HTTP/web-supplier.northgate.local
2026-05-31 16:44:19,4634,WKS-HQ-19,y.segev,2,,,,,
2026-05-31 16:45:55,4634,WKS-IT-29,f.zohar,2,,,,,
2026-05-31 16:46:11,4624,SRV-CARDPROC,t.hadar,3,WKS-PAY-12,,,,
2026-05-31 16:49:02,4634,WKS-SEC-10,d.levi,2,,,,,
2026-05-31 16:50:16,4634,WKS-IT-08,h.peretz,2,,,,,
2026-05-31 16:59:44,4769,SRV-DC-01,l.beit,,WKS-HQ-13,cifs_svc,,,CIFS/srv-file-hq.northgate.local
2026-05-31 17:01:19,4624,SRV-FILE-HQ,m.saban,3,WKS-IT-09,,,,
2026-05-31 17:01:21,5140,SRV-FILE-HQ,m.saban,3,WKS-IT-09,,,,\\SRV-FILE-HQ\IT
2026-05-31 17:02:15,4634,WKS-HQ-23,s.mor,2,,,,,
2026-05-31 17:04:26,4634,WKS-PAY-30,g.ben-ari,2,,,,,
2026-05-31 17:07:46,4769,SRV-DC-01,m.tal,,WKS-HQ-18,mssqlsvc_svc,,,MSSQLSvc/srv-posmgt.northgate.local:1433
2026-05-31 17:10:05,4624,SRV-FILE-HQ,b.naim,3,WKS-HQ-21,,,,
2026-05-31 17:10:07,5140,SRV-FILE-HQ,b.naim,3,WKS-HQ-21,,,,\\SRV-FILE-HQ\Logistics
2026-05-31 17:16:22,4634,WKS-HQ-07,o.raviv,2,,,,,
2026-05-31 17:26:03,4634,WKS-HQ-26,p.stein,2,,,,,
2026-05-31 17:29:11,4624,SRV-CARDPROC,t.hadar,3,WKS-PAY-12,,,,
2026-05-31 17:38:51,4634,WKS-PAY-11,s.arbel,2,,,,,
2026-05-31 17:38:57,4634,WKS-HQ-17,a.dahan,2,,,,,
2026-05-31 17:45:24,4634,WKS-HQ-06,g.shemesh,2,,,,,
2026-05-31 17:45:38,4634,WKS-IT-01,a.mizrahi,2,,,,,
2026-05-31 17:56:39,4634,WKS-IT-09,m.saban,2,,,,,
2026-05-31 17:58:46,4634,WKS-PAY-02,r.stern,2,,,,,
2026-05-31 17:59:41,4634,WKS-HQ-24,v.harel,2,,,,,
2026-05-31 18:04:08,4634,WKS-PAY-12,t.hadar,2,,,,,
2026-05-31 18:05:37,4634,WKS-HQ-21,b.naim,2,,,,,
2026-05-31 18:08:08,4634,WKS-HQ-05,y.oren,2,,,,,
2026-05-31 18:08:53,4634,WKS-SEC-03,e.katz,2,,,,,
2026-05-31 18:09:07,4634,WKS-HQ-14,r.avni,2,,,,,
2026-05-31 18:22:39,4634,WKS-HQ-13,l.beit,2,,,,,
2026-05-31 18:54:08,4634,WKS-HQ-15,n.hazan,2,,,,,
2026-05-31 18:56:49,4634,WKS-HQ-18,m.tal,2,,,,,
2026-05-31 19:00:52,4634,WKS-HQ-04,n.barzilai,2,,,,,
2026-06-01 07:06:47,4624,WKS-HQ-25,z.amar,2,WKS-HQ-25,,,,
2026-06-01 07:36:46,4624,WKS-HQ-22,i.golan,2,WKS-HQ-22,,,,
2026-06-01 07:44:37,4624,WKS-HQ-26,p.stein,2,WKS-HQ-26,,,,
2026-06-01 08:01:46,4625,WKS-IT-29,f.zohar,2,WKS-IT-29,,,,
2026-06-01 08:04:14,4624,WKS-IT-29,f.zohar,2,WKS-IT-29,,,,
2026-06-01 08:06:44,4624,WKS-HQ-14,r.avni,2,WKS-HQ-14,,,,
2026-06-01 08:07:29,4624,WKS-HQ-24,v.harel,2,WKS-HQ-24,,,,
2026-06-01 08:10:55,4624,WKS-PAY-02,r.stern,2,WKS-PAY-02,,,,
2026-06-01 08:11:49,4624,WKS-PAY-30,g.ben-ari,2,WKS-PAY-30,,,,
2026-06-01 08:13:19,4624,WKS-SEC-03,e.katz,2,WKS-SEC-03,,,,
2026-06-01 08:15:04,4624,WKS-PAY-11,s.arbel,2,WKS-PAY-11,,,,
2026-06-01 08:24:21,4624,WKS-IT-08,h.peretz,2,WKS-IT-08,,,,
2026-06-01 08:24:59,4624,WKS-IT-01,a.mizrahi,2,WKS-IT-01,,,,
2026-06-01 08:25:00,4672,WKS-IT-01,a.mizrahi,2,,,,,
2026-06-01 08:25:09,4624,WKS-HQ-05,y.oren,2,WKS-HQ-05,,,,
2026-06-01 08:27:29,4624,WKS-HQ-20,k.oz,2,WKS-HQ-20,,,,
2026-06-01 08:29:25,4624,WKS-HQ-21,b.naim,2,WKS-HQ-21,,,,
2026-06-01 08:31:48,4624,WKS-HQ-19,y.segev,2,WKS-HQ-19,,,,
2026-06-01 08:33:17,4624,WKS-SEC-10,d.levi,2,WKS-SEC-10,,,,
2026-06-01 08:35:18,4624,WKS-HQ-16,e.shalom,2,WKS-HQ-16,,,,
2026-06-01 08:35:28,4624,WKS-IT-09,m.saban,2,WKS-IT-09,,,,
2026-06-01 08:36:04,4624,SRV-CARDPROC,s.arbel,3,WKS-PAY-11,,,,
2026-06-01 08:37:04,4624,SRV-FILE-HQ,s.arbel,3,WKS-PAY-11,,,,
2026-06-01 08:37:06,5140,SRV-FILE-HQ,s.arbel,3,WKS-PAY-11,,,,\\SRV-FILE-HQ\Payments
2026-06-01 08:38:40,4624,WKS-HQ-18,m.tal,2,WKS-HQ-18,,,,
2026-06-01 08:40:32,4624,WKS-HQ-28,u.regev,2,WKS-HQ-28,,,,
2026-06-01 08:41:48,4688,WKS-HQ-19,y.segev,,,,teams.exe,teams.exe --system-initiated,
2026-06-01 08:46:55,4624,SRV-FILE-HQ,r.stern,3,WKS-PAY-02,,,,
2026-06-01 08:46:57,5140,SRV-FILE-HQ,r.stern,3,WKS-PAY-02,,,,\\SRV-FILE-HQ\Payments
2026-06-01 08:49:14,4624,WKS-HQ-13,l.beit,2,WKS-HQ-13,,,,
2026-06-01 08:54:11,4624,WKS-HQ-04,n.barzilai,2,WKS-HQ-04,,,,
2026-06-01 08:58:19,4624,SRV-FILE-HQ,e.katz,3,WKS-SEC-03,,,,
2026-06-01 09:00:16,4624,WKS-PAY-12,t.hadar,2,WKS-PAY-12,,,,
2026-06-01 09:01:21,4624,WKS-HQ-07,o.raviv,2,WKS-HQ-07,,,,
2026-06-01 09:01:25,4624,SRV-FILE-HQ,b.naim,3,WKS-HQ-21,,,,
2026-06-01 09:01:27,5140,SRV-FILE-HQ,b.naim,3,WKS-HQ-21,,,,\\SRV-FILE-HQ\Logistics
2026-06-01 09:02:29,4769,SRV-DC-01,v.harel,,WKS-HQ-24,mssqlsvc_svc,,,MSSQLSvc/srv-posmgt.northgate.local:1433
2026-06-01 09:03:00,4624,WKS-HQ-27,c.barak,2,WKS-HQ-27,,,,
2026-06-01 09:03:37,4624,SRV-POSMGT,p.stein,3,WKS-HQ-26,,,,
2026-06-01 09:03:39,5140,SRV-POSMGT,p.stein,3,WKS-HQ-26,,,,\\SRV-POSMGT\Branches
2026-06-01 09:06:47,4624,SRV-POSMGT,z.amar,3,WKS-HQ-25,,,,
2026-06-01 09:10:04,4624,WKS-HQ-15,n.hazan,2,WKS-HQ-15,,,,
2026-06-01 09:10:48,4769,SRV-DC-01,y.segev,,WKS-HQ-19,cifs_svc,,,CIFS/srv-file-hq.northgate.local
2026-06-01 09:11:11,4624,SRV-FILE-HQ,n.barzilai,3,WKS-HQ-04,,,,
2026-06-01 09:11:13,5140,SRV-FILE-HQ,n.barzilai,3,WKS-HQ-04,,,,\\SRV-FILE-HQ\Finance
2026-06-01 09:16:07,4624,WKS-HQ-17,a.dahan,2,WKS-HQ-17,,,,
2026-06-01 09:28:21,4769,SRV-DC-01,o.raviv,,WKS-HQ-07,mssqlsvc_svc,,,MSSQLSvc/srv-posmgt.northgate.local:1433
2026-06-01 09:33:24,4624,WKS-HQ-06,g.shemesh,2,WKS-HQ-06,,,,
2026-06-01 09:37:25,4624,SRV-FILE-HQ,b.naim,3,WKS-HQ-21,,,,
2026-06-01 09:37:27,5140,SRV-FILE-HQ,b.naim,3,WKS-HQ-21,,,,\\SRV-FILE-HQ\Logistics
2026-06-01 09:39:29,4624,SRV-FILE-HQ,k.oz,3,WKS-HQ-20,,,,
2026-06-01 09:40:59,4624,SRV-FILE-HQ,a.mizrahi,3,WKS-IT-01,,,,
2026-06-01 09:42:32,4769,SRV-DC-01,u.regev,,WKS-HQ-28,mssqlsvc_svc,,,MSSQLSvc/srv-posmgt.northgate.local:1433
2026-06-01 09:45:49,4769,SRV-DC-01,g.ben-ari,,WKS-PAY-30,mssqlsvc_svc,,,MSSQLSvc/srv-cardproc.northgate.local:1433
2026-06-01 09:47:55,4688,WKS-PAY-02,r.stern,,,,outlook.exe,outlook.exe /recycle,
2026-06-01 10:34:48,4624,SRV-FILE-HQ,y.segev,3,WKS-HQ-19,,,,
2026-06-01 10:35:32,4624,SRV-FILE-HQ,u.regev,3,WKS-HQ-28,,,,
2026-06-01 10:39:21,4624,SRV-FILE-HQ,o.raviv,3,WKS-HQ-07,,,,
2026-06-01 10:39:23,5140,SRV-FILE-HQ,o.raviv,3,WKS-HQ-07,,,,\\SRV-FILE-HQ\Finance
2026-06-01 10:51:07,4769,SRV-DC-01,a.dahan,,WKS-HQ-17,mssqlsvc_svc,,,MSSQLSvc/srv-cardproc.northgate.local:1433
2026-06-01 10:54:40,4769,SRV-DC-01,m.tal,,WKS-HQ-18,mssqlsvc_svc,,,MSSQLSvc/srv-posmgt.northgate.local:1433
2026-06-01 10:55:47,4769,SRV-DC-01,z.amar,,WKS-HQ-25,mssqlsvc_svc,,,MSSQLSvc/srv-posmgt.northgate.local:1433
2026-06-01 10:55:55,4769,SRV-DC-01,r.stern,,WKS-PAY-02,mssqlsvc_svc,,,MSSQLSvc/srv-posmgt.northgate.local:1433
2026-06-01 10:57:17,4624,SRV-DC-01,d.levi,3,WKS-SEC-10,,,,
2026-06-01 10:59:00,4624,SRV-FILE-HQ,c.barak,3,WKS-HQ-27,,,,
2026-06-01 10:59:04,4769,SRV-DC-01,s.arbel,,WKS-PAY-11,cifs_svc,,,CIFS/srv-file-hq.northgate.local
2026-06-01 11:03:24,4769,SRV-DC-01,g.shemesh,,WKS-HQ-06,mssqlsvc_svc,,,MSSQLSvc/srv-cardproc.northgate.local:1433
2026-06-01 11:05:44,4624,SRV-FILE-HQ,r.avni,3,WKS-HQ-14,,,,
2026-06-01 11:05:46,5140,SRV-FILE-HQ,r.avni,3,WKS-HQ-14,,,,\\SRV-FILE-HQ\Vendors
2026-06-01 11:08:44,4624,SRV-FILE-HQ,r.avni,3,WKS-HQ-14,,,,
2026-06-01 11:16:55,4624,SRV-CARDPROC,r.stern,3,WKS-PAY-02,,,,
2026-06-01 11:19:28,4624,SRV-FILE-HQ,m.saban,3,WKS-IT-09,,,,
2026-06-01 11:20:25,4769,SRV-DC-01,b.naim,,WKS-HQ-21,mssqlsvc_svc,,,MSSQLSvc/srv-posmgt.northgate.local:1433
2026-06-01 11:26:28,4769,SRV-DC-01,m.saban,,WKS-IT-09,mssqlsvc_svc,,,MSSQLSvc/srv-cardproc.northgate.local:1433
2026-06-01 11:32:28,4624,SRV-FILE-HQ,m.saban,3,WKS-IT-09,,,,
2026-06-01 11:39:48,4624,SRV-FILE-HQ,y.segev,3,WKS-HQ-19,,,,
2026-06-01 11:40:48,4769,SRV-DC-01,y.segev,,WKS-HQ-19,mssqlsvc_svc,,,MSSQLSvc/srv-posmgt.northgate.local:1433
2026-06-01 11:42:37,4769,SRV-DC-01,p.stein,,WKS-HQ-26,http_svc,,,HTTP/web-supplier.northgate.local
2026-06-01 11:44:16,4624,SRV-CARDPROC,t.hadar,3,WKS-PAY-12,,,,
2026-06-01 11:54:48,4624,SRV-FILE-HQ,y.segev,3,WKS-HQ-19,,,,
2026-06-01 11:56:09,4769,SRV-DC-01,y.oren,,WKS-HQ-05,mssqlsvc_svc,,,MSSQLSvc/srv-cardproc.northgate.local:1433
2026-06-01 11:57:49,4624,SRV-FILE-HQ,g.ben-ari,3,WKS-PAY-30,,,,
2026-06-01 12:01:29,4769,SRV-DC-01,k.oz,,WKS-HQ-20,cifs_svc,,,CIFS/srv-file-hq.northgate.local
2026-06-01 12:18:55,4769,SRV-DC-01,r.stern,,WKS-PAY-02,http_svc,,,HTTP/web-supplier.northgate.local
2026-06-01 12:33:29,4624,SRV-POSMGT,v.harel,3,WKS-HQ-24,,,,
2026-06-01 12:33:31,5140,SRV-POSMGT,v.harel,3,WKS-HQ-24,,,,\\SRV-POSMGT\Branches
2026-06-01 12:39:29,4624,SRV-FILE-HQ,k.oz,3,WKS-HQ-20,,,,
2026-06-01 12:57:19,4769,SRV-DC-01,e.katz,,WKS-SEC-03,http_svc,,,HTTP/web-supplier.northgate.local
2026-06-01 13:07:46,4624,SRV-FILE-HQ,i.golan,3,WKS-HQ-22,,,,
2026-06-01 13:21:11,4769,SRV-DC-01,n.barzilai,,WKS-HQ-04,mssqlsvc_svc,,,MSSQLSvc/srv-cardproc.northgate.local:1433
2026-06-01 13:24:24,4624,SRV-FILE-HQ,g.shemesh,3,WKS-HQ-06,,,,
2026-06-01 13:24:26,5140,SRV-FILE-HQ,g.shemesh,3,WKS-HQ-06,,,,\\SRV-FILE-HQ\Finance
2026-06-01 13:25:37,4769,SRV-DC-01,p.stein,,WKS-HQ-26,mssqlsvc_svc,,,MSSQLSvc/srv-posmgt.northgate.local:1433
2026-06-01 13:34:04,4624,SRV-FILE-HQ,n.hazan,3,WKS-HQ-15,,,,
2026-06-01 13:34:06,5140,SRV-FILE-HQ,n.hazan,3,WKS-HQ-15,,,,\\SRV-FILE-HQ\Finance
2026-06-01 13:41:04,4624,SRV-FILE-HQ,n.hazan,3,WKS-HQ-15,,,,
2026-06-01 13:42:04,4769,SRV-DC-01,n.hazan,,WKS-HQ-15,http_svc,,,HTTP/web-supplier.northgate.local
2026-06-01 13:42:07,4624,SRV-FILE-HQ,a.dahan,3,WKS-HQ-17,,,,
2026-06-01 13:47:04,4769,SRV-DC-01,s.arbel,,WKS-PAY-11,cifs_svc,,,CIFS/srv-file-hq.northgate.local
2026-06-01 13:48:44,4769,SRV-DC-01,r.avni,,WKS-HQ-14,mssqlsvc_svc,,,MSSQLSvc/srv-cardproc.northgate.local:1433
2026-06-01 13:51:16,4688,WKS-PAY-12,t.hadar,,,,excel.exe,excel.exe /dde,
2026-06-01 13:52:17,4624,SRV-FILE-HQ,d.levi,3,WKS-SEC-10,,,,
2026-06-01 13:52:59,4624,SRV-FILE-HQ,a.mizrahi,3,WKS-IT-01,,,,
2026-06-01 13:58:21,4624,SRV-FILE-HQ,o.raviv,3,WKS-HQ-07,,,,
2026-06-01 14:08:25,4769,SRV-DC-01,b.naim,,WKS-HQ-21,mssqlsvc_svc,,,MSSQLSvc/srv-posmgt.northgate.local:1433
2026-06-01 14:10:14,4624,SRV-FILE-HQ,l.beit,3,WKS-HQ-13,,,,
2026-06-01 14:10:16,5140,SRV-FILE-HQ,l.beit,3,WKS-HQ-13,,,,\\SRV-FILE-HQ\Vendors
2026-06-01 14:12:47,4624,SRV-POSMGT,z.amar,3,WKS-HQ-25,,,,
2026-06-01 14:13:04,4769,SRV-DC-01,s.arbel,,WKS-PAY-11,cifs_svc,,,CIFS/srv-file-hq.northgate.local
2026-06-01 14:15:14,4624,SRV-FILE-HQ,l.beit,3,WKS-HQ-13,,,,
2026-06-01 14:15:16,5140,SRV-FILE-HQ,l.beit,3,WKS-HQ-13,,,,\\SRV-FILE-HQ\Procurement
2026-06-01 14:23:37,4624,SRV-POSMGT,p.stein,3,WKS-HQ-26,,,,
2026-06-01 14:23:39,5140,SRV-POSMGT,p.stein,3,WKS-HQ-26,,,,\\SRV-POSMGT\Branches
2026-06-01 14:24:44,4624,SRV-FILE-HQ,r.avni,3,WKS-HQ-14,,,,
2026-06-01 14:27:47,4624,SRV-POSMGT,z.amar,3,WKS-HQ-25,,,,
2026-06-01 14:28:11,4624,SRV-FILE-HQ,n.barzilai,3,WKS-HQ-04,,,,
2026-06-01 14:28:13,5140,SRV-FILE-HQ,n.barzilai,3,WKS-HQ-04,,,,\\SRV-FILE-HQ\Finance
2026-06-01 14:32:00,4624,SRV-FILE-HQ,c.barak,3,WKS-HQ-27,,,,
2026-06-01 14:32:02,5140,SRV-FILE-HQ,c.barak,3,WKS-HQ-27,,,,\\SRV-FILE-HQ\Marketing
2026-06-01 14:33:46,4769,SRV-DC-01,i.golan,,WKS-HQ-22,http_svc,,,HTTP/web-supplier.northgate.local
2026-06-01 14:38:24,4624,SRV-FILE-HQ,g.shemesh,3,WKS-HQ-06,,,,
2026-06-01 14:38:26,5140,SRV-FILE-HQ,g.shemesh,3,WKS-HQ-06,,,,\\SRV-FILE-HQ\Finance
2026-06-01 14:40:09,4769,SRV-DC-01,y.oren,,WKS-HQ-05,mssqlsvc_svc,,,MSSQLSvc/srv-cardproc.northgate.local:1433
2026-06-01 14:50:40,4769,SRV-DC-01,m.tal,,WKS-HQ-18,mssqlsvc_svc,,,MSSQLSvc/srv-cardproc.northgate.local:1433
2026-06-01 14:53:19,4624,SRV-FILE-HQ,e.katz,3,WKS-SEC-03,,,,
2026-06-01 14:56:18,4624,SRV-FILE-HQ,e.shalom,3,WKS-HQ-16,,,,
2026-06-01 14:56:20,5140,SRV-FILE-HQ,e.shalom,3,WKS-HQ-16,,,,\\SRV-FILE-HQ\Finance
2026-06-01 14:56:21,4769,SRV-DC-01,o.raviv,,WKS-HQ-07,http_svc,,,HTTP/web-supplier.northgate.local
2026-06-01 15:02:59,4769,SRV-DC-01,a.mizrahi,,WKS-IT-01,http_svc,,,HTTP/web-supplier.northgate.local
2026-06-01 15:05:04,4624,SRV-FILE-HQ,s.arbel,3,WKS-PAY-11,,,,
2026-06-01 15:08:14,4769,SRV-DC-01,l.beit,,WKS-HQ-13,cifs_svc,,,CIFS/srv-file-hq.northgate.local
2026-06-01 15:11:49,4624,SRV-FILE-HQ,g.ben-ari,3,WKS-PAY-30,,,,
2026-06-01 15:23:37,4769,SRV-DC-01,p.stein,,WKS-HQ-26,mssqlsvc_svc,,,MSSQLSvc/srv-posmgt.northgate.local:1433
2026-06-01 15:26:09,4769,SRV-DC-01,y.oren,,WKS-HQ-05,mssqlsvc_svc,,,MSSQLSvc/srv-cardproc.northgate.local:1433
2026-06-01 15:28:49,4769,SRV-DC-01,g.ben-ari,,WKS-PAY-30,mssqlsvc_svc,,,MSSQLSvc/srv-cardproc.northgate.local:1433
2026-06-01 15:38:22,4634,WKS-HQ-25,z.amar,2,,,,,
2026-06-01 15:49:46,4769,SRV-DC-01,i.golan,,WKS-HQ-22,cifs_svc,,,CIFS/srv-file-hq.northgate.local
2026-06-01 15:52:25,4624,SRV-FILE-HQ,b.naim,3,WKS-HQ-21,,,,
2026-06-01 15:52:27,5140,SRV-FILE-HQ,b.naim,3,WKS-HQ-21,,,,\\SRV-FILE-HQ\Logistics
2026-06-01 15:56:18,4688,WKS-HQ-16,e.shalom,,,,chrome.exe,chrome.exe --restore-last-session,
2026-06-01 15:57:00,4769,SRV-DC-01,c.barak,,WKS-HQ-27,cifs_svc,,,CIFS/srv-file-hq.northgate.local
2026-06-01 16:02:29,4624,SRV-FILE-HQ,v.harel,3,WKS-HQ-24,,,,
2026-06-01 16:02:31,5140,SRV-FILE-HQ,v.harel,3,WKS-HQ-24,,,,\\SRV-FILE-HQ\Branches
2026-06-01 16:08:26,4634,WKS-HQ-14,r.avni,2,,,,,
2026-06-01 16:14:25,4624,SRV-FILE-HQ,b.naim,3,WKS-HQ-21,,,,
2026-06-01 16:14:27,5140,SRV-FILE-HQ,b.naim,3,WKS-HQ-21,,,,\\SRV-FILE-HQ\Logistics
2026-06-01 16:16:17,4769,SRV-DC-01,d.levi,,WKS-SEC-10,mssqlsvc_svc,,,MSSQLSvc/srv-cardproc.northgate.local:1433
2026-06-01 16:21:04,4624,SRV-FILE-HQ,n.hazan,3,WKS-HQ-15,,,,
2026-06-01 16:21:06,5140,SRV-FILE-HQ,n.hazan,3,WKS-HQ-15,,,,\\SRV-FILE-HQ\Finance
2026-06-01 16:22:59,4769,SRV-DC-01,a.mizrahi,,WKS-IT-01,http_svc,,,HTTP/web-supplier.northgate.local
2026-06-01 16:25:54,4634,WKS-IT-08,h.peretz,2,,,,,
2026-06-01 16:32:32,4624,SRV-FILE-HQ,u.regev,3,WKS-HQ-28,,,,
2026-06-01 16:34:07,4624,SRV-FILE-HQ,a.dahan,3,WKS-HQ-17,,,,
2026-06-01 16:34:17,4769,SRV-DC-01,d.levi,,WKS-SEC-10,cifs_svc,,,CIFS/srv-file-hq.northgate.local
2026-06-01 16:35:21,4624,SRV-FILE-HQ,h.peretz,3,WKS-IT-08,,,,
2026-06-01 16:36:00,4634,WKS-HQ-26,p.stein,2,,,,,
2026-06-01 16:36:58,4634,WKS-PAY-30,g.ben-ari,2,,,,,
2026-06-01 16:38:09,4624,SRV-FILE-HQ,y.oren,3,WKS-HQ-05,,,,
2026-06-01 16:38:11,5140,SRV-FILE-HQ,y.oren,3,WKS-HQ-05,,,,\\SRV-FILE-HQ\Procurement
2026-06-01 16:39:04,4624,SRV-FILE-HQ,n.hazan,3,WKS-HQ-15,,,,
2026-06-01 16:48:22,4634,WKS-HQ-19,y.segev,2,,,,,
2026-06-01 16:51:18,4634,WKS-HQ-22,i.golan,2,,,,,
2026-06-01 16:52:17,4769,SRV-DC-01,d.levi,,WKS-SEC-10,cifs_svc,,,CIFS/srv-file-hq.northgate.local
2026-06-01 17:07:04,4634,WKS-SEC-03,e.katz,2,,,,,
2026-06-01 17:07:14,4769,SRV-DC-01,l.beit,,WKS-HQ-13,cifs_svc,,,CIFS/srv-file-hq.northgate.local
2026-06-01 17:10:16,4624,SRV-FILE-HQ,t.hadar,3,WKS-PAY-12,,,,
2026-06-01 17:16:00,4769,SRV-DC-01,c.barak,,WKS-HQ-27,http_svc,,,HTTP/web-supplier.northgate.local
2026-06-01 17:16:21,4634,WKS-HQ-17,a.dahan,2,,,,,
2026-06-01 17:18:21,4634,WKS-HQ-16,e.shalom,2,,,,,
2026-06-01 17:20:04,4769,SRV-DC-01,n.hazan,,WKS-HQ-15,cifs_svc,,,CIFS/srv-file-hq.northgate.local
2026-06-01 17:25:55,4634,WKS-PAY-02,r.stern,2,,,,,
2026-06-01 17:34:59,4634,WKS-HQ-24,v.harel,2,,,,,
2026-06-01 17:47:22,4634,WKS-HQ-28,u.regev,2,,,,,
2026-06-01 17:47:48,4634,WKS-IT-09,m.saban,2,,,,,
2026-06-01 17:47:49,4634,WKS-PAY-12,t.hadar,2,,,,,
2026-06-01 17:47:56,4634,WKS-HQ-04,n.barzilai,2,,,,,
2026-06-01 17:48:25,4634,WKS-HQ-05,y.oren,2,,,,,
2026-06-01 17:48:52,4634,WKS-HQ-21,b.naim,2,,,,,
2026-06-01 18:03:31,4634,WKS-HQ-20,k.oz,2,,,,,
2026-06-01 18:10:54,4634,WKS-IT-29,f.zohar,2,,,,,
2026-06-01 18:11:31,4634,WKS-IT-01,a.mizrahi,2,,,,,
2026-06-01 18:13:16,4634,WKS-SEC-10,d.levi,2,,,,,
2026-06-01 18:17:45,4634,WKS-HQ-13,l.beit,2,,,,,
2026-06-01 18:37:56,4634,WKS-PAY-11,s.arbel,2,,,,,
2026-06-01 18:38:34,4634,WKS-HQ-18,m.tal,2,,,,,
2026-06-01 18:41:35,4634,WKS-HQ-07,o.raviv,2,,,,,
2026-06-01 18:42:45,4634,WKS-HQ-06,g.shemesh,2,,,,,
2026-06-01 18:46:49,4634,WKS-HQ-27,c.barak,2,,,,,
2026-06-01 19:08:30,4634,WKS-HQ-15,n.hazan,2,,,,,
2026-06-02 06:53:28,4624,WKS-HQ-25,z.amar,2,WKS-HQ-25,,,,
2026-06-02 07:16:05,4624,WKS-PAY-02,r.stern,2,WKS-PAY-02,,,,
2026-06-02 07:21:36,4624,WKS-HQ-23,s.mor,2,WKS-HQ-23,,,,
2026-06-02 07:23:51,4624,WKS-HQ-22,i.golan,2,WKS-HQ-22,,,,
2026-06-02 07:32:47,4624,WKS-HQ-26,p.stein,2,WKS-HQ-26,,,,
2026-06-02 07:48:47,4624,WKS-PAY-30,g.ben-ari,2,WKS-PAY-30,,,,
2026-06-02 07:51:41,4624,WKS-HQ-20,k.oz,2,WKS-HQ-20,,,,
2026-06-02 07:57:22,4624,WKS-PAY-11,s.arbel,2,WKS-PAY-11,,,,
2026-06-02 08:08:22,4769,SRV-DC-01,s.arbel,,WKS-PAY-11,http_svc,,,HTTP/web-supplier.northgate.local
2026-06-02 08:09:14,4624,WKS-HQ-24,v.harel,2,WKS-HQ-24,,,,
2026-06-02 08:13:22,4624,WKS-IT-29,f.zohar,2,WKS-IT-29,,,,
2026-06-02 08:15:39,4624,WKS-HQ-19,y.segev,2,WKS-HQ-19,,,,
2026-06-02 08:24:35,4624,WKS-HQ-14,r.avni,2,WKS-HQ-14,,,,
2026-06-02 08:25:21,4624,WKS-HQ-21,b.naim,2,WKS-HQ-21,,,,
2026-06-02 08:25:23,4624,WKS-IT-01,a.mizrahi,2,WKS-IT-01,,,,
2026-06-02 08:25:24,4672,WKS-IT-01,a.mizrahi,2,,,,,
2026-06-02 08:25:54,4624,WKS-IT-08,h.peretz,2,WKS-IT-08,,,,
2026-06-02 08:29:47,4624,WKS-HQ-28,u.regev,2,WKS-HQ-28,,,,
2026-06-02 08:30:15,4624,WKS-PAY-12,t.hadar,2,WKS-PAY-12,,,,
2026-06-02 08:32:28,4624,WKS-HQ-16,e.shalom,2,WKS-HQ-16,,,,
2026-06-02 08:32:47,4769,SRV-DC-01,p.stein,,WKS-HQ-26,http_svc,,,HTTP/web-supplier.northgate.local
2026-06-02 08:34:25,4624,WKS-SEC-03,e.katz,2,WKS-SEC-03,,,,
2026-06-02 08:35:11,4624,WKS-IT-09,m.saban,2,WKS-IT-09,,,,
2026-06-02 08:36:39,4624,WKS-HQ-18,m.tal,2,WKS-HQ-18,,,,
2026-06-02 08:36:51,4769,SRV-DC-01,i.golan,,WKS-HQ-22,http_svc,,,HTTP/web-supplier.northgate.local
2026-06-02 08:39:21,4624,WKS-HQ-05,y.oren,2,WKS-HQ-05,,,,
2026-06-02 08:39:35,4769,SRV-DC-01,r.avni,,WKS-HQ-14,cifs_svc,,,CIFS/srv-file-hq.northgate.local
2026-06-02 08:44:47,4624,SRV-FILE-HQ,p.stein,3,WKS-HQ-26,,,,
2026-06-02 08:47:22,4624,WKS-HQ-27,c.barak,2,WKS-HQ-27,,,,
2026-06-02 08:51:18,4624,WKS-HQ-15,n.hazan,2,WKS-HQ-15,,,,
2026-06-02 08:53:15,4624,SRV-FILE-HQ,t.hadar,3,WKS-PAY-12,,,,
2026-06-02 08:57:39,4624,WKS-HQ-13,l.beit,2,WKS-HQ-13,,,,
2026-06-02 08:58:10,4624,WKS-SEC-10,d.levi,2,WKS-SEC-10,,,,
2026-06-02 08:58:41,4769,SRV-DC-01,k.oz,,WKS-HQ-20,mssqlsvc_svc,,,MSSQLSvc/srv-cardproc.northgate.local:1433
2026-06-02 09:00:22,4624,SRV-CARDPROC,s.arbel,3,WKS-PAY-11,,,,
2026-06-02 09:03:58,4624,WKS-HQ-04,n.barzilai,2,WKS-HQ-04,,,,
2026-06-02 09:04:54,4624,WKS-HQ-07,o.raviv,2,WKS-HQ-07,,,,
2026-06-02 09:05:39,4769,SRV-DC-01,y.segev,,WKS-HQ-19,mssqlsvc_svc,,,MSSQLSvc/srv-cardproc.northgate.local:1433
2026-06-02 09:07:14,4624,SRV-FILE-HQ,v.harel,3,WKS-HQ-24,,,,
2026-06-02 09:07:16,5140,SRV-FILE-HQ,v.harel,3,WKS-HQ-24,,,,\\SRV-FILE-HQ\Branches
2026-06-02 09:10:19,4624,WKS-HQ-17,a.dahan,2,WKS-HQ-17,,,,
2026-06-02 09:15:10,4769,SRV-DC-01,d.levi,,WKS-SEC-10,mssqlsvc_svc,,,MSSQLSvc/srv-cardproc.northgate.local:1433
2026-06-02 09:18:09,4624,WKS-HQ-06,g.shemesh,2,WKS-HQ-06,,,,
2026-06-02 09:19:47,4769,SRV-DC-01,p.stein,,WKS-HQ-26,mssqlsvc_svc,,,MSSQLSvc/srv-cardproc.northgate.local:1433
2026-06-02 09:33:22,4769,SRV-DC-01,s.arbel,,WKS-PAY-11,http_svc,,,HTTP/web-supplier.northgate.local
2026-06-02 09:34:41,4688,WKS-HQ-20,k.oz,,,,winword.exe,winword.exe /w,
2026-06-02 09:40:54,4624,SRV-FILE-HQ,h.peretz,3,WKS-IT-08,,,,
2026-06-02 09:42:39,4769,SRV-DC-01,m.tal,,WKS-HQ-18,cifs_svc,,,CIFS/srv-file-hq.northgate.local
2026-06-02 09:54:15,4624,SRV-CARDPROC,t.hadar,3,WKS-PAY-12,,,,
2026-06-02 09:54:17,5140,SRV-CARDPROC,t.hadar,3,WKS-PAY-12,,,,\\SRV-CARDPROC\Payments
2026-06-02 09:57:39,4624,SRV-FILE-HQ,y.segev,3,WKS-HQ-19,,,,
2026-06-02 10:02:11,4624,SRV-DC-01,m.saban,3,WKS-IT-09,,,,
2026-06-02 10:06:28,4769,SRV-DC-01,z.amar,,WKS-HQ-25,cifs_svc,,,CIFS/srv-file-hq.northgate.local
2026-06-02 10:19:41,4624,SRV-FILE-HQ,k.oz,3,WKS-HQ-20,,,,
2026-06-02 10:19:43,5140,SRV-FILE-HQ,k.oz,3,WKS-HQ-20,,,,\\SRV-FILE-HQ\Logistics
2026-06-02 10:20:21,4624,SRV-FILE-HQ,b.naim,3,WKS-HQ-21,,,,
2026-06-02 10:23:21,4769,SRV-DC-01,y.oren,,WKS-HQ-05,mssqlsvc_svc,,,MSSQLSvc/srv-cardproc.northgate.local:1433
2026-06-02 10:24:21,4688,WKS-HQ-05,y.oren,,,,chrome.exe,chrome.exe --restore-last-session,
2026-06-02 10:25:58,4624,SRV-FILE-HQ,n.barzilai,3,WKS-HQ-04,,,,
2026-06-02 10:38:51,4624,SRV-FILE-HQ,i.golan,3,WKS-HQ-22,,,,
2026-06-02 11:01:05,4624,SRV-CARDPROC,r.stern,3,WKS-PAY-02,,,,
2026-06-02 11:01:07,5140,SRV-CARDPROC,r.stern,3,WKS-PAY-02,,,,\\SRV-CARDPROC\Payments
2026-06-02 11:02:11,4624,SRV-FILE-HQ,m.saban,3,WKS-IT-09,,,,
2026-06-02 11:02:13,5140,SRV-FILE-HQ,m.saban,3,WKS-IT-09,,,,\\SRV-FILE-HQ\IT
2026-06-02 11:04:22,4769,SRV-DC-01,c.barak,,WKS-HQ-27,mssqlsvc_svc,,,MSSQLSvc/srv-posmgt.northgate.local:1433
2026-06-02 11:05:15,4769,SRV-DC-01,t.hadar,,WKS-PAY-12,http_svc,,,HTTP/web-supplier.northgate.local
2026-06-02 11:05:18,4769,SRV-DC-01,n.hazan,,WKS-HQ-15,mssqlsvc_svc,,,MSSQLSvc/srv-cardproc.northgate.local:1433
2026-06-02 11:07:47,4769,SRV-DC-01,u.regev,,WKS-HQ-28,cifs_svc,,,CIFS/srv-file-hq.northgate.local
2026-06-02 11:12:23,4769,SRV-DC-01,a.mizrahi,,WKS-IT-01,mssqlsvc_svc,,,MSSQLSvc/srv-cardproc.northgate.local:1433
2026-06-02 11:17:21,4769,SRV-DC-01,y.oren,,WKS-HQ-05,mssqlsvc_svc,,,MSSQLSvc/srv-cardproc.northgate.local:1433
2026-06-02 11:19:21,4624,SRV-FILE-HQ,b.naim,3,WKS-HQ-21,,,,
2026-06-02 11:21:11,4769,SRV-DC-01,m.saban,,WKS-IT-09,mssqlsvc_svc,,,MSSQLSvc/srv-posmgt.northgate.local:1433
2026-06-02 11:27:36,4769,SRV-DC-01,s.mor,,WKS-HQ-23,mssqlsvc_svc,,,MSSQLSvc/srv-cardproc.northgate.local:1433
2026-06-02 11:27:39,4624,SRV-FILE-HQ,l.beit,3,WKS-HQ-13,,,,
2026-06-02 11:27:41,5140,SRV-FILE-HQ,l.beit,3,WKS-HQ-13,,,,\\SRV-FILE-HQ\Vendors
2026-06-02 11:27:54,4624,SRV-DC-01,h.peretz,3,WKS-IT-08,,,,
2026-06-02 11:30:21,4624,SRV-FILE-HQ,b.naim,3,WKS-HQ-21,,,,
2026-06-02 11:35:28,4688,WKS-HQ-16,e.shalom,,,,excel.exe,excel.exe /dde,
2026-06-02 11:37:18,4624,SRV-FILE-HQ,n.hazan,3,WKS-HQ-15,,,,
2026-06-02 11:37:20,5140,SRV-FILE-HQ,n.hazan,3,WKS-HQ-15,,,,\\SRV-FILE-HQ\Finance
2026-06-02 11:42:47,4624,SRV-POSMGT,p.stein,3,WKS-HQ-26,,,,
2026-06-02 11:48:58,4624,SRV-FILE-HQ,n.barzilai,3,WKS-HQ-04,,,,
2026-06-02 11:57:23,4624,SRV-DC-01,a.mizrahi,3,WKS-IT-01,,,,
2026-06-02 11:57:25,5140,SRV-DC-01,a.mizrahi,3,WKS-IT-01,,,,\\SRV-DC-01\IT
2026-06-02 12:05:25,4624,SRV-DC-01,e.katz,3,WKS-SEC-03,,,,
2026-06-02 12:06:05,4624,SRV-CARDPROC,r.stern,3,WKS-PAY-02,,,,
2026-06-02 12:06:07,5140,SRV-CARDPROC,r.stern,3,WKS-PAY-02,,,,\\SRV-CARDPROC\Payments
2026-06-02 12:06:14,4769,SRV-DC-01,v.harel,,WKS-HQ-24,mssqlsvc_svc,,,MSSQLSvc/srv-posmgt.northgate.local:1433
2026-06-02 12:09:39,4769,SRV-DC-01,y.segev,,WKS-HQ-19,mssqlsvc_svc,,,MSSQLSvc/srv-cardproc.northgate.local:1433
2026-06-02 12:16:15,4624,SRV-FILE-HQ,t.hadar,3,WKS-PAY-12,,,,
2026-06-02 12:16:17,5140,SRV-FILE-HQ,t.hadar,3,WKS-PAY-12,,,,\\SRV-FILE-HQ\Payments
2026-06-02 12:27:39,4769,SRV-DC-01,l.beit,,WKS-HQ-13,mssqlsvc_svc,,,MSSQLSvc/srv-posmgt.northgate.local:1433
2026-06-02 12:28:23,4769,SRV-DC-01,a.mizrahi,,WKS-IT-01,mssqlsvc_svc,,,MSSQLSvc/srv-posmgt.northgate.local:1433
2026-06-02 12:33:47,4624,SRV-FILE-HQ,u.regev,3,WKS-HQ-28,,,,
2026-06-02 12:33:49,5140,SRV-FILE-HQ,u.regev,3,WKS-HQ-28,,,,\\SRV-FILE-HQ\Marketing
2026-06-02 12:36:14,4624,SRV-FILE-HQ,v.harel,3,WKS-HQ-24,,,,
2026-06-02 12:40:28,4769,SRV-DC-01,e.shalom,,WKS-HQ-16,http_svc,,,HTTP/web-supplier.northgate.local
2026-06-02 12:41:51,4769,SRV-DC-01,i.golan,,WKS-HQ-22,mssqlsvc_svc,,,MSSQLSvc/srv-cardproc.northgate.local:1433
2026-06-02 12:45:18,4769,SRV-DC-01,n.hazan,,WKS-HQ-15,mssqlsvc_svc,,,MSSQLSvc/srv-cardproc.northgate.local:1433
2026-06-02 12:46:23,4624,SRV-FILE-HQ,a.mizrahi,3,WKS-IT-01,,,,
2026-06-02 12:46:25,5140,SRV-FILE-HQ,a.mizrahi,3,WKS-IT-01,,,,\\SRV-FILE-HQ\IT
2026-06-02 12:51:28,4624,SRV-FILE-HQ,z.amar,3,WKS-HQ-25,,,,
2026-06-02 12:53:58,4769,SRV-DC-01,n.barzilai,,WKS-HQ-04,mssqlsvc_svc,,,MSSQLSvc/srv-cardproc.northgate.local:1433
2026-06-02 12:58:25,4769,SRV-DC-01,e.katz,,WKS-SEC-03,http_svc,,,HTTP/web-supplier.northgate.local
2026-06-02 13:08:47,4769,SRV-DC-01,u.regev,,WKS-HQ-28,mssqlsvc_svc,,,MSSQLSvc/srv-cardproc.northgate.local:1433
2026-06-02 13:11:47,4624,SRV-FILE-HQ,p.stein,3,WKS-HQ-26,,,,
2026-06-02 13:11:49,5140,SRV-FILE-HQ,p.stein,3,WKS-HQ-26,,,,\\SRV-FILE-HQ\Branches
2026-06-02 13:12:47,4624,SRV-FILE-HQ,u.regev,3,WKS-HQ-28,,,,
2026-06-02 13:12:47,4624,SRV-CARDPROC,g.ben-ari,3,WKS-PAY-30,,,,
2026-06-02 13:12:49,5140,SRV-CARDPROC,g.ben-ari,3,WKS-PAY-30,,,,\\SRV-CARDPROC\Payments
2026-06-02 13:19:39,4624,SRV-FILE-HQ,l.beit,3,WKS-HQ-13,,,,
2026-06-02 13:20:35,4624,SRV-FILE-HQ,r.avni,3,WKS-HQ-14,,,,
2026-06-02 13:21:10,4624,SRV-FILE-HQ,d.levi,3,WKS-SEC-10,,,,
2026-06-02 13:25:18,4624,SRV-FILE-HQ,n.hazan,3,WKS-HQ-15,,,,
2026-06-02 13:25:20,5140,SRV-FILE-HQ,n.hazan,3,WKS-HQ-15,,,,\\SRV-FILE-HQ\Finance
2026-06-02 13:25:39,4624,SRV-FILE-HQ,y.segev,3,WKS-HQ-19,,,,
2026-06-02 13:26:39,4624,SRV-FILE-HQ,y.segev,3,WKS-HQ-19,,,,
2026-06-02 13:26:41,5140,SRV-FILE-HQ,y.segev,3,WKS-HQ-19,,,,\\SRV-FILE-HQ\Logistics
2026-06-02 13:29:10,4769,SRV-DC-01,d.levi,,WKS-SEC-10,cifs_svc,,,CIFS/srv-file-hq.northgate.local
2026-06-02 13:31:14,4769,SRV-DC-01,v.harel,,WKS-HQ-24,http_svc,,,HTTP/web-supplier.northgate.local
2026-06-02 13:35:09,4769,SRV-DC-01,g.shemesh,,WKS-HQ-06,cifs_svc,,,CIFS/srv-file-hq.northgate.local
2026-06-02 13:40:19,4624,SRV-FILE-HQ,a.dahan,3,WKS-HQ-17,,,,
2026-06-02 13:42:19,4624,SRV-FILE-HQ,a.dahan,3,WKS-HQ-17,,,,
2026-06-02 13:42:47,4769,SRV-DC-01,g.ben-ari,,WKS-PAY-30,http_svc,,,HTTP/web-supplier.northgate.local
2026-06-02 13:58:51,4624,SRV-POSMGT,i.golan,3,WKS-HQ-22,,,,
2026-06-02 14:06:09,4624,SRV-FILE-HQ,g.shemesh,3,WKS-HQ-06,,,,
2026-06-02 14:06:10,4624,SRV-DC-01,d.levi,3,WKS-SEC-10,,,,
2026-06-02 14:06:11,5140,SRV-FILE-HQ,g.shemesh,3,WKS-HQ-06,,,,\\SRV-FILE-HQ\Finance
2026-06-02 14:10:35,4769,SRV-DC-01,r.avni,,WKS-HQ-14,mssqlsvc_svc,,,MSSQLSvc/srv-cardproc.northgate.local:1433
2026-06-02 14:15:05,4624,SRV-CARDPROC,r.stern,3,WKS-PAY-02,,,,
2026-06-02 14:17:28,4624,SRV-FILE-HQ,z.amar,3,WKS-HQ-25,,,,
2026-06-02 14:19:10,4624,SRV-DC-01,d.levi,3,WKS-SEC-10,,,,
2026-06-02 14:23:11,4769,SRV-DC-01,m.saban,,WKS-IT-09,http_svc,,,HTTP/web-supplier.northgate.local
2026-06-02 14:26:21,4769,SRV-DC-01,b.naim,,WKS-HQ-21,mssqlsvc_svc,,,MSSQLSvc/srv-cardproc.northgate.local:1433
2026-06-02 14:34:22,4769,SRV-DC-01,f.zohar,,WKS-IT-29,cifs_svc,,,CIFS/srv-file-hq.northgate.local
2026-06-02 14:35:28,4769,SRV-DC-01,z.amar,,WKS-HQ-25,mssqlsvc_svc,,,MSSQLSvc/srv-posmgt.northgate.local:1433
2026-06-02 14:39:21,4688,WKS-HQ-21,b.naim,,,,winword.exe,winword.exe /w,
2026-06-02 14:42:39,4769,SRV-DC-01,m.tal,,WKS-HQ-18,mssqlsvc_svc,,,MSSQLSvc/srv-cardproc.northgate.local:1433
2026-06-02 14:44:15,4769,SRV-DC-01,t.hadar,,WKS-PAY-12,mssqlsvc_svc,,,MSSQLSvc/srv-cardproc.northgate.local:1433
2026-06-02 14:46:18,4624,SRV-FILE-HQ,n.hazan,3,WKS-HQ-15,,,,
2026-06-02 14:46:22,4624,SRV-FILE-HQ,s.arbel,3,WKS-PAY-11,,,,
2026-06-02 14:46:24,5140,SRV-FILE-HQ,s.arbel,3,WKS-PAY-11,,,,\\SRV-FILE-HQ\Payments
2026-06-02 14:57:47,4769,SRV-DC-01,u.regev,,WKS-HQ-28,http_svc,,,HTTP/web-supplier.northgate.local
2026-06-02 15:01:18,4624,SRV-FILE-HQ,n.hazan,3,WKS-HQ-15,,,,
2026-06-02 15:02:18,4769,SRV-DC-01,n.hazan,,WKS-HQ-15,cifs_svc,,,CIFS/srv-file-hq.northgate.local
2026-06-02 15:04:22,4688,WKS-PAY-11,s.arbel,,,,teams.exe,teams.exe --system-initiated,
2026-06-02 15:16:54,4769,SRV-DC-01,h.peretz,,WKS-IT-08,http_svc,,,HTTP/web-supplier.northgate.local
2026-06-02 15:24:15,4688,WKS-PAY-12,t.hadar,,,,chrome.exe,chrome.exe --restore-last-session,
2026-06-02 15:27:47,4624,SRV-FILE-HQ,u.regev,3,WKS-HQ-28,,,,
2026-06-02 15:27:49,5140,SRV-FILE-HQ,u.regev,3,WKS-HQ-28,,,,\\SRV-FILE-HQ\Marketing
2026-06-02 15:28:22,4624,SRV-FILE-HQ,s.arbel,3,WKS-PAY-11,,,,
2026-06-02 15:28:24,5140,SRV-FILE-HQ,s.arbel,3,WKS-PAY-11,,,,\\SRV-FILE-HQ\Payments
2026-06-02 15:29:39,4624,SRV-FILE-HQ,l.beit,3,WKS-HQ-13,,,,
2026-06-02 15:32:10,4769,SRV-DC-01,d.levi,,WKS-SEC-10,mssqlsvc_svc,,,MSSQLSvc/srv-posmgt.northgate.local:1433
2026-06-02 15:38:51,4624,SRV-POSMGT,i.golan,3,WKS-HQ-22,,,,
2026-06-02 15:38:53,5140,SRV-POSMGT,i.golan,3,WKS-HQ-22,,,,\\SRV-POSMGT\Branches
2026-06-02 15:39:14,4624,SRV-POSMGT,v.harel,3,WKS-HQ-24,,,,
2026-06-02 15:39:14,4624,SRV-POSMGT,v.harel,3,WKS-HQ-24,,,,
2026-06-02 15:40:54,4624,SRV-DC-01,h.peretz,3,WKS-IT-08,,,,
2026-06-02 15:41:04,4634,WKS-HQ-23,s.mor,2,,,,,
2026-06-02 15:42:11,4769,SRV-DC-01,m.saban,,WKS-IT-09,mssqlsvc_svc,,,MSSQLSvc/srv-posmgt.northgate.local:1433
2026-06-02 15:44:21,4769,SRV-DC-01,b.naim,,WKS-HQ-21,cifs_svc,,,CIFS/srv-file-hq.northgate.local
2026-06-02 15:47:09,4624,SRV-FILE-HQ,g.shemesh,3,WKS-HQ-06,,,,
2026-06-02 15:52:54,4624,SRV-FILE-HQ,o.raviv,3,WKS-HQ-07,,,,
2026-06-02 15:53:39,4769,SRV-DC-01,l.beit,,WKS-HQ-13,http_svc,,,HTTP/web-supplier.northgate.local
2026-06-02 15:56:17,4634,WKS-HQ-25,z.amar,2,,,,,
2026-06-02 15:59:39,4688,WKS-HQ-13,l.beit,,,,teams.exe,teams.exe --system-initiated,
2026-06-02 16:13:05,4634,WKS-HQ-24,v.harel,2,,,,,
2026-06-02 16:24:32,4634,WKS-PAY-02,r.stern,2,,,,,
2026-06-02 16:26:47,4624,SRV-CARDPROC,g.ben-ari,3,WKS-PAY-30,,,,
2026-06-02 16:27:22,4769,SRV-DC-01,c.barak,,WKS-HQ-27,cifs_svc,,,CIFS/srv-file-hq.northgate.local
2026-06-02 16:29:21,4624,SRV-FILE-HQ,y.oren,3,WKS-HQ-05,,,,
2026-06-02 16:32:35,4624,SRV-FILE-HQ,r.avni,3,WKS-HQ-14,,,,
2026-06-02 16:40:44,4634,WKS-HQ-22,i.golan,2,,,,,
2026-06-02 16:45:47,4624,SRV-FILE-HQ,u.regev,3,WKS-HQ-28,,,,
2026-06-02 16:47:52,4634,WKS-HQ-05,y.oren,2,,,,,
2026-06-02 16:48:24,4634,WKS-HQ-19,y.segev,2,,,,,
2026-06-02 16:52:54,4624,SRV-FILE-HQ,o.raviv,3,WKS-HQ-07,,,,
2026-06-02 16:52:56,5140,SRV-FILE-HQ,o.raviv,3,WKS-HQ-07,,,,\\SRV-FILE-HQ\Finance
2026-06-02 16:53:31,4634,WKS-PAY-11,s.arbel,2,,,,,
2026-06-02 17:04:02,4634,WKS-HQ-18,m.tal,2,,,,,
2026-06-02 17:18:25,4634,WKS-HQ-28,u.regev,2,,,,,
2026-06-02 17:26:17,4634,WKS-HQ-04,n.barzilai,2,,,,,
2026-06-02 17:30:03,4634,WKS-HQ-26,p.stein,2,,,,,
2026-06-02 17:36:32,4634,WKS-HQ-15,n.hazan,2,,,,,
2026-06-02 17:38:16,4634,WKS-PAY-12,t.hadar,2,,,,,
2026-06-02 17:38:57,4634,WKS-HQ-17,a.dahan,2,,,,,
2026-06-02 17:39:11,4634,WKS-IT-29,f.zohar,2,,,,,
2026-06-02 17:42:26,4634,WKS-PAY-30,g.ben-ari,2,,,,,
2026-06-02 17:44:33,4634,WKS-HQ-21,b.naim,2,,,,,
2026-06-02 17:50:01,4634,WKS-HQ-06,g.shemesh,2,,,,,
2026-06-02 18:02:23,4634,WKS-HQ-16,e.shalom,2,,,,,
2026-06-02 18:07:53,4634,WKS-IT-08,h.peretz,2,,,,,
2026-06-02 18:09:03,4634,WKS-HQ-20,k.oz,2,,,,,
2026-06-02 18:23:27,4634,WKS-HQ-27,c.barak,2,,,,,
2026-06-02 18:26:58,4634,WKS-SEC-03,e.katz,2,,,,,
2026-06-02 18:29:29,4634,WKS-SEC-10,d.levi,2,,,,,
2026-06-02 18:29:56,4634,WKS-IT-01,a.mizrahi,2,,,,,
2026-06-02 18:41:20,4634,WKS-HQ-07,o.raviv,2,,,,,
2026-06-02 18:43:53,4634,WKS-HQ-14,r.avni,2,,,,,
2026-06-02 18:46:21,4634,WKS-IT-09,m.saban,2,,,,,
2026-06-02 18:53:03,4634,WKS-HQ-13,l.beit,2,,,,,
2026-06-03 07:47:37,4624,WKS-HQ-24,v.harel,2,WKS-HQ-24,,,,
2026-06-03 07:47:55,4624,WKS-HQ-26,p.stein,2,WKS-HQ-26,,,,
2026-06-03 07:58:55,4624,WKS-HQ-23,s.mor,2,WKS-HQ-23,,,,
2026-06-03 07:58:59,4624,WKS-HQ-20,k.oz,2,WKS-HQ-20,,,,
2026-06-03 08:02:49,4624,WKS-PAY-30,g.ben-ari,2,WKS-PAY-30,,,,
2026-06-03 08:05:35,4624,WKS-PAY-02,r.stern,2,WKS-PAY-02,,,,
2026-06-03 08:08:00,4624,WKS-IT-01,a.mizrahi,2,WKS-IT-01,,,,
2026-06-03 08:08:01,4672,WKS-IT-01,a.mizrahi,2,,,,,
2026-06-03 08:09:05,4624,WKS-HQ-17,a.dahan,2,WKS-HQ-17,,,,
2026-06-03 08:13:23,4624,WKS-PAY-11,s.arbel,2,WKS-PAY-11,,,,
2026-06-03 08:13:35,4624,WKS-HQ-16,e.shalom,2,WKS-HQ-16,,,,
2026-06-03 08:15:05,4769,SRV-DC-01,a.dahan,,WKS-HQ-17,mssqlsvc_svc,,,MSSQLSvc/srv-cardproc.northgate.local:1433
2026-06-03 08:16:04,4624,WKS-SEC-03,e.katz,2,WKS-SEC-03,,,,
2026-06-03 08:22:55,4624,SRV-POSMGT,s.mor,3,WKS-HQ-23,,,,
2026-06-03 08:23:55,4624,SRV-POSMGT,p.stein,3,WKS-HQ-26,,,,
2026-06-03 08:25:40,4624,WKS-IT-09,m.saban,2,WKS-IT-09,,,,
2026-06-03 08:26:35,4624,WKS-IT-08,h.peretz,2,WKS-IT-08,,,,
2026-06-03 08:28:38,4624,WKS-SEC-10,d.levi,2,WKS-SEC-10,,,,
2026-06-03 08:31:46,4624,WKS-PAY-12,t.hadar,2,WKS-PAY-12,,,,
2026-06-03 08:35:02,4624,WKS-HQ-19,y.segev,2,WKS-HQ-19,,,,
2026-06-03 08:37:04,4769,SRV-DC-01,e.katz,,WKS-SEC-03,mssqlsvc_svc,,,MSSQLSvc/srv-posmgt.northgate.local:1433
2026-06-03 08:40:38,4624,WKS-IT-29,f.zohar,2,WKS-IT-29,,,,
2026-06-03 08:40:46,4688,WKS-PAY-12,t.hadar,,,,chrome.exe,chrome.exe --restore-last-session,
2026-06-03 08:41:56,4624,WKS-HQ-21,b.naim,2,WKS-HQ-21,,,,
2026-06-03 08:45:16,4624,WKS-HQ-14,r.avni,2,WKS-HQ-14,,,,
2026-06-03 08:45:35,4624,SRV-FILE-HQ,h.peretz,3,WKS-IT-08,,,,
2026-06-03 08:45:37,5140,SRV-FILE-HQ,h.peretz,3,WKS-IT-08,,,,\\SRV-FILE-HQ\IT
2026-06-03 08:45:46,4769,SRV-DC-01,t.hadar,,WKS-PAY-12,cifs_svc,,,CIFS/srv-file-hq.northgate.local
2026-06-03 08:47:55,4624,WKS-HQ-05,y.oren,2,WKS-HQ-05,,,,
2026-06-03 08:59:48,4624,WKS-HQ-28,u.regev,2,WKS-HQ-28,,,,
2026-06-03 09:01:01,4624,WKS-HQ-15,n.hazan,2,WKS-HQ-15,,,,
2026-06-03 09:03:15,4624,WKS-HQ-07,o.raviv,2,WKS-HQ-07,,,,
2026-06-03 09:08:51,4624,WKS-HQ-06,g.shemesh,2,WKS-HQ-06,,,,
2026-06-03 09:12:21,4624,WKS-HQ-04,n.barzilai,2,WKS-HQ-04,,,,
2026-06-03 09:12:50,4624,WKS-HQ-18,m.tal,2,WKS-HQ-18,,,,
2026-06-03 09:15:21,4769,SRV-DC-01,n.barzilai,,WKS-HQ-04,cifs_svc,,,CIFS/srv-file-hq.northgate.local
2026-06-03 09:18:51,4624,SRV-FILE-HQ,g.shemesh,3,WKS-HQ-06,,,,
2026-06-03 09:18:53,5140,SRV-FILE-HQ,g.shemesh,3,WKS-HQ-06,,,,\\SRV-FILE-HQ\Finance
2026-06-03 09:20:35,4769,SRV-DC-01,r.stern,,WKS-PAY-02,mssqlsvc_svc,,,MSSQLSvc/srv-cardproc.northgate.local:1433
2026-06-03 09:20:38,4624,SRV-FILE-HQ,d.levi,3,WKS-SEC-10,,,,
2026-06-03 09:20:55,4769,SRV-DC-01,s.mor,,WKS-HQ-23,mssqlsvc_svc,,,MSSQLSvc/srv-posmgt.northgate.local:1433
2026-06-03 09:21:01,4769,SRV-DC-01,n.hazan,,WKS-HQ-15,cifs_svc,,,CIFS/srv-file-hq.northgate.local
2026-06-03 09:22:38,4624,SRV-FILE-HQ,d.levi,3,WKS-SEC-10,,,,
2026-06-03 09:23:23,4624,SRV-CARDPROC,s.arbel,3,WKS-PAY-11,,,,
2026-06-03 09:23:55,4769,SRV-DC-01,p.stein,,WKS-HQ-26,http_svc,,,HTTP/web-supplier.northgate.local
2026-06-03 09:24:51,4688,WKS-HQ-06,g.shemesh,,,,winword.exe,winword.exe /w,
2026-06-03 09:26:56,4769,SRV-DC-01,b.naim,,WKS-HQ-21,mssqlsvc_svc,,,MSSQLSvc/srv-cardproc.northgate.local:1433
2026-06-03 09:28:40,4769,SRV-DC-01,m.saban,,WKS-IT-09,cifs_svc,,,CIFS/srv-file-hq.northgate.local
2026-06-03 09:32:35,4624,SRV-FILE-HQ,e.shalom,3,WKS-HQ-16,,,,
2026-06-03 09:33:35,4769,SRV-DC-01,r.stern,,WKS-PAY-02,mssqlsvc_svc,,,MSSQLSvc/srv-posmgt.northgate.local:1433
2026-06-03 09:34:21,4624,WKS-HQ-27,c.barak,2,WKS-HQ-27,,,,
2026-06-03 09:35:21,4624,SRV-FILE-HQ,n.barzilai,3,WKS-HQ-04,,,,
2026-06-03 09:42:35,4688,WKS-PAY-02,r.stern,,,,winword.exe,winword.exe /w,
2026-06-03 09:44:05,4624,SRV-FILE-HQ,a.dahan,3,WKS-HQ-17,,,,
2026-06-03 10:00:35,4769,SRV-DC-01,h.peretz,,WKS-IT-08,cifs_svc,,,CIFS/srv-file-hq.northgate.local
2026-06-03 10:01:37,4769,SRV-DC-01,v.harel,,WKS-HQ-24,http_svc,,,HTTP/web-supplier.northgate.local
2026-06-03 10:01:38,4769,SRV-DC-01,d.levi,,WKS-SEC-10,mssqlsvc_svc,,,MSSQLSvc/srv-posmgt.northgate.local:1433
2026-06-03 10:04:46,4624,SRV-FILE-HQ,t.hadar,3,WKS-PAY-12,,,,
2026-06-03 10:04:49,4769,SRV-DC-01,g.ben-ari,,WKS-PAY-30,http_svc,,,HTTP/web-supplier.northgate.local
2026-06-03 10:15:55,4624,SRV-FILE-HQ,p.stein,3,WKS-HQ-26,,,,
2026-06-03 10:20:48,4769,SRV-DC-01,u.regev,,WKS-HQ-28,cifs_svc,,,CIFS/srv-file-hq.northgate.local
2026-06-03 10:20:51,4624,SRV-FILE-HQ,g.shemesh,3,WKS-HQ-06,,,,
2026-06-03 10:27:37,4769,SRV-DC-01,v.harel,,WKS-HQ-24,cifs_svc,,,CIFS/srv-file-hq.northgate.local
2026-06-03 10:35:00,4624,SRV-FILE-HQ,a.mizrahi,3,WKS-IT-01,,,,
2026-06-03 10:36:48,4688,WKS-HQ-28,u.regev,,,,winword.exe,winword.exe /w,
2026-06-03 10:46:48,4624,SRV-FILE-HQ,u.regev,3,WKS-HQ-28,,,,
2026-06-03 10:47:40,4624,SRV-FILE-HQ,m.saban,3,WKS-IT-09,,,,
2026-06-03 10:49:21,4624,SRV-FILE-HQ,c.barak,3,WKS-HQ-27,,,,
2026-06-03 10:52:04,4769,SRV-DC-01,e.katz,,WKS-SEC-03,http_svc,,,HTTP/web-supplier.northgate.local
2026-06-03 11:04:01,4769,SRV-DC-01,n.hazan,,WKS-HQ-15,mssqlsvc_svc,,,MSSQLSvc/srv-cardproc.northgate.local:1433
2026-06-03 11:12:50,4769,SRV-DC-01,m.tal,,WKS-HQ-18,mssqlsvc_svc,,,MSSQLSvc/srv-posmgt.northgate.local:1433
2026-06-03 11:31:48,4624,SRV-FILE-HQ,u.regev,3,WKS-HQ-28,,,,
2026-06-03 11:34:55,4769,SRV-DC-01,p.stein,,WKS-HQ-26,http_svc,,,HTTP/web-supplier.northgate.local
2026-06-03 11:36:01,4624,SRV-FILE-HQ,n.hazan,3,WKS-HQ-15,,,,
2026-06-03 11:45:35,4688,WKS-HQ-16,e.shalom,,,,teams.exe,teams.exe --system-initiated,
2026-06-03 11:48:21,4624,SRV-FILE-HQ,c.barak,3,WKS-HQ-27,,,,
2026-06-03 11:52:50,4624,SRV-FILE-HQ,m.tal,3,WKS-HQ-18,,,,
2026-06-03 11:53:37,4624,SRV-FILE-HQ,v.harel,3,WKS-HQ-24,,,,
2026-06-03 11:55:56,4624,SRV-FILE-HQ,b.naim,3,WKS-HQ-21,,,,
2026-06-03 11:56:05,4624,SRV-FILE-HQ,a.dahan,3,WKS-HQ-17,,,,
2026-06-03 12:08:35,4624,SRV-FILE-HQ,e.shalom,3,WKS-HQ-16,,,,
2026-06-03 12:08:37,5140,SRV-FILE-HQ,e.shalom,3,WKS-HQ-16,,,,\\SRV-FILE-HQ\Finance
2026-06-03 12:16:40,4624,SRV-DC-01,m.saban,3,WKS-IT-09,,,,
2026-06-03 12:23:21,4769,SRV-DC-01,c.barak,,WKS-HQ-27,http_svc,,,HTTP/web-supplier.northgate.local
2026-06-03 12:27:15,4624,SRV-FILE-HQ,o.raviv,3,WKS-HQ-07,,,,
2026-06-03 12:37:48,4624,SRV-FILE-HQ,u.regev,3,WKS-HQ-28,,,,
2026-06-03 12:37:50,5140,SRV-FILE-HQ,u.regev,3,WKS-HQ-28,,,,\\SRV-FILE-HQ\Marketing
2026-06-03 12:38:01,4624,SRV-FILE-HQ,n.hazan,3,WKS-HQ-15,,,,
2026-06-03 12:38:03,5140,SRV-FILE-HQ,n.hazan,3,WKS-HQ-15,,,,\\SRV-FILE-HQ\Finance
2026-06-03 12:42:55,4624,SRV-POSMGT,p.stein,3,WKS-HQ-26,,,,
2026-06-03 12:44:00,4624,SRV-DC-01,a.mizrahi,3,WKS-IT-01,,,,
2026-06-03 12:44:02,5140,SRV-DC-01,a.mizrahi,3,WKS-IT-01,,,,\\SRV-DC-01\IT
2026-06-03 12:49:50,4624,SRV-FILE-HQ,m.tal,3,WKS-HQ-18,,,,
2026-06-03 13:07:23,4769,SRV-DC-01,s.arbel,,WKS-PAY-11,mssqlsvc_svc,,,MSSQLSvc/srv-posmgt.northgate.local:1433
2026-06-03 13:08:15,4624,SRV-FILE-HQ,o.raviv,3,WKS-HQ-07,,,,
2026-06-03 13:08:17,5140,SRV-FILE-HQ,o.raviv,3,WKS-HQ-07,,,,\\SRV-FILE-HQ\Finance
2026-06-03 13:16:40,4624,SRV-DC-01,m.saban,3,WKS-IT-09,,,,
2026-06-03 13:17:15,4624,SRV-FILE-HQ,o.raviv,3,WKS-HQ-07,,,,
2026-06-03 13:17:17,5140,SRV-FILE-HQ,o.raviv,3,WKS-HQ-07,,,,\\SRV-FILE-HQ\Finance
2026-06-03 13:17:21,4769,SRV-DC-01,c.barak,,WKS-HQ-27,mssqlsvc_svc,,,MSSQLSvc/srv-posmgt.northgate.local:1433
2026-06-03 13:31:55,4769,SRV-DC-01,s.mor,,WKS-HQ-23,mssqlsvc_svc,,,MSSQLSvc/srv-posmgt.northgate.local:1433
2026-06-03 13:33:35,4624,SRV-FILE-HQ,e.shalom,3,WKS-HQ-16,,,,
2026-06-03 13:33:37,5140,SRV-FILE-HQ,e.shalom,3,WKS-HQ-16,,,,\\SRV-FILE-HQ\Finance
2026-06-03 13:37:37,4624,SRV-FILE-HQ,v.harel,3,WKS-HQ-24,,,,
2026-06-03 13:38:40,4624,SRV-FILE-HQ,m.saban,3,WKS-IT-09,,,,
2026-06-03 13:47:35,4624,SRV-DC-01,h.peretz,3,WKS-IT-08,,,,
2026-06-03 13:53:23,4624,SRV-CARDPROC,s.arbel,3,WKS-PAY-11,,,,
2026-06-03 13:54:49,4624,SRV-FILE-HQ,g.ben-ari,3,WKS-PAY-30,,,,
2026-06-03 14:19:35,4769,SRV-DC-01,h.peretz,,WKS-IT-08,mssqlsvc_svc,,,MSSQLSvc/srv-cardproc.northgate.local:1433
2026-06-03 14:21:35,4624,SRV-FILE-HQ,h.peretz,3,WKS-IT-08,,,,
2026-06-03 14:27:40,4688,WKS-IT-09,m.saban,,,,outlook.exe,outlook.exe /recycle,
2026-06-03 14:29:02,4624,SRV-FILE-HQ,y.segev,3,WKS-HQ-19,,,,
2026-06-03 14:38:38,4624,SRV-DC-01,f.zohar,3,WKS-IT-29,,,,
2026-06-03 14:40:21,4624,SRV-FILE-HQ,c.barak,3,WKS-HQ-27,,,,
2026-06-03 14:41:05,4688,WKS-HQ-17,a.dahan,,,,teams.exe,teams.exe --system-initiated,
2026-06-03 14:44:59,4769,SRV-DC-01,k.oz,,WKS-HQ-20,cifs_svc,,,CIFS/srv-file-hq.northgate.local
2026-06-03 14:46:38,4688,WKS-IT-29,f.zohar,,,,excel.exe,excel.exe /dde,
2026-06-03 14:46:56,4769,SRV-DC-01,b.naim,,WKS-HQ-21,mssqlsvc_svc,,,MSSQLSvc/srv-cardproc.northgate.local:1433
2026-06-03 14:49:00,4769,SRV-DC-01,a.mizrahi,,WKS-IT-01,cifs_svc,,,CIFS/srv-file-hq.northgate.local
2026-06-03 14:56:21,4769,SRV-DC-01,n.barzilai,,WKS-HQ-04,cifs_svc,,,CIFS/srv-file-hq.northgate.local
2026-06-03 15:00:55,4624,SRV-FILE-HQ,y.oren,3,WKS-HQ-05,,,,
2026-06-03 15:16:04,4624,SRV-DC-01,e.katz,3,WKS-SEC-03,,,,
2026-06-03 15:17:01,4624,SRV-FILE-HQ,n.hazan,3,WKS-HQ-15,,,,
2026-06-03 15:22:21,4624,SRV-FILE-HQ,n.barzilai,3,WKS-HQ-04,,,,
2026-06-03 15:22:23,5140,SRV-FILE-HQ,n.barzilai,3,WKS-HQ-04,,,,\\SRV-FILE-HQ\Finance
2026-06-03 15:26:35,4624,SRV-FILE-HQ,r.stern,3,WKS-PAY-02,,,,
2026-06-03 15:37:49,4769,SRV-DC-01,g.ben-ari,,WKS-PAY-30,cifs_svc,,,CIFS/srv-file-hq.northgate.local
2026-06-03 15:45:55,4769,SRV-DC-01,y.oren,,WKS-HQ-05,mssqlsvc_svc,,,MSSQLSvc/srv-posmgt.northgate.local:1433
2026-06-03 16:00:48,4769,SRV-DC-01,u.regev,,WKS-HQ-28,mssqlsvc_svc,,,MSSQLSvc/srv-posmgt.northgate.local:1433
2026-06-03 16:01:38,4688,WKS-SEC-10,d.levi,,,,winword.exe,winword.exe /w,
2026-06-03 16:01:55,4769,SRV-DC-01,y.oren,,WKS-HQ-05,mssqlsvc_svc,,,MSSQLSvc/srv-posmgt.northgate.local:1433
2026-06-03 16:02:56,4769,SRV-DC-01,b.naim,,WKS-HQ-21,mssqlsvc_svc,,,MSSQLSvc/srv-posmgt.northgate.local:1433
2026-06-03 16:05:38,4624,SRV-FILE-HQ,d.levi,3,WKS-SEC-10,,,,
2026-06-03 16:12:48,4769,SRV-DC-01,u.regev,,WKS-HQ-28,mssqlsvc_svc,,,MSSQLSvc/srv-posmgt.northgate.local:1433
2026-06-03 16:16:25,4634,WKS-HQ-24,v.harel,2,,,,,
2026-06-03 16:16:46,4624,SRV-CARDPROC,t.hadar,3,WKS-PAY-12,,,,
2026-06-03 16:16:59,4634,WKS-HQ-17,a.dahan,2,,,,,
2026-06-03 16:19:55,4624,SRV-POSMGT,p.stein,3,WKS-HQ-26,,,,
2026-06-03 16:21:16,4624,SRV-FILE-HQ,r.avni,3,WKS-HQ-14,,,,
2026-06-03 16:23:04,4624,SRV-FILE-HQ,e.katz,3,WKS-SEC-03,,,,
2026-06-03 16:23:32,4634,WKS-HQ-20,k.oz,2,,,,,
2026-06-03 16:24:37,4624,SRV-FILE-HQ,v.harel,3,WKS-HQ-24,,,,
2026-06-03 16:24:39,5140,SRV-FILE-HQ,v.harel,3,WKS-HQ-24,,,,\\SRV-FILE-HQ\Branches
2026-06-03 16:27:13,4634,WKS-PAY-11,s.arbel,2,,,,,
2026-06-03 16:30:39,4634,WKS-SEC-10,d.levi,2,,,,,
2026-06-03 16:33:04,4624,SRV-DC-01,e.katz,3,WKS-SEC-03,,,,
2026-06-03 16:34:56,4624,SRV-FILE-HQ,b.naim,3,WKS-HQ-21,,,,
2026-06-03 16:40:06,4634,WKS-IT-09,m.saban,2,,,,,
2026-06-03 16:45:38,4769,SRV-DC-01,d.levi,,WKS-SEC-10,cifs_svc,,,CIFS/srv-file-hq.northgate.local
2026-06-03 16:49:09,4634,WKS-PAY-12,t.hadar,2,,,,,
2026-06-03 16:51:07,4634,WKS-HQ-19,y.segev,2,,,,,
2026-06-03 16:57:15,4624,SRV-FILE-HQ,o.raviv,3,WKS-HQ-07,,,,
2026-06-03 17:00:37,4634,WKS-HQ-26,p.stein,2,,,,,
2026-06-03 17:05:17,4634,WKS-HQ-16,e.shalom,2,,,,,
2026-06-03 17:08:02,4634,WKS-IT-01,a.mizrahi,2,,,,,
2026-06-03 17:24:03,4634,WKS-IT-29,f.zohar,2,,,,,
2026-06-03 17:24:34,4634,WKS-SEC-03,e.katz,2,,,,,
2026-06-03 17:29:02,4634,WKS-HQ-15,n.hazan,2,,,,,
2026-06-03 17:34:50,4634,WKS-HQ-27,c.barak,2,,,,,
2026-06-03 17:36:25,4634,WKS-HQ-21,b.naim,2,,,,,
2026-06-03 17:50:21,4634,WKS-HQ-06,g.shemesh,2,,,,,
2026-06-03 17:53:48,4634,WKS-PAY-02,r.stern,2,,,,,
2026-06-03 17:55:31,4634,WKS-HQ-04,n.barzilai,2,,,,,
2026-06-03 17:59:26,4634,WKS-IT-08,h.peretz,2,,,,,
2026-06-03 18:19:57,4634,WKS-PAY-30,g.ben-ari,2,,,,,
2026-06-03 18:22:14,4634,WKS-HQ-23,s.mor,2,,,,,
2026-06-03 18:23:12,4634,WKS-HQ-07,o.raviv,2,,,,,
2026-06-03 18:35:34,4634,WKS-HQ-05,y.oren,2,,,,,
2026-06-03 18:38:02,4634,WKS-HQ-14,r.avni,2,,,,,
2026-06-03 19:05:44,4634,WKS-HQ-28,u.regev,2,,,,,
2026-06-03 19:16:02,4634,WKS-HQ-18,m.tal,2,,,,,
2026-06-04 07:19:31,4624,WKS-HQ-23,s.mor,2,WKS-HQ-23,,,,
2026-06-04 07:53:31,4624,SRV-POSMGT,s.mor,3,WKS-HQ-23,,,,
2026-06-04 07:53:32,4624,WKS-PAY-30,g.ben-ari,2,WKS-PAY-30,,,,
2026-06-04 07:56:57,4624,WKS-IT-01,a.mizrahi,2,WKS-IT-01,,,,
2026-06-04 07:56:58,4672,WKS-IT-01,a.mizrahi,2,,,,,
2026-06-04 07:59:35,4624,WKS-HQ-22,i.golan,2,WKS-HQ-22,,,,
2026-06-04 08:02:09,4624,WKS-PAY-11,s.arbel,2,WKS-PAY-11,,,,
2026-06-04 08:03:11,4624,WKS-HQ-28,u.regev,2,WKS-HQ-28,,,,
2026-06-04 08:04:09,4769,SRV-DC-01,s.arbel,,WKS-PAY-11,mssqlsvc_svc,,,MSSQLSvc/srv-posmgt.northgate.local:1433
2026-06-04 08:08:47,4624,WKS-SEC-03,e.katz,2,WKS-SEC-03,,,,
2026-06-04 08:09:35,4769,SRV-DC-01,i.golan,,WKS-HQ-22,http_svc,,,HTTP/web-supplier.northgate.local
2026-06-04 08:09:48,4624,WKS-PAY-02,r.stern,2,WKS-PAY-02,,,,
2026-06-04 08:10:28,4624,WKS-HQ-21,b.naim,2,WKS-HQ-21,,,,
2026-06-04 08:16:32,4624,WKS-HQ-19,y.segev,2,WKS-HQ-19,,,,
2026-06-04 08:25:48,4769,SRV-DC-01,r.stern,,WKS-PAY-02,http_svc,,,HTTP/web-supplier.northgate.local
2026-06-04 08:25:52,4624,WKS-IT-09,m.saban,2,WKS-IT-09,,,,
2026-06-04 08:27:25,4624,WKS-HQ-20,k.oz,2,WKS-HQ-20,,,,
2026-06-04 08:29:47,4624,SRV-DC-01,e.katz,3,WKS-SEC-03,,,,
2026-06-04 08:34:52,4624,SRV-FILE-HQ,m.saban,3,WKS-IT-09,,,,
2026-06-04 08:34:54,5140,SRV-FILE-HQ,m.saban,3,WKS-IT-09,,,,\\SRV-FILE-HQ\IT
2026-06-04 08:37:26,4624,WKS-HQ-17,a.dahan,2,WKS-HQ-17,,,,
2026-06-04 08:38:20,4624,WKS-HQ-13,l.beit,2,WKS-HQ-13,,,,
2026-06-04 08:42:05,4624,WKS-IT-08,h.peretz,2,WKS-IT-08,,,,
2026-06-04 08:43:25,4624,WKS-PAY-12,t.hadar,2,WKS-PAY-12,,,,
2026-06-04 08:45:23,4624,WKS-HQ-16,e.shalom,2,WKS-HQ-16,,,,
2026-06-04 08:48:25,4624,WKS-IT-29,f.zohar,2,WKS-IT-29,,,,
2026-06-04 08:56:05,4624,SRV-DC-01,h.peretz,3,WKS-IT-08,,,,
2026-06-04 08:56:09,4624,WKS-HQ-27,c.barak,2,WKS-HQ-27,,,,
2026-06-04 08:57:26,4624,WKS-HQ-05,y.oren,2,WKS-HQ-05,,,,
2026-06-04 08:58:41,4624,WKS-HQ-07,o.raviv,2,WKS-HQ-07,,,,
2026-06-04 08:59:16,4624,WKS-HQ-18,m.tal,2,WKS-HQ-18,,,,
2026-06-04 09:02:07,4624,WKS-HQ-04,n.barzilai,2,WKS-HQ-04,,,,
2026-06-04 09:05:52,4769,SRV-DC-01,m.saban,,WKS-IT-09,mssqlsvc_svc,,,MSSQLSvc/srv-cardproc.northgate.local:1433
2026-06-04 09:06:09,4624,SRV-FILE-HQ,c.barak,3,WKS-HQ-27,,,,
2026-06-04 09:06:31,4688,WKS-HQ-23,s.mor,,,,chrome.exe,chrome.exe --restore-last-session,
2026-06-04 09:06:35,4624,SRV-FILE-HQ,i.golan,3,WKS-HQ-22,,,,
2026-06-04 09:10:05,4624,WKS-HQ-15,n.hazan,2,WKS-HQ-15,,,,
2026-06-04 09:11:07,4624,SRV-FILE-HQ,n.barzilai,3,WKS-HQ-04,,,,
2026-06-04 09:11:09,5140,SRV-FILE-HQ,n.barzilai,3,WKS-HQ-04,,,,\\SRV-FILE-HQ\Finance
2026-06-04 09:18:47,4769,SRV-DC-01,e.katz,,WKS-SEC-03,http_svc,,,HTTP/web-supplier.northgate.local
2026-06-04 09:21:12,4624,WKS-SEC-10,d.levi,2,WKS-SEC-10,,,,
2026-06-04 09:24:25,4688,WKS-IT-29,f.zohar,,,,chrome.exe,chrome.exe --restore-last-session,
2026-06-04 09:30:28,4624,SRV-FILE-HQ,b.naim,3,WKS-HQ-21,,,,
2026-06-04 09:30:30,5140,SRV-FILE-HQ,b.naim,3,WKS-HQ-21,,,,\\SRV-FILE-HQ\Logistics
2026-06-04 09:31:05,4624,SRV-DC-01,h.peretz,3,WKS-IT-08,,,,
2026-06-04 09:37:55,4624,WKS-HQ-06,g.shemesh,2,WKS-HQ-06,,,,
2026-06-04 09:41:26,4624,SRV-FILE-HQ,a.dahan,3,WKS-HQ-17,,,,
2026-06-04 09:42:07,4624,SRV-FILE-HQ,n.barzilai,3,WKS-HQ-04,,,,
2026-06-04 09:42:09,5140,SRV-FILE-HQ,n.barzilai,3,WKS-HQ-04,,,,\\SRV-FILE-HQ\Finance
2026-06-04 09:48:11,4624,SRV-FILE-HQ,u.regev,3,WKS-HQ-28,,,,
2026-06-04 09:48:13,5140,SRV-FILE-HQ,u.regev,3,WKS-HQ-28,,,,\\SRV-FILE-HQ\Marketing
2026-06-04 09:56:55,4624,SRV-FILE-HQ,g.shemesh,3,WKS-HQ-06,,,,
2026-06-04 10:02:11,4769,SRV-DC-01,u.regev,,WKS-HQ-28,cifs_svc,,,CIFS/srv-file-hq.northgate.local
2026-06-04 10:06:23,4624,SRV-FILE-HQ,e.shalom,3,WKS-HQ-16,,,,
2026-06-04 10:06:25,5140,SRV-FILE-HQ,e.shalom,3,WKS-HQ-16,,,,\\SRV-FILE-HQ\Finance
2026-06-04 10:30:09,4624,SRV-FILE-HQ,c.barak,3,WKS-HQ-27,,,,
2026-06-04 10:30:32,4769,SRV-DC-01,y.segev,,WKS-HQ-19,http_svc,,,HTTP/web-supplier.northgate.local
2026-06-04 10:38:25,4624,SRV-FILE-HQ,t.hadar,3,WKS-PAY-12,,,,
2026-06-04 10:38:57,4769,SRV-DC-01,a.mizrahi,,WKS-IT-01,mssqlsvc_svc,,,MSSQLSvc/srv-cardproc.northgate.local:1433
2026-06-04 10:44:35,4769,SRV-DC-01,i.golan,,WKS-HQ-22,http_svc,,,HTTP/web-supplier.northgate.local
2026-06-04 10:56:25,4688,WKS-HQ-20,k.oz,,,,excel.exe,excel.exe /dde,
2026-06-04 10:58:32,4769,SRV-DC-01,g.ben-ari,,WKS-PAY-30,mssqlsvc_svc,,,MSSQLSvc/srv-posmgt.northgate.local:1433
2026-06-04 10:59:32,4688,WKS-HQ-19,y.segev,,,,outlook.exe,outlook.exe /recycle,
2026-06-04 11:00:52,4624,SRV-FILE-HQ,m.saban,3,WKS-IT-09,,,,
2026-06-04 11:01:09,4688,WKS-PAY-11,s.arbel,,,,chrome.exe,chrome.exe --restore-last-session,
2026-06-04 11:05:12,4624,SRV-FILE-HQ,d.levi,3,WKS-SEC-10,,,,
2026-06-04 11:05:25,4769,SRV-DC-01,f.zohar,,WKS-IT-29,mssqlsvc_svc,,,MSSQLSvc/srv-posmgt.northgate.local:1433
2026-06-04 11:06:12,4624,SRV-FILE-HQ,d.levi,3,WKS-SEC-10,,,,
2026-06-04 11:06:14,5140,SRV-FILE-HQ,d.levi,3,WKS-SEC-10,,,,\\SRV-FILE-HQ\IT
2026-06-04 11:07:48,4688,WKS-PAY-02,r.stern,,,,excel.exe,excel.exe /dde,
2026-06-04 11:16:35,4624,SRV-FILE-HQ,i.golan,3,WKS-HQ-22,,,,
2026-06-04 11:18:26,4624,SRV-FILE-HQ,y.oren,3,WKS-HQ-05,,,,
2026-06-04 11:21:41,4769,SRV-DC-01,o.raviv,,WKS-HQ-07,mssqlsvc_svc,,,MSSQLSvc/srv-cardproc.northgate.local:1433
2026-06-04 11:29:16,4624,SRV-FILE-HQ,m.tal,3,WKS-HQ-18,,,,
2026-06-04 11:29:31,4624,SRV-POSMGT,s.mor,3,WKS-HQ-23,,,,
2026-06-04 11:33:09,4769,SRV-DC-01,c.barak,,WKS-HQ-27,http_svc,,,HTTP/web-supplier.northgate.local
2026-06-04 11:35:09,4624,SRV-FILE-HQ,s.arbel,3,WKS-PAY-11,,,,
2026-06-04 11:47:28,4624,SRV-FILE-HQ,b.naim,3,WKS-HQ-21,,,,
2026-06-04 11:55:35,4769,SRV-DC-01,i.golan,,WKS-HQ-22,mssqlsvc_svc,,,MSSQLSvc/srv-cardproc.northgate.local:1433
2026-06-04 12:05:12,4769,SRV-DC-01,d.levi,,WKS-SEC-10,mssqlsvc_svc,,,MSSQLSvc/srv-posmgt.northgate.local:1433
2026-06-04 12:09:25,4624,SRV-CARDPROC,t.hadar,3,WKS-PAY-12,,,,
2026-06-04 12:09:47,4769,SRV-DC-01,e.katz,,WKS-SEC-03,mssqlsvc_svc,,,MSSQLSvc/srv-posmgt.northgate.local:1433
2026-06-04 12:11:28,4769,SRV-DC-01,b.naim,,WKS-HQ-21,http_svc,,,HTTP/web-supplier.northgate.local
2026-06-04 12:12:25,4769,SRV-DC-01,t.hadar,,WKS-PAY-12,mssqlsvc_svc,,,MSSQLSvc/srv-cardproc.northgate.local:1433
2026-06-04 12:49:26,4624,SRV-FILE-HQ,y.oren,3,WKS-HQ-05,,,,
2026-06-04 12:56:07,4769,SRV-DC-01,n.barzilai,,WKS-HQ-04,mssqlsvc_svc,,,MSSQLSvc/srv-posmgt.northgate.local:1433
2026-06-04 12:57:48,4624,SRV-FILE-HQ,r.stern,3,WKS-PAY-02,,,,
2026-06-04 13:23:05,4624,SRV-FILE-HQ,n.hazan,3,WKS-HQ-15,,,,
2026-06-04 13:28:48,4769,SRV-DC-01,r.stern,,WKS-PAY-02,http_svc,,,HTTP/web-supplier.northgate.local
2026-06-04 13:31:25,4769,SRV-DC-01,t.hadar,,WKS-PAY-12,http_svc,,,HTTP/web-supplier.northgate.local
2026-06-04 13:35:12,4769,SRV-DC-01,d.levi,,WKS-SEC-10,cifs_svc,,,CIFS/srv-file-hq.northgate.local
2026-06-04 13:43:35,4624,SRV-POSMGT,i.golan,3,WKS-HQ-22,,,,
2026-06-04 13:43:37,5140,SRV-POSMGT,i.golan,3,WKS-HQ-22,,,,\\SRV-POSMGT\Branches
2026-06-04 13:48:11,4624,SRV-FILE-HQ,u.regev,3,WKS-HQ-28,,,,
2026-06-04 13:54:26,4769,SRV-DC-01,y.oren,,WKS-HQ-05,http_svc,,,HTTP/web-supplier.northgate.local
2026-06-04 14:03:48,4624,SRV-FILE-HQ,r.stern,3,WKS-PAY-02,,,,
2026-06-04 14:09:26,4769,SRV-DC-01,a.dahan,,WKS-HQ-17,http_svc,,,HTTP/web-supplier.northgate.local
2026-06-04 14:12:05,4769,SRV-DC-01,h.peretz,,WKS-IT-08,mssqlsvc_svc,,,MSSQLSvc/srv-cardproc.northgate.local:1433
2026-06-04 14:14:20,4688,WKS-HQ-13,l.beit,,,,outlook.exe,outlook.exe /recycle,
2026-06-04 14:30:52,4769,SRV-DC-01,m.saban,,WKS-IT-09,http_svc,,,HTTP/web-supplier.northgate.local
2026-06-04 14:39:05,4769,SRV-DC-01,n.hazan,,WKS-HQ-15,cifs_svc,,,CIFS/srv-file-hq.northgate.local
2026-06-04 14:42:32,4624,SRV-FILE-HQ,y.segev,3,WKS-HQ-19,,,,
2026-06-04 14:42:34,5140,SRV-FILE-HQ,y.segev,3,WKS-HQ-19,,,,\\SRV-FILE-HQ\Logistics
2026-06-04 14:46:25,4624,SRV-FILE-HQ,f.zohar,3,WKS-IT-29,,,,
2026-06-04 15:05:48,4624,SRV-FILE-HQ,r.stern,3,WKS-PAY-02,,,,
2026-06-04 15:13:05,4769,SRV-DC-01,n.hazan,,WKS-HQ-15,http_svc,,,HTTP/web-supplier.northgate.local
2026-06-04 15:14:26,4624,SRV-FILE-HQ,a.dahan,3,WKS-HQ-17,,,,
2026-06-04 15:15:35,4624,SRV-POSMGT,i.golan,3,WKS-HQ-22,,,,
2026-06-04 15:22:28,4624,SRV-FILE-HQ,b.naim,3,WKS-HQ-21,,,,
2026-06-04 15:36:11,4624,SRV-FILE-HQ,u.regev,3,WKS-HQ-28,,,,
2026-06-04 15:39:16,4624,SRV-FILE-HQ,m.tal,3,WKS-HQ-18,,,,
2026-06-04 15:42:52,4769,SRV-DC-01,m.saban,,WKS-IT-09,cifs_svc,,,CIFS/srv-file-hq.northgate.local
2026-06-04 15:43:16,4769,SRV-DC-01,m.tal,,WKS-HQ-18,mssqlsvc_svc,,,MSSQLSvc/srv-posmgt.northgate.local:1433
2026-06-04 15:44:20,4624,SRV-FILE-HQ,l.beit,3,WKS-HQ-13,,,,
2026-06-04 15:47:52,4624,SRV-DC-01,m.saban,3,WKS-IT-09,,,,
2026-06-04 15:47:54,5140,SRV-DC-01,m.saban,3,WKS-IT-09,,,,\\SRV-DC-01\IT
2026-06-04 15:51:09,4769,SRV-DC-01,c.barak,,WKS-HQ-27,mssqlsvc_svc,,,MSSQLSvc/srv-posmgt.northgate.local:1433
2026-06-04 15:52:32,4624,SRV-FILE-HQ,g.ben-ari,3,WKS-PAY-30,,,,
2026-06-04 15:54:41,4769,SRV-DC-01,o.raviv,,WKS-HQ-07,mssqlsvc_svc,,,MSSQLSvc/srv-posmgt.northgate.local:1433
2026-06-04 15:55:41,4624,SRV-FILE-HQ,o.raviv,3,WKS-HQ-07,,,,
2026-06-04 15:55:43,5140,SRV-FILE-HQ,o.raviv,3,WKS-HQ-07,,,,\\SRV-FILE-HQ\Finance
2026-06-04 16:00:17,4634,WKS-HQ-23,s.mor,2,,,,,
2026-06-04 16:07:16,4634,WKS-HQ-22,i.golan,2,,,,,
2026-06-04 16:14:21,4634,WKS-HQ-28,u.regev,2,,,,,
2026-06-04 16:19:20,4624,SRV-FILE-HQ,l.beit,3,WKS-HQ-13,,,,
2026-06-04 16:21:20,4769,SRV-DC-01,l.beit,,WKS-HQ-13,mssqlsvc_svc,,,MSSQLSvc/srv-posmgt.northgate.local:1433
2026-06-04 16:25:47,4624,SRV-FILE-HQ,e.katz,3,WKS-SEC-03,,,,
2026-06-04 16:27:26,4624,SRV-FILE-HQ,a.dahan,3,WKS-HQ-17,,,,
2026-06-04 16:29:30,4634,WKS-HQ-19,y.segev,2,,,,,
2026-06-04 16:37:05,4769,SRV-DC-01,h.peretz,,WKS-IT-08,mssqlsvc_svc,,,MSSQLSvc/srv-cardproc.northgate.local:1433
2026-06-04 16:40:05,4624,SRV-FILE-HQ,n.hazan,3,WKS-HQ-15,,,,
2026-06-04 16:40:07,5140,SRV-FILE-HQ,n.hazan,3,WKS-HQ-15,,,,\\SRV-FILE-HQ\Finance
2026-06-04 16:40:28,4624,SRV-FILE-HQ,b.naim,3,WKS-HQ-21,,,,
2026-06-04 16:42:46,4634,WKS-PAY-02,r.stern,2,,,,,
2026-06-04 16:44:40,4634,WKS-IT-01,a.mizrahi,2,,,,,
2026-06-04 17:05:17,4634,WKS-HQ-13,l.beit,2,,,,,
2026-06-04 17:07:06,4634,WKS-IT-09,m.saban,2,,,,,
2026-06-04 17:18:41,4634,WKS-HQ-16,e.shalom,2,,,,,
2026-06-04 17:23:05,4769,SRV-DC-01,n.hazan,,WKS-HQ-15,cifs_svc,,,CIFS/srv-file-hq.northgate.local
2026-06-04 17:27:09,4634,WKS-PAY-11,s.arbel,2,,,,,
2026-06-04 17:28:12,4624,SRV-FILE-HQ,d.levi,3,WKS-SEC-10,,,,
2026-06-04 17:28:14,5140,SRV-FILE-HQ,d.levi,3,WKS-SEC-10,,,,\\SRV-FILE-HQ\IT
2026-06-04 17:45:25,4634,WKS-HQ-05,y.oren,2,,,,,
2026-06-04 17:48:19,4634,WKS-PAY-30,g.ben-ari,2,,,,,
2026-06-04 17:57:55,4769,SRV-DC-01,g.shemesh,,WKS-HQ-06,http_svc,,,HTTP/web-supplier.northgate.local
2026-06-04 17:58:28,4634,WKS-HQ-15,n.hazan,2,,,,,
2026-06-04 18:03:01,4634,WKS-HQ-21,b.naim,2,,,,,
2026-06-04 18:05:55,4634,WKS-HQ-17,a.dahan,2,,,,,
2026-06-04 18:10:57,4634,WKS-IT-08,h.peretz,2,,,,,
2026-06-04 18:22:00,4634,WKS-SEC-03,e.katz,2,,,,,
2026-06-04 18:33:07,4634,WKS-PAY-12,t.hadar,2,,,,,
2026-06-04 18:35:06,4634,WKS-HQ-27,c.barak,2,,,,,
2026-06-04 18:49:55,4634,WKS-HQ-18,m.tal,2,,,,,
2026-06-04 18:50:38,4634,WKS-HQ-20,k.oz,2,,,,,
2026-06-04 18:52:23,4634,WKS-IT-29,f.zohar,2,,,,,
2026-06-04 19:00:18,4634,WKS-HQ-07,o.raviv,2,,,,,
2026-06-04 19:04:14,4634,WKS-HQ-04,n.barzilai,2,,,,,
2026-06-04 19:18:06,4634,WKS-SEC-10,d.levi,2,,,,,
2026-06-04 20:01:32,4634,WKS-HQ-06,g.shemesh,2,,,,,
2026-06-07 07:08:14,4624,WKS-HQ-25,z.amar,2,WKS-HQ-25,,,,
2026-06-07 07:12:14,4688,WKS-HQ-25,z.amar,,,,outlook.exe,outlook.exe /recycle,
2026-06-07 07:28:13,4624,WKS-HQ-26,p.stein,2,WKS-HQ-26,,,,
2026-06-07 07:31:17,4624,WKS-HQ-23,s.mor,2,WKS-HQ-23,,,,
2026-06-07 07:41:08,4624,WKS-HQ-22,i.golan,2,WKS-HQ-22,,,,
2026-06-07 07:52:35,4624,WKS-HQ-16,e.shalom,2,WKS-HQ-16,,,,
2026-06-07 07:53:58,4624,WKS-PAY-11,s.arbel,2,WKS-PAY-11,,,,
2026-06-07 07:59:17,4624,WKS-HQ-24,v.harel,2,WKS-HQ-24,,,,
2026-06-07 08:00:44,4624,WKS-PAY-02,r.stern,2,WKS-PAY-02,,,,
2026-06-07 08:14:18,4624,WKS-HQ-19,y.segev,2,WKS-HQ-19,,,,
2026-06-07 08:16:04,4624,WKS-SEC-03,e.katz,2,WKS-SEC-03,,,,
2026-06-07 08:18:11,4624,WKS-PAY-30,g.ben-ari,2,WKS-PAY-30,,,,
2026-06-07 08:18:54,4624,WKS-IT-01,a.mizrahi,2,WKS-IT-01,,,,
2026-06-07 08:18:55,4672,WKS-IT-01,a.mizrahi,2,,,,,
2026-06-07 08:26:45,4624,WKS-IT-08,h.peretz,2,WKS-IT-08,,,,
2026-06-07 08:26:49,4624,WKS-HQ-05,y.oren,2,WKS-HQ-05,,,,
2026-06-07 08:30:59,4624,WKS-HQ-20,k.oz,2,WKS-HQ-20,,,,
2026-06-07 08:31:21,4624,WKS-HQ-04,n.barzilai,2,WKS-HQ-04,,,,
2026-06-07 08:32:20,4624,WKS-HQ-18,m.tal,2,WKS-HQ-18,,,,
2026-06-07 08:32:33,4624,WKS-HQ-13,l.beit,2,WKS-HQ-13,,,,
2026-06-07 08:33:17,4624,WKS-HQ-28,u.regev,2,WKS-HQ-28,,,,
2026-06-07 08:34:44,4624,SRV-CARDPROC,r.stern,3,WKS-PAY-02,,,,
2026-06-07 08:34:46,5140,SRV-CARDPROC,r.stern,3,WKS-PAY-02,,,,\\SRV-CARDPROC\Payments
2026-06-07 08:37:04,4624,SRV-FILE-HQ,e.katz,3,WKS-SEC-03,,,,
2026-06-07 08:37:06,5140,SRV-FILE-HQ,e.katz,3,WKS-SEC-03,,,,\\SRV-FILE-HQ\IT
2026-06-07 08:38:14,4624,SRV-POSMGT,z.amar,3,WKS-HQ-25,,,,
2026-06-07 08:40:33,4624,SRV-FILE-HQ,l.beit,3,WKS-HQ-13,,,,
2026-06-07 08:40:35,5140,SRV-FILE-HQ,l.beit,3,WKS-HQ-13,,,,\\SRV-FILE-HQ\Vendors
2026-06-07 08:40:44,4624,WKS-IT-29,f.zohar,2,WKS-IT-29,,,,
2026-06-07 08:42:38,4624,WKS-IT-09,m.saban,2,WKS-IT-09,,,,
2026-06-07 08:43:04,4769,SRV-DC-01,e.katz,,WKS-SEC-03,mssqlsvc_svc,,,MSSQLSvc/srv-posmgt.northgate.local:1433
2026-06-07 08:43:11,4769,SRV-DC-01,g.ben-ari,,WKS-PAY-30,cifs_svc,,,CIFS/srv-file-hq.northgate.local
2026-06-07 08:47:49,4624,WKS-HQ-14,r.avni,2,WKS-HQ-14,,,,
2026-06-07 08:51:05,4624,WKS-HQ-06,g.shemesh,2,WKS-HQ-06,,,,
2026-06-07 08:51:46,4624,WKS-PAY-12,t.hadar,2,WKS-PAY-12,,,,
2026-06-07 08:56:17,4624,SRV-FILE-HQ,v.harel,3,WKS-HQ-24,,,,
2026-06-07 08:57:45,4624,WKS-HQ-17,a.dahan,2,WKS-HQ-17,,,,
2026-06-07 08:58:29,4624,WKS-HQ-21,b.naim,2,WKS-HQ-21,,,,
2026-06-07 08:58:53,4624,WKS-HQ-15,n.hazan,2,WKS-HQ-15,,,,
2026-06-07 09:01:20,4624,SRV-FILE-HQ,m.tal,3,WKS-HQ-18,,,,
2026-06-07 09:06:38,4688,WKS-IT-09,m.saban,,,,winword.exe,winword.exe /w,
2026-06-07 09:09:46,4624,WKS-HQ-07,o.raviv,2,WKS-HQ-07,,,,
2026-06-07 09:11:14,4769,SRV-DC-01,z.amar,,WKS-HQ-25,cifs_svc,,,CIFS/srv-file-hq.northgate.local
2026-06-07 09:12:17,4688,WKS-HQ-24,v.harel,,,,excel.exe,excel.exe /dde,
2026-06-07 09:12:38,4769,SRV-DC-01,m.saban,,WKS-IT-09,http_svc,,,HTTP/web-supplier.northgate.local
2026-06-07 09:17:31,4624,WKS-SEC-10,d.levi,2,WKS-SEC-10,,,,
2026-06-07 09:21:54,4624,SRV-DC-01,a.mizrahi,3,WKS-IT-01,,,,
2026-06-07 09:21:56,5140,SRV-DC-01,a.mizrahi,3,WKS-IT-01,,,,\\SRV-DC-01\IT
2026-06-07 09:29:11,4624,SRV-FILE-HQ,g.ben-ari,3,WKS-PAY-30,,,,
2026-06-07 09:29:13,5140,SRV-FILE-HQ,g.ben-ari,3,WKS-PAY-30,,,,\\SRV-FILE-HQ\Payments
2026-06-07 09:36:18,4624,SRV-FILE-HQ,y.segev,3,WKS-HQ-19,,,,
2026-06-07 09:42:45,4624,SRV-FILE-HQ,h.peretz,3,WKS-IT-08,,,,
2026-06-07 09:42:47,5140,SRV-FILE-HQ,h.peretz,3,WKS-IT-08,,,,\\SRV-FILE-HQ\IT
2026-06-07 09:47:49,4624,SRV-FILE-HQ,y.oren,3,WKS-HQ-05,,,,
2026-06-07 09:52:54,4769,SRV-DC-01,a.mizrahi,,WKS-IT-01,http_svc,,,HTTP/web-supplier.northgate.local
2026-06-07 09:58:46,4624,SRV-FILE-HQ,o.raviv,3,WKS-HQ-07,,,,
2026-06-07 09:58:48,5140,SRV-FILE-HQ,o.raviv,3,WKS-HQ-07,,,,\\SRV-FILE-HQ\Finance
2026-06-07 09:59:08,4624,SRV-FILE-HQ,i.golan,3,WKS-HQ-22,,,,
2026-06-07 09:59:10,5140,SRV-FILE-HQ,i.golan,3,WKS-HQ-22,,,,\\SRV-FILE-HQ\Branches
2026-06-07 10:13:38,4624,SRV-FILE-HQ,m.saban,3,WKS-IT-09,,,,
2026-06-07 10:13:58,4624,SRV-FILE-HQ,s.arbel,3,WKS-PAY-11,,,,
2026-06-07 10:14:45,4624,SRV-FILE-HQ,a.dahan,3,WKS-HQ-17,,,,
2026-06-07 10:15:54,4624,SRV-FILE-HQ,a.mizrahi,3,WKS-IT-01,,,,
2026-06-07 10:18:46,4769,SRV-DC-01,t.hadar,,WKS-PAY-12,cifs_svc,,,CIFS/srv-file-hq.northgate.local
2026-06-07 10:21:18,4769,SRV-DC-01,y.segev,,WKS-HQ-19,http_svc,,,HTTP/web-supplier.northgate.local
2026-06-07 10:26:13,4769,SRV-DC-01,p.stein,,WKS-HQ-26,mssqlsvc_svc,,,MSSQLSvc/srv-posmgt.northgate.local:1433
2026-06-07 10:26:49,4769,SRV-DC-01,y.oren,,WKS-HQ-05,mssqlsvc_svc,,,MSSQLSvc/srv-posmgt.northgate.local:1433
2026-06-07 10:30:35,4624,SRV-FILE-HQ,e.shalom,3,WKS-HQ-16,,,,
2026-06-07 10:33:17,4624,SRV-FILE-HQ,s.mor,3,WKS-HQ-23,,,,
2026-06-07 10:33:19,5140,SRV-FILE-HQ,s.mor,3,WKS-HQ-23,,,,\\SRV-FILE-HQ\Branches
2026-06-07 10:39:46,4769,SRV-DC-01,t.hadar,,WKS-PAY-12,cifs_svc,,,CIFS/srv-file-hq.northgate.local
2026-06-07 10:45:17,4624,SRV-FILE-HQ,u.regev,3,WKS-HQ-28,,,,
2026-06-07 10:53:46,4624,SRV-FILE-HQ,t.hadar,3,WKS-PAY-12,,,,
2026-06-07 10:53:48,5140,SRV-FILE-HQ,t.hadar,3,WKS-PAY-12,,,,\\SRV-FILE-HQ\Payments
2026-06-07 10:53:59,4624,SRV-FILE-HQ,k.oz,3,WKS-HQ-20,,,,
2026-06-07 10:54:18,4769,SRV-DC-01,y.segev,,WKS-HQ-19,mssqlsvc_svc,,,MSSQLSvc/srv-cardproc.northgate.local:1433
2026-06-07 10:57:14,4624,SRV-FILE-HQ,z.amar,3,WKS-HQ-25,,,,
2026-06-07 10:58:04,4624,SRV-FILE-HQ,e.katz,3,WKS-SEC-03,,,,
2026-06-07 10:58:06,5140,SRV-FILE-HQ,e.katz,3,WKS-SEC-03,,,,\\SRV-FILE-HQ\IT
2026-06-07 11:06:58,4688,WKS-PAY-11,s.arbel,,,,chrome.exe,chrome.exe --restore-last-session,
2026-06-07 11:07:44,4624,SRV-FILE-HQ,r.stern,3,WKS-PAY-02,,,,
2026-06-07 11:10:08,4624,SRV-FILE-HQ,i.golan,3,WKS-HQ-22,,,,
2026-06-07 11:10:10,5140,SRV-FILE-HQ,i.golan,3,WKS-HQ-22,,,,\\SRV-FILE-HQ\Branches
2026-06-07 11:15:33,4624,SRV-FILE-HQ,l.beit,3,WKS-HQ-13,,,,
2026-06-07 11:24:05,4769,SRV-DC-01,g.shemesh,,WKS-HQ-06,http_svc,,,HTTP/web-supplier.northgate.local
2026-06-07 11:25:04,4769,SRV-DC-01,e.katz,,WKS-SEC-03,mssqlsvc_svc,,,MSSQLSvc/srv-cardproc.northgate.local:1433
2026-06-07 11:27:17,4624,SRV-FILE-HQ,u.regev,3,WKS-HQ-28,,,,
2026-06-07 11:27:19,5140,SRV-FILE-HQ,u.regev,3,WKS-HQ-28,,,,\\SRV-FILE-HQ\Marketing
2026-06-07 11:37:21,4624,SRV-FILE-HQ,n.barzilai,3,WKS-HQ-04,,,,
2026-06-07 11:39:17,4769,SRV-DC-01,s.mor,,WKS-HQ-23,mssqlsvc_svc,,,MSSQLSvc/srv-cardproc.northgate.local:1433
2026-06-07 11:49:29,4769,SRV-DC-01,b.naim,,WKS-HQ-21,mssqlsvc_svc,,,MSSQLSvc/srv-cardproc.northgate.local:1433
2026-06-07 11:50:31,4769,SRV-DC-01,d.levi,,WKS-SEC-10,http_svc,,,HTTP/web-supplier.northgate.local
2026-06-07 11:51:58,4769,SRV-DC-01,s.arbel,,WKS-PAY-11,mssqlsvc_svc,,,MSSQLSvc/srv-posmgt.northgate.local:1433
2026-06-07 11:55:44,4769,SRV-DC-01,r.stern,,WKS-PAY-02,http_svc,,,HTTP/web-supplier.northgate.local
2026-06-07 12:02:45,4624,SRV-DC-01,h.peretz,3,WKS-IT-08,,,,
2026-06-07 12:06:54,4769,SRV-DC-01,a.mizrahi,,WKS-IT-01,mssqlsvc_svc,,,MSSQLSvc/srv-cardproc.northgate.local:1433
2026-06-07 12:14:44,4769,SRV-DC-01,f.zohar,,WKS-IT-29,http_svc,,,HTTP/web-supplier.northgate.local
2026-06-07 12:18:14,4769,SRV-DC-01,z.amar,,WKS-HQ-25,mssqlsvc_svc,,,MSSQLSvc/srv-posmgt.northgate.local:1433
2026-06-07 12:29:49,4624,SRV-FILE-HQ,r.avni,3,WKS-HQ-14,,,,
2026-06-07 12:29:51,5140,SRV-FILE-HQ,r.avni,3,WKS-HQ-14,,,,\\SRV-FILE-HQ\Vendors
2026-06-07 12:31:45,4769,SRV-DC-01,h.peretz,,WKS-IT-08,mssqlsvc_svc,,,MSSQLSvc/srv-posmgt.northgate.local:1433
2026-06-07 12:35:21,4624,SRV-FILE-HQ,n.barzilai,3,WKS-HQ-04,,,,
2026-06-07 12:42:59,4688,WKS-HQ-20,k.oz,,,,excel.exe,excel.exe /dde,
2026-06-07 12:45:18,4624,SRV-FILE-HQ,y.segev,3,WKS-HQ-19,,,,
2026-06-07 12:47:17,4688,WKS-HQ-23,s.mor,,,,winword.exe,winword.exe /w,
2026-06-07 12:49:33,4769,SRV-DC-01,l.beit,,WKS-HQ-13,mssqlsvc_svc,,,MSSQLSvc/srv-posmgt.northgate.local:1433
2026-06-07 12:51:17,4769,SRV-DC-01,v.harel,,WKS-HQ-24,http_svc,,,HTTP/web-supplier.northgate.local
2026-06-07 12:53:45,4769,SRV-DC-01,a.dahan,,WKS-HQ-17,http_svc,,,HTTP/web-supplier.northgate.local
2026-06-07 13:14:08,4769,SRV-DC-01,i.golan,,WKS-HQ-22,http_svc,,,HTTP/web-supplier.northgate.local
2026-06-07 13:18:49,4624,SRV-FILE-HQ,r.avni,3,WKS-HQ-14,,,,
2026-06-07 13:24:08,4624,SRV-FILE-HQ,i.golan,3,WKS-HQ-22,,,,
2026-06-07 13:24:10,5140,SRV-FILE-HQ,i.golan,3,WKS-HQ-22,,,,\\SRV-FILE-HQ\Branches
2026-06-07 13:26:17,4624,SRV-FILE-HQ,v.harel,3,WKS-HQ-24,,,,
2026-06-07 13:26:46,4624,SRV-CARDPROC,t.hadar,3,WKS-PAY-12,,,,
2026-06-07 13:26:48,5140,SRV-CARDPROC,t.hadar,3,WKS-PAY-12,,,,\\SRV-CARDPROC\Payments
2026-06-07 13:27:08,4769,SRV-DC-01,i.golan,,WKS-HQ-22,http_svc,,,HTTP/web-supplier.northgate.local
2026-06-07 13:29:20,4769,SRV-DC-01,m.tal,,WKS-HQ-18,mssqlsvc_svc,,,MSSQLSvc/srv-posmgt.northgate.local:1433
2026-06-07 13:33:04,4624,SRV-FILE-HQ,e.katz,3,WKS-SEC-03,,,,
2026-06-07 13:45:17,4624,SRV-FILE-HQ,s.mor,3,WKS-HQ-23,,,,
2026-06-07 13:45:19,5140,SRV-FILE-HQ,s.mor,3,WKS-HQ-23,,,,\\SRV-FILE-HQ\Branches
2026-06-07 13:48:33,4769,SRV-DC-01,l.beit,,WKS-HQ-13,http_svc,,,HTTP/web-supplier.northgate.local
2026-06-07 13:50:53,4769,SRV-DC-01,n.hazan,,WKS-HQ-15,mssqlsvc_svc,,,MSSQLSvc/srv-cardproc.northgate.local:1433
2026-06-07 13:51:17,4624,SRV-FILE-HQ,u.regev,3,WKS-HQ-28,,,,
2026-06-07 13:54:11,4624,SRV-CARDPROC,g.ben-ari,3,WKS-PAY-30,,,,
2026-06-07 13:54:13,5140,SRV-CARDPROC,g.ben-ari,3,WKS-PAY-30,,,,\\SRV-CARDPROC\Payments
2026-06-07 14:06:38,4624,SRV-DC-01,m.saban,3,WKS-IT-09,,,,
2026-06-07 14:13:38,4769,SRV-DC-01,m.saban,,WKS-IT-09,mssqlsvc_svc,,,MSSQLSvc/srv-cardproc.northgate.local:1433
2026-06-07 14:17:08,4624,SRV-FILE-HQ,i.golan,3,WKS-HQ-22,,,,
2026-06-07 14:17:10,5140,SRV-FILE-HQ,i.golan,3,WKS-HQ-22,,,,\\SRV-FILE-HQ\Branches
2026-06-07 14:18:13,4769,SRV-DC-01,p.stein,,WKS-HQ-26,cifs_svc,,,CIFS/srv-file-hq.northgate.local
2026-06-07 14:21:13,4624,SRV-POSMGT,p.stein,3,WKS-HQ-26,,,,
2026-06-07 14:29:13,4624,SRV-POSMGT,p.stein,3,WKS-HQ-26,,,,
2026-06-07 14:29:15,5140,SRV-POSMGT,p.stein,3,WKS-HQ-26,,,,\\SRV-POSMGT\Branches
2026-06-07 14:40:59,4624,SRV-FILE-HQ,k.oz,3,WKS-HQ-20,,,,
2026-06-07 14:52:53,4769,SRV-DC-01,n.hazan,,WKS-HQ-15,cifs_svc,,,CIFS/srv-file-hq.northgate.local
2026-06-07 14:53:13,4624,SRV-POSMGT,p.stein,3,WKS-HQ-26,,,,
2026-06-07 14:53:53,4624,SRV-FILE-HQ,n.hazan,3,WKS-HQ-15,,,,
2026-06-07 14:57:17,4769,SRV-DC-01,u.regev,,WKS-HQ-28,mssqlsvc_svc,,,MSSQLSvc/srv-cardproc.northgate.local:1433
2026-06-07 15:19:31,4624,SRV-DC-01,d.levi,3,WKS-SEC-10,,,,
2026-06-07 15:19:33,5140,SRV-DC-01,d.levi,3,WKS-SEC-10,,,,\\SRV-DC-01\IT
2026-06-07 15:20:40,4634,WKS-HQ-25,z.amar,2,,,,,
2026-06-07 15:27:13,4624,SRV-FILE-HQ,p.stein,3,WKS-HQ-26,,,,
2026-06-07 15:27:17,4624,SRV-FILE-HQ,u.regev,3,WKS-HQ-28,,,,
2026-06-07 15:29:38,4624,SRV-FILE-HQ,m.saban,3,WKS-IT-09,,,,
2026-06-07 15:29:40,5140,SRV-FILE-HQ,m.saban,3,WKS-IT-09,,,,\\SRV-FILE-HQ\IT
2026-06-07 15:29:46,4624,SRV-FILE-HQ,o.raviv,3,WKS-HQ-07,,,,
2026-06-07 15:29:48,5140,SRV-FILE-HQ,o.raviv,3,WKS-HQ-07,,,,\\SRV-FILE-HQ\Finance
2026-06-07 15:31:59,4769,SRV-DC-01,k.oz,,WKS-HQ-20,http_svc,,,HTTP/web-supplier.northgate.local
2026-06-07 15:52:53,4624,SRV-FILE-HQ,n.hazan,3,WKS-HQ-15,,,,
2026-06-07 15:53:44,4634,WKS-HQ-23,s.mor,2,,,,,
2026-06-07 15:54:54,4624,SRV-DC-01,a.mizrahi,3,WKS-IT-01,,,,
2026-06-07 15:54:56,5140,SRV-DC-01,a.mizrahi,3,WKS-IT-01,,,,\\SRV-DC-01\IT
2026-06-07 16:07:57,4634,WKS-HQ-24,v.harel,2,,,,,
2026-06-07 16:11:58,4624,SRV-FILE-HQ,s.arbel,3,WKS-PAY-11,,,,
2026-06-07 16:12:35,4769,SRV-DC-01,e.shalom,,WKS-HQ-16,mssqlsvc_svc,,,MSSQLSvc/srv-cardproc.northgate.local:1433
2026-06-07 16:20:17,4769,SRV-DC-01,u.regev,,WKS-HQ-28,http_svc,,,HTTP/web-supplier.northgate.local
2026-06-07 16:25:17,4624,SRV-FILE-HQ,u.regev,3,WKS-HQ-28,,,,
2026-06-07 16:26:47,4634,WKS-HQ-16,e.shalom,2,,,,,
2026-06-07 16:28:18,4624,SRV-FILE-HQ,y.segev,3,WKS-HQ-19,,,,
2026-06-07 16:28:20,5140,SRV-FILE-HQ,y.segev,3,WKS-HQ-19,,,,\\SRV-FILE-HQ\Logistics
2026-06-07 16:29:44,4624,SRV-DC-01,f.zohar,3,WKS-IT-29,,,,
2026-06-07 16:29:45,4634,WKS-PAY-02,r.stern,2,,,,,
2026-06-07 16:35:09,4634,WKS-PAY-30,g.ben-ari,2,,,,,
2026-06-07 16:37:18,4634,WKS-HQ-26,p.stein,2,,,,,
2026-06-07 16:45:33,4624,SRV-FILE-HQ,l.beit,3,WKS-HQ-13,,,,
2026-06-07 16:45:35,5140,SRV-FILE-HQ,l.beit,3,WKS-HQ-13,,,,\\SRV-FILE-HQ\Vendors
2026-06-07 16:46:34,4634,WKS-HQ-19,y.segev,2,,,,,
2026-06-07 16:55:29,4624,SRV-FILE-HQ,b.naim,3,WKS-HQ-21,,,,
2026-06-07 16:55:29,4688,WKS-HQ-21,b.naim,,,,outlook.exe,outlook.exe /recycle,
2026-06-07 16:55:31,5140,SRV-FILE-HQ,b.naim,3,WKS-HQ-21,,,,\\SRV-FILE-HQ\Logistics
2026-06-07 17:04:38,4624,SRV-DC-01,m.saban,3,WKS-IT-09,,,,
2026-06-07 17:04:40,5140,SRV-DC-01,m.saban,3,WKS-IT-09,,,,\\SRV-DC-01\IT
2026-06-07 17:13:53,4624,SRV-FILE-HQ,n.hazan,3,WKS-HQ-15,,,,
2026-06-07 17:13:55,5140,SRV-FILE-HQ,n.hazan,3,WKS-HQ-15,,,,\\SRV-FILE-HQ\Finance
2026-06-07 17:22:03,4634,WKS-IT-08,h.peretz,2,,,,,
2026-06-07 17:22:38,4624,SRV-FILE-HQ,m.saban,3,WKS-IT-09,,,,
2026-06-07 17:28:31,4624,SRV-DC-01,d.levi,3,WKS-SEC-10,,,,
2026-06-07 17:34:41,4634,WKS-PAY-12,t.hadar,2,,,,,
2026-06-07 17:36:44,4634,WKS-PAY-11,s.arbel,2,,,,,
2026-06-07 17:40:16,4634,WKS-IT-29,f.zohar,2,,,,,
2026-06-07 17:45:01,4634,WKS-HQ-13,l.beit,2,,,,,
2026-06-07 17:50:27,4634,WKS-IT-09,m.saban,2,,,,,
2026-06-07 18:03:21,4634,WKS-HQ-06,g.shemesh,2,,,,,
2026-06-07 18:03:48,4634,WKS-HQ-22,i.golan,2,,,,,
2026-06-07 18:24:52,4634,WKS-HQ-14,r.avni,2,,,,,
2026-06-07 18:25:14,4634,WKS-HQ-05,y.oren,2,,,,,
2026-06-07 18:26:17,4634,WKS-HQ-04,n.barzilai,2,,,,,
2026-06-07 18:29:22,4634,WKS-SEC-10,d.levi,2,,,,,
2026-06-07 18:30:32,4634,WKS-HQ-18,m.tal,2,,,,,
2026-06-07 18:31:29,4634,WKS-HQ-28,u.regev,2,,,,,
2026-06-07 18:36:00,4634,WKS-IT-01,a.mizrahi,2,,,,,
2026-06-07 18:38:00,4634,WKS-SEC-03,e.katz,2,,,,,
2026-06-07 18:47:20,4634,WKS-HQ-20,k.oz,2,,,,,
2026-06-07 18:58:55,4634,WKS-HQ-15,n.hazan,2,,,,,
2026-06-07 19:00:34,4634,WKS-HQ-17,a.dahan,2,,,,,
2026-06-07 19:09:05,4634,WKS-HQ-21,b.naim,2,,,,,
2026-06-07 19:14:55,4634,WKS-HQ-07,o.raviv,2,,,,,
2026-06-08 06:50:01,4624,WKS-HQ-25,z.amar,2,WKS-HQ-25,,,,
2026-06-08 07:16:01,4769,SRV-DC-01,z.amar,,WKS-HQ-25,cifs_svc,,,CIFS/srv-file-hq.northgate.local
2026-06-08 07:34:03,4624,WKS-HQ-24,v.harel,2,WKS-HQ-24,,,,
2026-06-08 07:34:38,4624,WKS-HQ-22,i.golan,2,WKS-HQ-22,,,,
2026-06-08 07:43:36,4624,WKS-IT-01,a.mizrahi,2,WKS-IT-01,,,,
2026-06-08 07:43:37,4672,WKS-IT-01,a.mizrahi,2,,,,,
2026-06-08 07:46:30,4624,WKS-HQ-23,s.mor,2,WKS-HQ-23,,,,
2026-06-08 07:50:01,4624,SRV-POSMGT,z.amar,3,WKS-HQ-25,,,,
2026-06-08 07:55:45,4624,WKS-PAY-11,s.arbel,2,WKS-PAY-11,,,,
2026-06-08 07:58:56,4624,WKS-HQ-26,p.stein,2,WKS-HQ-26,,,,
2026-06-08 07:59:38,4769,SRV-DC-01,i.golan,,WKS-HQ-22,cifs_svc,,,CIFS/srv-file-hq.northgate.local
2026-06-08 08:02:38,4624,WKS-PAY-02,r.stern,2,WKS-PAY-02,,,,
2026-06-08 08:09:38,4688,WKS-HQ-22,i.golan,,,,winword.exe,winword.exe /w,
2026-06-08 08:12:10,4624,WKS-SEC-03,e.katz,2,WKS-SEC-03,,,,
2026-06-08 08:12:18,4624,WKS-HQ-20,k.oz,2,WKS-HQ-20,,,,
2026-06-08 08:15:56,4769,SRV-DC-01,p.stein,,WKS-HQ-26,http_svc,,,HTTP/web-supplier.northgate.local
2026-06-08 08:19:17,4624,WKS-PAY-30,g.ben-ari,2,WKS-PAY-30,,,,
2026-06-08 08:20:40,4624,WKS-HQ-19,y.segev,2,WKS-HQ-19,,,,
2026-06-08 08:21:29,4624,WKS-IT-08,h.peretz,2,WKS-IT-08,,,,
2026-06-08 08:28:49,4624,WKS-IT-09,m.saban,2,WKS-IT-09,,,,
2026-06-08 08:34:02,4624,WKS-HQ-21,b.naim,2,WKS-HQ-21,,,,
2026-06-08 08:34:15,4624,WKS-SEC-10,d.levi,2,WKS-SEC-10,,,,
2026-06-08 08:42:38,4624,WKS-HQ-28,u.regev,2,WKS-HQ-28,,,,
2026-06-08 08:43:19,4624,WKS-HQ-13,l.beit,2,WKS-HQ-13,,,,
2026-06-08 08:45:33,4624,WKS-PAY-12,t.hadar,2,WKS-PAY-12,,,,
2026-06-08 08:47:56,4624,WKS-IT-29,f.zohar,2,WKS-IT-29,,,,
2026-06-08 08:50:57,4624,WKS-HQ-05,y.oren,2,WKS-HQ-05,,,,
2026-06-08 08:51:34,4624,WKS-HQ-06,g.shemesh,2,WKS-HQ-06,,,,
2026-06-08 08:51:36,4624,SRV-FILE-HQ,a.mizrahi,3,WKS-IT-01,,,,
2026-06-08 08:53:03,4624,WKS-HQ-07,o.raviv,2,WKS-HQ-07,,,,
2026-06-08 08:54:54,4624,WKS-HQ-16,e.shalom,2,WKS-HQ-16,,,,
2026-06-08 09:01:48,4624,WKS-HQ-17,a.dahan,2,WKS-HQ-17,,,,
2026-06-08 09:01:54,4624,WKS-HQ-27,c.barak,2,WKS-HQ-27,,,,
2026-06-08 09:07:49,4624,SRV-FILE-HQ,m.saban,3,WKS-IT-09,,,,
2026-06-08 09:09:41,4624,WKS-HQ-18,m.tal,2,WKS-HQ-18,,,,
2026-06-08 09:16:45,4624,SRV-FILE-HQ,s.arbel,3,WKS-PAY-11,,,,
2026-06-08 09:16:47,5140,SRV-FILE-HQ,s.arbel,3,WKS-PAY-11,,,,\\SRV-FILE-HQ\Payments
2026-06-08 09:16:51,4624,WKS-HQ-04,n.barzilai,2,WKS-HQ-04,,,,
2026-06-08 09:17:43,4624,WKS-HQ-15,n.hazan,2,WKS-HQ-15,,,,
2026-06-08 09:33:33,4769,SRV-DC-01,t.hadar,,WKS-PAY-12,mssqlsvc_svc,,,MSSQLSvc/srv-posmgt.northgate.local:1433
2026-06-08 09:35:36,4769,SRV-DC-01,a.mizrahi,,WKS-IT-01,http_svc,,,HTTP/web-supplier.northgate.local
2026-06-08 09:37:41,4624,SRV-FILE-HQ,m.tal,3,WKS-HQ-18,,,,
2026-06-08 09:37:43,5140,SRV-FILE-HQ,m.tal,3,WKS-HQ-18,,,,\\SRV-FILE-HQ\HR
2026-06-08 09:38:38,4624,SRV-CARDPROC,r.stern,3,WKS-PAY-02,,,,
2026-06-08 09:45:03,4769,SRV-DC-01,o.raviv,,WKS-HQ-07,mssqlsvc_svc,,,MSSQLSvc/srv-posmgt.northgate.local:1433
2026-06-08 09:50:57,4769,SRV-DC-01,y.oren,,WKS-HQ-05,cifs_svc,,,CIFS/srv-file-hq.northgate.local
2026-06-08 09:51:01,4769,SRV-DC-01,z.amar,,WKS-HQ-25,mssqlsvc_svc,,,MSSQLSvc/srv-cardproc.northgate.local:1433
2026-06-08 09:53:45,4769,SRV-DC-01,s.arbel,,WKS-PAY-11,mssqlsvc_svc,,,MSSQLSvc/srv-posmgt.northgate.local:1433
2026-06-08 09:56:49,4769,SRV-DC-01,m.saban,,WKS-IT-09,http_svc,,,HTTP/web-supplier.northgate.local
2026-06-08 09:58:03,4769,SRV-DC-01,v.harel,,WKS-HQ-24,mssqlsvc_svc,,,MSSQLSvc/srv-cardproc.northgate.local:1433
2026-06-08 09:59:56,4624,SRV-POSMGT,p.stein,3,WKS-HQ-26,,,,
2026-06-08 10:00:29,4769,SRV-DC-01,h.peretz,,WKS-IT-08,mssqlsvc_svc,,,MSSQLSvc/srv-cardproc.northgate.local:1433
2026-06-08 10:08:54,4624,SRV-FILE-HQ,e.shalom,3,WKS-HQ-16,,,,
2026-06-08 10:09:38,4769,SRV-DC-01,r.stern,,WKS-PAY-02,mssqlsvc_svc,,,MSSQLSvc/srv-cardproc.northgate.local:1433
2026-06-08 10:11:54,4769,SRV-DC-01,e.shalom,,WKS-HQ-16,mssqlsvc_svc,,,MSSQLSvc/srv-cardproc.northgate.local:1433
2026-06-08 10:17:19,4769,SRV-DC-01,l.beit,,WKS-HQ-13,cifs_svc,,,CIFS/srv-file-hq.northgate.local
2026-06-08 10:32:38,4624,SRV-FILE-HQ,r.stern,3,WKS-PAY-02,,,,
2026-06-08 10:33:03,4688,WKS-HQ-24,v.harel,,,,excel.exe,excel.exe /dde,
2026-06-08 10:33:56,4769,SRV-DC-01,p.stein,,WKS-HQ-26,mssqlsvc_svc,,,MSSQLSvc/srv-posmgt.northgate.local:1433
2026-06-08 10:37:19,4769,SRV-DC-01,l.beit,,WKS-HQ-13,http_svc,,,HTTP/web-supplier.northgate.local
2026-06-08 10:37:34,4624,SRV-FILE-HQ,g.shemesh,3,WKS-HQ-06,,,,
2026-06-08 10:37:56,4624,SRV-FILE-HQ,f.zohar,3,WKS-IT-29,,,,
2026-06-08 10:37:57,4769,SRV-DC-01,y.oren,,WKS-HQ-05,mssqlsvc_svc,,,MSSQLSvc/srv-cardproc.northgate.local:1433
2026-06-08 10:37:58,5140,SRV-FILE-HQ,f.zohar,3,WKS-IT-29,,,,\\SRV-FILE-HQ\IT
2026-06-08 10:44:19,4624,SRV-FILE-HQ,l.beit,3,WKS-HQ-13,,,,
2026-06-08 10:48:57,4624,SRV-FILE-HQ,y.oren,3,WKS-HQ-05,,,,
2026-06-08 10:56:29,4688,WKS-IT-08,h.peretz,,,,excel.exe,excel.exe /dde,
2026-06-08 10:56:30,4769,SRV-DC-01,s.mor,,WKS-HQ-23,mssqlsvc_svc,,,MSSQLSvc/srv-cardproc.northgate.local:1433
2026-06-08 10:56:51,4624,SRV-FILE-HQ,n.barzilai,3,WKS-HQ-04,,,,
2026-06-08 11:05:38,4769,SRV-DC-01,u.regev,,WKS-HQ-28,http_svc,,,HTTP/web-supplier.northgate.local
2026-06-08 11:10:10,4624,SRV-FILE-HQ,e.katz,3,WKS-SEC-03,,,,
2026-06-08 11:11:43,4624,SRV-FILE-HQ,n.hazan,3,WKS-HQ-15,,,,
2026-06-08 11:18:18,4769,SRV-DC-01,k.oz,,WKS-HQ-20,mssqlsvc_svc,,,MSSQLSvc/srv-posmgt.northgate.local:1433
2026-06-08 11:20:38,4624,SRV-FILE-HQ,r.stern,3,WKS-PAY-02,,,,
2026-06-08 11:20:43,4624,SRV-FILE-HQ,n.hazan,3,WKS-HQ-15,,,,
2026-06-08 11:24:45,4688,WKS-PAY-11,s.arbel,,,,excel.exe,excel.exe /dde,
2026-06-08 11:35:54,4688,WKS-HQ-16,e.shalom,,,,teams.exe,teams.exe --system-initiated,
2026-06-08 11:36:36,4769,SRV-DC-01,a.mizrahi,,WKS-IT-01,mssqlsvc_svc,,,MSSQLSvc/srv-posmgt.northgate.local:1433
2026-06-08 11:42:51,4624,SRV-FILE-HQ,n.barzilai,3,WKS-HQ-04,,,,
2026-06-08 11:55:33,4688,WKS-PAY-12,t.hadar,,,,excel.exe,excel.exe /dde,
2026-06-08 12:02:57,4624,SRV-FILE-HQ,y.oren,3,WKS-HQ-05,,,,
2026-06-08 12:05:10,4624,SRV-FILE-HQ,e.katz,3,WKS-SEC-03,,,,
2026-06-08 12:09:18,4769,SRV-DC-01,k.oz,,WKS-HQ-20,mssqlsvc_svc,,,MSSQLSvc/srv-posmgt.northgate.local:1433
2026-06-08 12:09:48,4688,WKS-HQ-17,a.dahan,,,,chrome.exe,chrome.exe --restore-last-session,
2026-06-08 12:10:57,4624,SRV-FILE-HQ,y.oren,3,WKS-HQ-05,,,,
2026-06-08 12:10:59,5140,SRV-FILE-HQ,y.oren,3,WKS-HQ-05,,,,\\SRV-FILE-HQ\Procurement
2026-06-08 12:12:33,4624,SRV-FILE-HQ,t.hadar,3,WKS-PAY-12,,,,
2026-06-08 12:17:18,4769,SRV-DC-01,k.oz,,WKS-HQ-20,mssqlsvc_svc,,,MSSQLSvc/srv-cardproc.northgate.local:1433
2026-06-08 12:24:48,4624,SRV-FILE-HQ,a.dahan,3,WKS-HQ-17,,,,
2026-06-08 12:35:54,4624,SRV-FILE-HQ,c.barak,3,WKS-HQ-27,,,,
2026-06-08 12:49:10,4769,SRV-DC-01,e.katz,,WKS-SEC-03,http_svc,,,HTTP/web-supplier.northgate.local
2026-06-08 13:01:29,4624,SRV-FILE-HQ,h.peretz,3,WKS-IT-08,,,,
2026-06-08 13:01:31,5140,SRV-FILE-HQ,h.peretz,3,WKS-IT-08,,,,\\SRV-FILE-HQ\IT
2026-06-08 13:02:45,4624,SRV-CARDPROC,s.arbel,3,WKS-PAY-11,,,,
2026-06-08 13:13:48,4624,SRV-FILE-HQ,a.dahan,3,WKS-HQ-17,,,,
2026-06-08 13:13:50,5140,SRV-FILE-HQ,a.dahan,3,WKS-HQ-17,,,,\\SRV-FILE-HQ\HR
2026-06-08 13:14:15,4769,SRV-DC-01,d.levi,,WKS-SEC-10,http_svc,,,HTTP/web-supplier.northgate.local
2026-06-08 13:23:40,4624,SRV-FILE-HQ,y.segev,3,WKS-HQ-19,,,,
2026-06-08 13:26:19,4688,WKS-HQ-13,l.beit,,,,outlook.exe,outlook.exe /recycle,
2026-06-08 13:28:30,4624,SRV-FILE-HQ,s.mor,3,WKS-HQ-23,,,,
2026-06-08 13:30:02,4769,SRV-DC-01,b.naim,,WKS-HQ-21,mssqlsvc_svc,,,MSSQLSvc/srv-cardproc.northgate.local:1433
2026-06-08 13:30:15,4624,SRV-FILE-HQ,d.levi,3,WKS-SEC-10,,,,
2026-06-08 13:31:34,4624,SRV-FILE-HQ,g.shemesh,3,WKS-HQ-06,,,,
2026-06-08 13:42:29,4624,SRV-DC-01,h.peretz,3,WKS-IT-08,,,,
2026-06-08 13:54:03,4769,SRV-DC-01,v.harel,,WKS-HQ-24,cifs_svc,,,CIFS/srv-file-hq.northgate.local
2026-06-08 13:56:01,4688,WKS-HQ-25,z.amar,,,,outlook.exe,outlook.exe /recycle,
2026-06-08 14:04:49,4624,SRV-FILE-HQ,m.saban,3,WKS-IT-09,,,,
2026-06-08 14:04:51,5140,SRV-FILE-HQ,m.saban,3,WKS-IT-09,,,,\\SRV-FILE-HQ\IT
2026-06-08 14:05:38,4769,SRV-DC-01,u.regev,,WKS-HQ-28,mssqlsvc_svc,,,MSSQLSvc/srv-posmgt.northgate.local:1433
2026-06-08 14:05:49,4624,SRV-FILE-HQ,m.saban,3,WKS-IT-09,,,,
2026-06-08 14:12:43,4769,SRV-DC-01,n.hazan,,WKS-HQ-15,mssqlsvc_svc,,,MSSQLSvc/srv-posmgt.northgate.local:1433
2026-06-08 14:16:36,4624,SRV-DC-01,a.mizrahi,3,WKS-IT-01,,,,
2026-06-08 14:16:38,5140,SRV-DC-01,a.mizrahi,3,WKS-IT-01,,,,\\SRV-DC-01\IT
2026-06-08 14:17:36,4624,SRV-DC-01,a.mizrahi,3,WKS-IT-01,,,,
2026-06-08 14:18:10,4624,SRV-FILE-HQ,e.katz,3,WKS-SEC-03,,,,
2026-06-08 14:18:12,5140,SRV-FILE-HQ,e.katz,3,WKS-SEC-03,,,,\\SRV-FILE-HQ\IT
2026-06-08 14:24:02,4688,WKS-HQ-21,b.naim,,,,winword.exe,winword.exe /w,
2026-06-08 14:24:30,4624,SRV-FILE-HQ,s.mor,3,WKS-HQ-23,,,,
2026-06-08 14:49:29,4769,SRV-DC-01,h.peretz,,WKS-IT-08,mssqlsvc_svc,,,MSSQLSvc/srv-posmgt.northgate.local:1433
2026-06-08 14:51:17,4624,SRV-FILE-HQ,g.ben-ari,3,WKS-PAY-30,,,,
2026-06-08 14:56:40,4769,SRV-DC-01,y.segev,,WKS-HQ-19,mssqlsvc_svc,,,MSSQLSvc/srv-posmgt.northgate.local:1433
2026-06-08 15:06:15,4624,SRV-FILE-HQ,d.levi,3,WKS-SEC-10,,,,
2026-06-08 15:16:33,4769,SRV-DC-01,t.hadar,,WKS-PAY-12,http_svc,,,HTTP/web-supplier.northgate.local
2026-06-08 15:16:43,4624,SRV-FILE-HQ,n.hazan,3,WKS-HQ-15,,,,
2026-06-08 15:22:51,4624,SRV-FILE-HQ,n.barzilai,3,WKS-HQ-04,,,,
2026-06-08 15:37:48,4769,SRV-DC-01,a.dahan,,WKS-HQ-17,http_svc,,,HTTP/web-supplier.northgate.local
2026-06-08 15:44:54,4769,SRV-DC-01,c.barak,,WKS-HQ-27,mssqlsvc_svc,,,MSSQLSvc/srv-posmgt.northgate.local:1433
2026-06-08 15:45:40,4624,SRV-FILE-HQ,y.segev,3,WKS-HQ-19,,,,
2026-06-08 15:51:56,4769,SRV-DC-01,p.stein,,WKS-HQ-26,mssqlsvc_svc,,,MSSQLSvc/srv-cardproc.northgate.local:1433
2026-06-08 15:54:43,4688,WKS-HQ-15,n.hazan,,,,teams.exe,teams.exe --system-initiated,
2026-06-08 15:54:49,4624,SRV-DC-01,m.saban,3,WKS-IT-09,,,,
2026-06-08 15:54:51,5140,SRV-DC-01,m.saban,3,WKS-IT-09,,,,\\SRV-DC-01\IT
2026-06-08 16:03:29,4769,SRV-DC-01,h.peretz,,WKS-IT-08,http_svc,,,HTTP/web-supplier.northgate.local
2026-06-08 16:03:57,4688,WKS-HQ-05,y.oren,,,,chrome.exe,chrome.exe --restore-last-session,
2026-06-08 16:04:33,4624,SRV-FILE-HQ,t.hadar,3,WKS-PAY-12,,,,
2026-06-08 16:04:35,5140,SRV-FILE-HQ,t.hadar,3,WKS-PAY-12,,,,\\SRV-FILE-HQ\Payments
2026-06-08 16:08:49,4769,SRV-DC-01,m.saban,,WKS-IT-09,mssqlsvc_svc,,,MSSQLSvc/srv-posmgt.northgate.local:1433
2026-06-08 16:11:35,4634,WKS-HQ-25,z.amar,2,,,,,
2026-06-08 16:14:19,4624,SRV-FILE-HQ,l.beit,3,WKS-HQ-13,,,,
2026-06-08 16:15:27,4634,WKS-PAY-02,r.stern,2,,,,,
2026-06-08 16:24:03,4624,SRV-FILE-HQ,o.raviv,3,WKS-HQ-07,,,,
2026-06-08 16:26:19,4769,SRV-DC-01,l.beit,,WKS-HQ-13,mssqlsvc_svc,,,MSSQLSvc/srv-posmgt.northgate.local:1433
2026-06-08 16:26:50,4634,WKS-PAY-30,g.ben-ari,2,,,,,
2026-06-08 16:27:29,4624,SRV-DC-01,h.peretz,3,WKS-IT-08,,,,
2026-06-08 16:27:31,5140,SRV-DC-01,h.peretz,3,WKS-IT-08,,,,\\SRV-DC-01\IT
2026-06-08 16:32:53,4634,WKS-PAY-11,s.arbel,2,,,,,
2026-06-08 16:37:48,4769,SRV-DC-01,a.dahan,,WKS-HQ-17,mssqlsvc_svc,,,MSSQLSvc/srv-cardproc.northgate.local:1433
2026-06-08 16:38:56,4624,SRV-FILE-HQ,p.stein,3,WKS-HQ-26,,,,
2026-06-08 16:39:27,4634,WKS-IT-09,m.saban,2,,,,,
2026-06-08 16:42:44,4634,WKS-IT-01,a.mizrahi,2,,,,,
2026-06-08 16:43:03,4624,SRV-FILE-HQ,o.raviv,3,WKS-HQ-07,,,,
2026-06-08 16:43:33,4624,SRV-FILE-HQ,t.hadar,3,WKS-PAY-12,,,,
2026-06-08 16:50:43,4634,WKS-IT-29,f.zohar,2,,,,,
2026-06-08 16:51:40,4624,SRV-FILE-HQ,y.segev,3,WKS-HQ-19,,,,
2026-06-08 16:51:42,5140,SRV-FILE-HQ,y.segev,3,WKS-HQ-19,,,,\\SRV-FILE-HQ\Logistics
2026-06-08 16:51:54,4634,WKS-HQ-24,v.harel,2,,,,,
2026-06-08 16:55:59,4634,WKS-HQ-19,y.segev,2,,,,,
2026-06-08 16:56:35,4634,WKS-HQ-06,g.shemesh,2,,,,,
2026-06-08 16:59:15,4634,WKS-SEC-10,d.levi,2,,,,,
2026-06-08 17:01:29,4634,WKS-PAY-12,t.hadar,2,,,,,
2026-06-08 17:05:38,4624,SRV-FILE-HQ,u.regev,3,WKS-HQ-28,,,,
2026-06-08 17:05:40,5140,SRV-FILE-HQ,u.regev,3,WKS-HQ-28,,,,\\SRV-FILE-HQ\Marketing
2026-06-08 17:11:51,4634,WKS-HQ-05,y.oren,2,,,,,
2026-06-08 17:15:19,4624,SRV-FILE-HQ,l.beit,3,WKS-HQ-13,,,,
2026-06-08 17:18:59,4634,WKS-HQ-07,o.raviv,2,,,,,
2026-06-08 17:20:22,4634,WKS-SEC-03,e.katz,2,,,,,
2026-06-08 17:20:45,4634,WKS-HQ-04,n.barzilai,2,,,,,
2026-06-08 17:25:33,4634,WKS-HQ-26,p.stein,2,,,,,
2026-06-08 17:29:10,4634,WKS-HQ-21,b.naim,2,,,,,
2026-06-08 17:35:58,4634,WKS-HQ-16,e.shalom,2,,,,,
2026-06-08 17:37:51,4634,WKS-HQ-22,i.golan,2,,,,,
2026-06-08 17:38:27,4634,WKS-HQ-17,a.dahan,2,,,,,
2026-06-08 17:48:38,4634,WKS-HQ-20,k.oz,2,,,,,
2026-06-08 17:57:41,4634,WKS-HQ-23,s.mor,2,,,,,
2026-06-08 18:10:15,4634,WKS-HQ-13,l.beit,2,,,,,
2026-06-08 18:40:35,4634,WKS-IT-08,h.peretz,2,,,,,
2026-06-08 18:54:30,4634,WKS-HQ-28,u.regev,2,,,,,
2026-06-08 19:01:22,4634,WKS-HQ-18,m.tal,2,,,,,
2026-06-08 19:06:09,4634,WKS-HQ-27,c.barak,2,,,,,
2026-06-08 19:10:49,4634,WKS-HQ-15,n.hazan,2,,,,,
2026-06-09 07:24:06,4624,WKS-HQ-25,z.amar,2,WKS-HQ-25,,,,
2026-06-09 07:29:43,4624,WKS-HQ-22,i.golan,2,WKS-HQ-22,,,,
2026-06-09 07:33:35,4624,WKS-HQ-23,s.mor,2,WKS-HQ-23,,,,
2026-06-09 07:38:45,4624,WKS-HQ-24,v.harel,2,WKS-HQ-24,,,,
2026-06-09 07:39:43,4624,WKS-HQ-26,p.stein,2,WKS-HQ-26,,,,
2026-06-09 07:45:06,4624,SRV-POSMGT,z.amar,3,WKS-HQ-25,,,,
2026-06-09 07:46:42,4624,WKS-PAY-02,r.stern,2,WKS-PAY-02,,,,
2026-06-09 07:57:48,4624,WKS-PAY-11,s.arbel,2,WKS-PAY-11,,,,
2026-06-09 08:05:35,4624,WKS-IT-01,a.mizrahi,2,WKS-IT-01,,,,
2026-06-09 08:05:36,4672,WKS-IT-01,a.mizrahi,2,,,,,
2026-06-09 08:12:35,4624,SRV-FILE-HQ,a.mizrahi,3,WKS-IT-01,,,,
2026-06-09 08:12:36,4624,WKS-SEC-03,e.katz,2,WKS-SEC-03,,,,
2026-06-09 08:13:58,4625,WKS-HQ-19,y.segev,2,WKS-HQ-19,,,,
2026-06-09 08:17:47,4624,WKS-HQ-19,y.segev,2,WKS-HQ-19,,,,
2026-06-09 08:21:36,4624,WKS-HQ-28,u.regev,2,WKS-HQ-28,,,,
2026-06-09 08:25:09,4624,WKS-PAY-30,g.ben-ari,2,WKS-PAY-30,,,,
2026-06-09 08:29:16,4624,WKS-HQ-07,o.raviv,2,WKS-HQ-07,,,,
2026-06-09 08:31:46,4624,WKS-HQ-16,e.shalom,2,WKS-HQ-16,,,,
2026-06-09 08:40:57,4624,WKS-HQ-14,r.avni,2,WKS-HQ-14,,,,
2026-06-09 08:43:52,4624,WKS-HQ-21,b.naim,2,WKS-HQ-21,,,,
2026-06-09 08:44:43,4769,SRV-DC-01,i.golan,,WKS-HQ-22,mssqlsvc_svc,,,MSSQLSvc/srv-posmgt.northgate.local:1433
2026-06-09 08:48:20,4624,WKS-HQ-27,c.barak,2,WKS-HQ-27,,,,
2026-06-09 08:54:33,4624,WKS-IT-08,h.peretz,2,WKS-IT-08,,,,
2026-06-09 08:55:41,4624,WKS-HQ-13,l.beit,2,WKS-HQ-13,,,,
2026-06-09 08:58:30,4624,WKS-HQ-20,k.oz,2,WKS-HQ-20,,,,
2026-06-09 09:02:15,4624,WKS-HQ-18,m.tal,2,WKS-HQ-18,,,,
2026-06-09 09:03:16,4624,SRV-FILE-HQ,o.raviv,3,WKS-HQ-07,,,,
2026-06-09 09:03:57,4624,SRV-FILE-HQ,r.avni,3,WKS-HQ-14,,,,
2026-06-09 09:03:59,5140,SRV-FILE-HQ,r.avni,3,WKS-HQ-14,,,,\\SRV-FILE-HQ\Procurement
2026-06-09 09:11:15,4624,SRV-FILE-HQ,m.tal,3,WKS-HQ-18,,,,
2026-06-09 09:11:43,4769,SRV-DC-01,p.stein,,WKS-HQ-26,mssqlsvc_svc,,,MSSQLSvc/srv-posmgt.northgate.local:1433
2026-06-09 09:13:57,4624,WKS-HQ-06,g.shemesh,2,WKS-HQ-06,,,,
2026-06-09 09:14:16,4624,WKS-HQ-15,n.hazan,2,WKS-HQ-15,,,,
2026-06-09 09:16:47,4624,WKS-HQ-17,a.dahan,2,WKS-HQ-17,,,,
2026-06-09 09:22:48,4624,SRV-CARDPROC,s.arbel,3,WKS-PAY-11,,,,
2026-06-09 09:22:50,5140,SRV-CARDPROC,s.arbel,3,WKS-PAY-11,,,,\\SRV-CARDPROC\Payments
2026-06-09 09:29:24,4624,WKS-HQ-04,n.barzilai,2,WKS-HQ-04,,,,
2026-06-09 09:33:36,4769,SRV-DC-01,u.regev,,WKS-HQ-28,mssqlsvc_svc,,,MSSQLSvc/srv-posmgt.northgate.local:1433
2026-06-09 09:35:16,4624,SRV-FILE-HQ,o.raviv,3,WKS-HQ-07,,,,
2026-06-09 09:35:18,5140,SRV-FILE-HQ,o.raviv,3,WKS-HQ-07,,,,\\SRV-FILE-HQ\Finance
2026-06-09 09:42:42,4624,SRV-CARDPROC,r.stern,3,WKS-PAY-02,,,,
2026-06-09 09:48:47,4688,WKS-HQ-19,y.segev,,,,outlook.exe,outlook.exe /recycle,
2026-06-09 09:49:16,4624,SRV-FILE-HQ,n.hazan,3,WKS-HQ-15,,,,
2026-06-09 09:52:43,4624,SRV-FILE-HQ,p.stein,3,WKS-HQ-26,,,,
2026-06-09 09:52:45,5140,SRV-FILE-HQ,p.stein,3,WKS-HQ-26,,,,\\SRV-FILE-HQ\Branches
2026-06-09 09:52:57,4769,SRV-DC-01,r.avni,,WKS-HQ-14,cifs_svc,,,CIFS/srv-file-hq.northgate.local
2026-06-09 09:55:45,4769,SRV-DC-01,v.harel,,WKS-HQ-24,mssqlsvc_svc,,,MSSQLSvc/srv-posmgt.northgate.local:1433
2026-06-09 10:00:45,4624,SRV-FILE-HQ,v.harel,3,WKS-HQ-24,,,,
2026-06-09 10:01:48,4769,SRV-DC-01,s.arbel,,WKS-PAY-11,cifs_svc,,,CIFS/srv-file-hq.northgate.local
2026-06-09 10:04:36,4624,SRV-DC-01,e.katz,3,WKS-SEC-03,,,,
2026-06-09 10:12:20,4624,SRV-FILE-HQ,c.barak,3,WKS-HQ-27,,,,
2026-06-09 10:15:43,4769,SRV-DC-01,p.stein,,WKS-HQ-26,mssqlsvc_svc,,,MSSQLSvc/srv-cardproc.northgate.local:1433
2026-06-09 10:24:15,4769,SRV-DC-01,m.tal,,WKS-HQ-18,mssqlsvc_svc,,,MSSQLSvc/srv-posmgt.northgate.local:1433
2026-06-09 10:38:35,4769,SRV-DC-01,s.mor,,WKS-HQ-23,mssqlsvc_svc,,,MSSQLSvc/srv-posmgt.northgate.local:1433
2026-06-09 10:40:57,4624,SRV-FILE-HQ,r.avni,3,WKS-HQ-14,,,,
2026-06-09 10:40:59,5140,SRV-FILE-HQ,r.avni,3,WKS-HQ-14,,,,\\SRV-FILE-HQ\Vendors
2026-06-09 10:43:45,4624,SRV-POSMGT,v.harel,3,WKS-HQ-24,,,,
2026-06-09 10:43:47,5140,SRV-POSMGT,v.harel,3,WKS-HQ-24,,,,\\SRV-POSMGT\Branches
2026-06-09 10:48:35,4769,SRV-DC-01,a.mizrahi,,WKS-IT-01,cifs_svc,,,CIFS/srv-file-hq.northgate.local
2026-06-09 10:56:43,4624,SRV-POSMGT,i.golan,3,WKS-HQ-22,,,,
2026-06-09 11:06:09,4769,SRV-DC-01,g.ben-ari,,WKS-PAY-30,mssqlsvc_svc,,,MSSQLSvc/srv-posmgt.northgate.local:1433
2026-06-09 11:08:57,4769,SRV-DC-01,r.avni,,WKS-HQ-14,mssqlsvc_svc,,,MSSQLSvc/srv-posmgt.northgate.local:1433
2026-06-09 11:13:52,4688,WKS-HQ-21,b.naim,,,,chrome.exe,chrome.exe --restore-last-session,
2026-06-09 11:17:36,4624,SRV-FILE-HQ,u.regev,3,WKS-HQ-28,,,,
2026-06-09 11:26:47,4624,SRV-FILE-HQ,y.segev,3,WKS-HQ-19,,,,
2026-06-09 11:26:49,5140,SRV-FILE-HQ,y.segev,3,WKS-HQ-19,,,,\\SRV-FILE-HQ\Logistics
2026-06-09 11:28:36,4624,SRV-FILE-HQ,u.regev,3,WKS-HQ-28,,,,
2026-06-09 11:40:47,4769,SRV-DC-01,a.dahan,,WKS-HQ-17,mssqlsvc_svc,,,MSSQLSvc/srv-cardproc.northgate.local:1433
2026-06-09 11:49:41,4624,SRV-FILE-HQ,l.beit,3,WKS-HQ-13,,,,
2026-06-09 11:49:43,5140,SRV-FILE-HQ,l.beit,3,WKS-HQ-13,,,,\\SRV-FILE-HQ\Vendors
2026-06-09 11:51:20,4769,SRV-DC-01,c.barak,,WKS-HQ-27,mssqlsvc_svc,,,MSSQLSvc/srv-posmgt.northgate.local:1433
2026-06-09 11:56:47,4769,SRV-DC-01,y.segev,,WKS-HQ-19,http_svc,,,HTTP/web-supplier.northgate.local
2026-06-09 11:58:35,4624,SRV-POSMGT,s.mor,3,WKS-HQ-23,,,,
2026-06-09 11:58:37,5140,SRV-POSMGT,s.mor,3,WKS-HQ-23,,,,\\SRV-POSMGT\Branches
2026-06-09 12:04:57,4769,SRV-DC-01,g.shemesh,,WKS-HQ-06,mssqlsvc_svc,,,MSSQLSvc/srv-cardproc.northgate.local:1433
2026-06-09 12:05:47,4624,SRV-FILE-HQ,y.segev,3,WKS-HQ-19,,,,
2026-06-09 12:06:20,4624,SRV-FILE-HQ,c.barak,3,WKS-HQ-27,,,,
2026-06-09 12:06:41,4769,SRV-DC-01,l.beit,,WKS-HQ-13,mssqlsvc_svc,,,MSSQLSvc/srv-posmgt.northgate.local:1433
2026-06-09 12:10:36,4624,SRV-FILE-HQ,u.regev,3,WKS-HQ-28,,,,
2026-06-09 12:25:06,4769,SRV-DC-01,z.amar,,WKS-HQ-25,mssqlsvc_svc,,,MSSQLSvc/srv-posmgt.northgate.local:1433
2026-06-09 12:29:09,4624,SRV-CARDPROC,g.ben-ari,3,WKS-PAY-30,,,,
2026-06-09 12:37:43,4769,SRV-DC-01,p.stein,,WKS-HQ-26,http_svc,,,HTTP/web-supplier.northgate.local
2026-06-09 12:39:36,4624,SRV-DC-01,e.katz,3,WKS-SEC-03,,,,
2026-06-09 12:40:35,4624,SRV-POSMGT,s.mor,3,WKS-HQ-23,,,,
2026-06-09 12:51:36,4769,SRV-DC-01,e.katz,,WKS-SEC-03,mssqlsvc_svc,,,MSSQLSvc/srv-posmgt.northgate.local:1433
2026-06-09 12:55:43,4624,SRV-FILE-HQ,i.golan,3,WKS-HQ-22,,,,
2026-06-09 13:01:45,4769,SRV-DC-01,v.harel,,WKS-HQ-24,cifs_svc,,,CIFS/srv-file-hq.northgate.local
2026-06-09 13:03:15,4624,SRV-FILE-HQ,m.tal,3,WKS-HQ-18,,,,
2026-06-09 13:17:41,4624,SRV-FILE-HQ,l.beit,3,WKS-HQ-13,,,,
2026-06-09 13:31:24,4769,SRV-DC-01,n.barzilai,,WKS-HQ-04,mssqlsvc_svc,,,MSSQLSvc/srv-cardproc.northgate.local:1433
2026-06-09 13:34:33,4769,SRV-DC-01,h.peretz,,WKS-IT-08,mssqlsvc_svc,,,MSSQLSvc/srv-posmgt.northgate.local:1433
2026-06-09 13:34:35,4624,SRV-DC-01,a.mizrahi,3,WKS-IT-01,,,,
2026-06-09 13:34:45,4688,WKS-HQ-24,v.harel,,,,chrome.exe,chrome.exe --restore-last-session,
2026-06-09 13:39:36,4624,SRV-FILE-HQ,e.katz,3,WKS-SEC-03,,,,
2026-06-09 13:39:47,4624,SRV-FILE-HQ,a.dahan,3,WKS-HQ-17,,,,
2026-06-09 13:39:49,5140,SRV-FILE-HQ,a.dahan,3,WKS-HQ-17,,,,\\SRV-FILE-HQ\HR
2026-06-09 13:41:09,4688,WKS-PAY-30,g.ben-ari,,,,outlook.exe,outlook.exe /recycle,
2026-06-09 13:46:43,4624,SRV-FILE-HQ,i.golan,3,WKS-HQ-22,,,,
2026-06-09 13:46:45,5140,SRV-FILE-HQ,i.golan,3,WKS-HQ-22,,,,\\SRV-FILE-HQ\Branches
2026-06-09 13:48:57,4769,SRV-DC-01,r.avni,,WKS-HQ-14,mssqlsvc_svc,,,MSSQLSvc/srv-posmgt.northgate.local:1433
2026-06-09 14:01:36,4769,SRV-DC-01,e.katz,,WKS-SEC-03,cifs_svc,,,CIFS/srv-file-hq.northgate.local
2026-06-09 14:02:42,4624,SRV-CARDPROC,r.stern,3,WKS-PAY-02,,,,
2026-06-09 14:06:36,4769,SRV-DC-01,e.katz,,WKS-SEC-03,mssqlsvc_svc,,,MSSQLSvc/srv-posmgt.northgate.local:1433
2026-06-09 14:10:43,4769,SRV-DC-01,i.golan,,WKS-HQ-22,http_svc,,,HTTP/web-supplier.northgate.local
2026-06-09 14:15:48,4769,SRV-DC-01,s.arbel,,WKS-PAY-11,mssqlsvc_svc,,,MSSQLSvc/srv-posmgt.northgate.local:1433
2026-06-09 14:16:45,4769,SRV-DC-01,v.harel,,WKS-HQ-24,mssqlsvc_svc,,,MSSQLSvc/srv-posmgt.northgate.local:1433
2026-06-09 14:19:24,4769,SRV-DC-01,n.barzilai,,WKS-HQ-04,cifs_svc,,,CIFS/srv-file-hq.northgate.local
2026-06-09 14:22:43,4624,SRV-FILE-HQ,p.stein,3,WKS-HQ-26,,,,
2026-06-09 14:38:16,4624,SRV-FILE-HQ,n.hazan,3,WKS-HQ-15,,,,
2026-06-09 14:38:52,4769,SRV-DC-01,b.naim,,WKS-HQ-21,cifs_svc,,,CIFS/srv-file-hq.northgate.local
2026-06-09 14:39:20,4769,SRV-DC-01,c.barak,,WKS-HQ-27,cifs_svc,,,CIFS/srv-file-hq.northgate.local
2026-06-09 14:50:30,4624,SRV-FILE-HQ,k.oz,3,WKS-HQ-20,,,,
2026-06-09 15:08:52,4624,SRV-FILE-HQ,b.naim,3,WKS-HQ-21,,,,
2026-06-09 15:08:54,5140,SRV-FILE-HQ,b.naim,3,WKS-HQ-21,,,,\\SRV-FILE-HQ\Logistics
2026-06-09 15:12:35,4769,SRV-DC-01,a.mizrahi,,WKS-IT-01,cifs_svc,,,CIFS/srv-file-hq.northgate.local
2026-06-09 15:17:41,4624,SRV-FILE-HQ,l.beit,3,WKS-HQ-13,,,,
2026-06-09 15:24:43,4624,SRV-POSMGT,p.stein,3,WKS-HQ-26,,,,
2026-06-09 15:25:16,4624,SRV-FILE-HQ,o.raviv,3,WKS-HQ-07,,,,
2026-06-09 15:25:18,5140,SRV-FILE-HQ,o.raviv,3,WKS-HQ-07,,,,\\SRV-FILE-HQ\Finance
2026-06-09 15:34:35,4624,SRV-FILE-HQ,a.mizrahi,3,WKS-IT-01,,,,
2026-06-09 15:34:37,5140,SRV-FILE-HQ,a.mizrahi,3,WKS-IT-01,,,,\\SRV-FILE-HQ\IT
2026-06-09 15:47:46,4769,SRV-DC-01,e.shalom,,WKS-HQ-16,http_svc,,,HTTP/web-supplier.northgate.local
2026-06-09 15:53:33,4624,SRV-FILE-HQ,h.peretz,3,WKS-IT-08,,,,
2026-06-09 15:56:41,4688,WKS-HQ-13,l.beit,,,,teams.exe,teams.exe --system-initiated,
2026-06-09 16:02:24,4624,SRV-FILE-HQ,n.barzilai,3,WKS-HQ-04,,,,
2026-06-09 16:02:26,5140,SRV-FILE-HQ,n.barzilai,3,WKS-HQ-04,,,,\\SRV-FILE-HQ\Finance
2026-06-09 16:03:40,4634,WKS-HQ-22,i.golan,2,,,,,
2026-06-09 16:05:30,4769,SRV-DC-01,k.oz,,WKS-HQ-20,http_svc,,,HTTP/web-supplier.northgate.local
2026-06-09 16:09:50,4634,WKS-HQ-23,s.mor,2,,,,,
2026-06-09 16:11:21,4634,WKS-HQ-24,v.harel,2,,,,,
2026-06-09 16:12:47,4634,WKS-HQ-25,z.amar,2,,,,,
2026-06-09 16:26:36,4624,SRV-FILE-HQ,u.regev,3,WKS-HQ-28,,,,
2026-06-09 16:26:38,5140,SRV-FILE-HQ,u.regev,3,WKS-HQ-28,,,,\\SRV-FILE-HQ\Marketing
2026-06-09 16:30:48,4634,WKS-PAY-11,s.arbel,2,,,,,
2026-06-09 16:36:41,4769,SRV-DC-01,l.beit,,WKS-HQ-13,mssqlsvc_svc,,,MSSQLSvc/srv-posmgt.northgate.local:1433
2026-06-09 16:37:52,4634,WKS-IT-01,a.mizrahi,2,,,,,
2026-06-09 16:41:45,4634,WKS-PAY-02,r.stern,2,,,,,
2026-06-09 16:46:30,4769,SRV-DC-01,k.oz,,WKS-HQ-20,mssqlsvc_svc,,,MSSQLSvc/srv-cardproc.northgate.local:1433
2026-06-09 17:00:47,4634,WKS-HQ-27,c.barak,2,,,,,
2026-06-09 17:02:52,4624,SRV-FILE-HQ,b.naim,3,WKS-HQ-21,,,,
2026-06-09 17:07:57,4688,WKS-HQ-06,g.shemesh,,,,teams.exe,teams.exe --system-initiated,
2026-06-09 17:10:05,4634,WKS-HQ-13,l.beit,2,,,,,
2026-06-09 17:11:12,4634,WKS-HQ-21,b.naim,2,,,,,
2026-06-09 17:22:22,4634,WKS-SEC-03,e.katz,2,,,,,
2026-06-09 17:22:27,4634,WKS-HQ-15,n.hazan,2,,,,,
2026-06-09 17:25:40,4634,WKS-HQ-16,e.shalom,2,,,,,
2026-06-09 17:44:48,4634,WKS-PAY-30,g.ben-ari,2,,,,,
2026-06-09 17:45:47,4624,SRV-FILE-HQ,a.dahan,3,WKS-HQ-17,,,,
2026-06-09 17:45:49,5140,SRV-FILE-HQ,a.dahan,3,WKS-HQ-17,,,,\\SRV-FILE-HQ\HR
2026-06-09 17:52:32,4634,WKS-IT-08,h.peretz,2,,,,,
2026-06-09 17:56:08,4634,WKS-HQ-26,p.stein,2,,,,,
2026-06-09 17:58:04,4634,WKS-HQ-20,k.oz,2,,,,,
2026-06-09 18:07:46,4634,WKS-HQ-07,o.raviv,2,,,,,
2026-06-09 18:12:36,4634,WKS-HQ-06,g.shemesh,2,,,,,
2026-06-09 18:28:14,4634,WKS-HQ-19,y.segev,2,,,,,
2026-06-09 18:30:39,4634,WKS-HQ-28,u.regev,2,,,,,
2026-06-09 18:43:18,4634,WKS-HQ-17,a.dahan,2,,,,,
2026-06-09 19:00:02,4634,WKS-HQ-04,n.barzilai,2,,,,,
2026-06-09 19:02:23,4634,WKS-HQ-14,r.avni,2,,,,,
2026-06-09 19:05:02,4634,WKS-HQ-18,m.tal,2,,,,,
2026-06-10 06:44:29,4624,WKS-HQ-25,z.amar,2,WKS-HQ-25,,,,
2026-06-10 06:58:29,4624,SRV-POSMGT,z.amar,3,WKS-HQ-25,,,,
2026-06-10 07:30:18,4624,WKS-HQ-22,i.golan,2,WKS-HQ-22,,,,
2026-06-10 07:42:30,4624,WKS-SEC-03,e.katz,2,WKS-SEC-03,,,,
2026-06-10 07:45:41,4624,WKS-IT-08,h.peretz,2,WKS-IT-08,,,,
2026-06-10 07:51:55,4624,WKS-PAY-11,s.arbel,2,WKS-PAY-11,,,,
2026-06-10 07:54:58,4624,WKS-HQ-24,v.harel,2,WKS-HQ-24,,,,
2026-06-10 07:55:38,4624,WKS-HQ-26,p.stein,2,WKS-HQ-26,,,,
2026-06-10 07:55:54,4624,WKS-IT-01,a.mizrahi,2,WKS-IT-01,,,,
2026-06-10 07:55:55,4672,WKS-IT-01,a.mizrahi,2,,,,,
2026-06-10 07:56:51,4624,WKS-PAY-30,g.ben-ari,2,WKS-PAY-30,,,,
2026-06-10 08:05:05,4624,WKS-PAY-02,r.stern,2,WKS-PAY-02,,,,
2026-06-10 08:07:30,4769,SRV-DC-01,e.katz,,WKS-SEC-03,http_svc,,,HTTP/web-supplier.northgate.local
2026-06-10 08:14:04,4624,WKS-PAY-12,t.hadar,2,WKS-PAY-12,,,,
2026-06-10 08:17:40,4624,WKS-HQ-19,y.segev,2,WKS-HQ-19,,,,
2026-06-10 08:21:52,4624,WKS-IT-09,m.saban,2,WKS-IT-09,,,,
2026-06-10 08:26:47,4624,WKS-HQ-13,l.beit,2,WKS-HQ-13,,,,
2026-06-10 08:27:29,4624,SRV-POSMGT,z.amar,3,WKS-HQ-25,,,,
2026-06-10 08:29:32,4624,WKS-HQ-05,y.oren,2,WKS-HQ-05,,,,
2026-06-10 08:33:34,4624,WKS-IT-29,f.zohar,2,WKS-IT-29,,,,
2026-06-10 08:34:16,4624,WKS-HQ-27,c.barak,2,WKS-HQ-27,,,,
2026-06-10 08:37:09,4624,WKS-HQ-20,k.oz,2,WKS-HQ-20,,,,
2026-06-10 08:39:05,4624,WKS-HQ-28,u.regev,2,WKS-HQ-28,,,,
2026-06-10 08:45:40,4624,WKS-SEC-10,d.levi,2,WKS-SEC-10,,,,
2026-06-10 08:48:40,4624,WKS-HQ-21,b.naim,2,WKS-HQ-21,,,,
2026-06-10 08:50:29,4769,SRV-DC-01,z.amar,,WKS-HQ-25,mssqlsvc_svc,,,MSSQLSvc/srv-cardproc.northgate.local:1433
2026-06-10 08:50:43,4624,WKS-HQ-15,n.hazan,2,WKS-HQ-15,,,,
2026-06-10 08:53:40,4624,SRV-FILE-HQ,b.naim,3,WKS-HQ-21,,,,
2026-06-10 08:57:49,4624,WKS-HQ-17,a.dahan,2,WKS-HQ-17,,,,
2026-06-10 08:59:10,4624,WKS-HQ-04,n.barzilai,2,WKS-HQ-04,,,,
2026-06-10 09:04:47,4769,SRV-DC-01,l.beit,,WKS-HQ-13,mssqlsvc_svc,,,MSSQLSvc/srv-posmgt.northgate.local:1433
2026-06-10 09:07:34,4769,SRV-DC-01,f.zohar,,WKS-IT-29,mssqlsvc_svc,,,MSSQLSvc/srv-cardproc.northgate.local:1433
2026-06-10 09:15:04,4624,WKS-HQ-07,o.raviv,2,WKS-HQ-07,,,,
2026-06-10 09:15:18,4769,SRV-DC-01,i.golan,,WKS-HQ-22,http_svc,,,HTTP/web-supplier.northgate.local
2026-06-10 09:22:10,4624,WKS-HQ-06,g.shemesh,2,WKS-HQ-06,,,,
2026-06-10 09:23:09,4769,SRV-DC-01,k.oz,,WKS-HQ-20,mssqlsvc_svc,,,MSSQLSvc/srv-cardproc.northgate.local:1433
2026-06-10 09:26:38,4769,SRV-DC-01,p.stein,,WKS-HQ-26,mssqlsvc_svc,,,MSSQLSvc/srv-posmgt.northgate.local:1433
2026-06-10 09:28:32,4624,SRV-FILE-HQ,y.oren,3,WKS-HQ-05,,,,
2026-06-10 09:29:43,4688,WKS-HQ-15,n.hazan,,,,excel.exe,excel.exe /dde,
2026-06-10 09:34:22,4624,WKS-HQ-18,m.tal,2,WKS-HQ-18,,,,
2026-06-10 09:44:34,4769,SRV-DC-01,f.zohar,,WKS-IT-29,mssqlsvc_svc,,,MSSQLSvc/srv-cardproc.northgate.local:1433
2026-06-10 09:44:40,4624,SRV-FILE-HQ,d.levi,3,WKS-SEC-10,,,,
2026-06-10 09:44:42,5140,SRV-FILE-HQ,d.levi,3,WKS-SEC-10,,,,\\SRV-FILE-HQ\IT
2026-06-10 09:46:05,4624,SRV-FILE-HQ,r.stern,3,WKS-PAY-02,,,,
2026-06-10 09:49:40,4624,SRV-FILE-HQ,y.segev,3,WKS-HQ-19,,,,
2026-06-10 09:54:32,4769,SRV-DC-01,y.oren,,WKS-HQ-05,http_svc,,,HTTP/web-supplier.northgate.local
2026-06-10 10:01:10,4769,SRV-DC-01,n.barzilai,,WKS-HQ-04,mssqlsvc_svc,,,MSSQLSvc/srv-cardproc.northgate.local:1433
2026-06-10 10:04:05,4624,SRV-CARDPROC,r.stern,3,WKS-PAY-02,,,,
2026-06-10 10:04:07,5140,SRV-CARDPROC,r.stern,3,WKS-PAY-02,,,,\\SRV-CARDPROC\Payments
2026-06-10 10:04:47,4624,SRV-FILE-HQ,l.beit,3,WKS-HQ-13,,,,
2026-06-10 10:04:49,5140,SRV-FILE-HQ,l.beit,3,WKS-HQ-13,,,,\\SRV-FILE-HQ\Vendors
2026-06-10 10:11:22,4624,SRV-FILE-HQ,m.tal,3,WKS-HQ-18,,,,
2026-06-10 10:12:43,4624,SRV-FILE-HQ,n.hazan,3,WKS-HQ-15,,,,
2026-06-10 10:12:45,5140,SRV-FILE-HQ,n.hazan,3,WKS-HQ-15,,,,\\SRV-FILE-HQ\Finance
2026-06-10 10:15:04,4624,SRV-FILE-HQ,t.hadar,3,WKS-PAY-12,,,,
2026-06-10 10:35:38,4769,SRV-DC-01,p.stein,,WKS-HQ-26,cifs_svc,,,CIFS/srv-file-hq.northgate.local
2026-06-10 10:42:41,4769,SRV-DC-01,h.peretz,,WKS-IT-08,mssqlsvc_svc,,,MSSQLSvc/srv-posmgt.northgate.local:1433
2026-06-10 10:43:05,4769,SRV-DC-01,r.stern,,WKS-PAY-02,mssqlsvc_svc,,,MSSQLSvc/srv-cardproc.northgate.local:1433
2026-06-10 10:51:32,4624,SRV-FILE-HQ,y.oren,3,WKS-HQ-05,,,,
2026-06-10 10:51:34,5140,SRV-FILE-HQ,y.oren,3,WKS-HQ-05,,,,\\SRV-FILE-HQ\Procurement
2026-06-10 10:53:09,4624,SRV-FILE-HQ,k.oz,3,WKS-HQ-20,,,,
2026-06-10 10:54:16,4769,SRV-DC-01,c.barak,,WKS-HQ-27,mssqlsvc_svc,,,MSSQLSvc/srv-cardproc.northgate.local:1433
2026-06-10 10:59:58,4769,SRV-DC-01,v.harel,,WKS-HQ-24,http_svc,,,HTTP/web-supplier.northgate.local
2026-06-10 11:00:04,4624,SRV-FILE-HQ,o.raviv,3,WKS-HQ-07,,,,
2026-06-10 11:04:18,4624,SRV-POSMGT,i.golan,3,WKS-HQ-22,,,,
2026-06-10 11:04:20,5140,SRV-POSMGT,i.golan,3,WKS-HQ-22,,,,\\SRV-POSMGT\Branches
2026-06-10 11:08:05,4769,SRV-DC-01,u.regev,,WKS-HQ-28,mssqlsvc_svc,,,MSSQLSvc/srv-posmgt.northgate.local:1433
2026-06-10 11:13:38,4624,SRV-POSMGT,p.stein,3,WKS-HQ-26,,,,
2026-06-10 11:19:29,4769,SRV-DC-01,z.amar,,WKS-HQ-25,mssqlsvc_svc,,,MSSQLSvc/srv-cardproc.northgate.local:1433
2026-06-10 11:20:52,4769,SRV-DC-01,m.saban,,WKS-IT-09,mssqlsvc_svc,,,MSSQLSvc/srv-posmgt.northgate.local:1433
2026-06-10 11:22:16,4769,SRV-DC-01,c.barak,,WKS-HQ-27,cifs_svc,,,CIFS/srv-file-hq.northgate.local
2026-06-10 11:23:10,4769,SRV-DC-01,g.shemesh,,WKS-HQ-06,mssqlsvc_svc,,,MSSQLSvc/srv-cardproc.northgate.local:1433
2026-06-10 11:27:10,4769,SRV-DC-01,n.barzilai,,WKS-HQ-04,mssqlsvc_svc,,,MSSQLSvc/srv-cardproc.northgate.local:1433
2026-06-10 11:31:29,4624,SRV-FILE-HQ,z.amar,3,WKS-HQ-25,,,,
2026-06-10 11:31:31,5140,SRV-FILE-HQ,z.amar,3,WKS-HQ-25,,,,\\SRV-FILE-HQ\Branches
2026-06-10 11:32:49,4769,SRV-DC-01,a.dahan,,WKS-HQ-17,mssqlsvc_svc,,,MSSQLSvc/srv-posmgt.northgate.local:1433
2026-06-10 11:38:43,4624,SRV-FILE-HQ,n.hazan,3,WKS-HQ-15,,,,
2026-06-10 11:39:05,4769,SRV-DC-01,r.stern,,WKS-PAY-02,mssqlsvc_svc,,,MSSQLSvc/srv-posmgt.northgate.local:1433
2026-06-10 11:53:43,4769,SRV-DC-01,n.hazan,,WKS-HQ-15,mssqlsvc_svc,,,MSSQLSvc/srv-cardproc.northgate.local:1433
2026-06-10 11:58:18,4624,SRV-POSMGT,i.golan,3,WKS-HQ-22,,,,
2026-06-10 12:01:04,4624,SRV-FILE-HQ,t.hadar,3,WKS-PAY-12,,,,
2026-06-10 12:01:06,5140,SRV-FILE-HQ,t.hadar,3,WKS-PAY-12,,,,\\SRV-FILE-HQ\Payments
2026-06-10 12:17:40,4624,SRV-DC-01,d.levi,3,WKS-SEC-10,,,,
2026-06-10 12:17:42,5140,SRV-DC-01,d.levi,3,WKS-SEC-10,,,,\\SRV-DC-01\IT
2026-06-10 12:25:55,4624,SRV-FILE-HQ,s.arbel,3,WKS-PAY-11,,,,
2026-06-10 12:27:40,4688,WKS-SEC-10,d.levi,,,,excel.exe,excel.exe /dde,
2026-06-10 12:36:47,4624,SRV-FILE-HQ,l.beit,3,WKS-HQ-13,,,,
2026-06-10 12:45:30,4624,SRV-DC-01,e.katz,3,WKS-SEC-03,,,,
2026-06-10 12:47:32,4624,SRV-FILE-HQ,y.oren,3,WKS-HQ-05,,,,
2026-06-10 12:47:34,5140,SRV-FILE-HQ,y.oren,3,WKS-HQ-05,,,,\\SRV-FILE-HQ\Procurement
2026-06-10 13:09:30,4769,SRV-DC-01,e.katz,,WKS-SEC-03,http_svc,,,HTTP/web-supplier.northgate.local
2026-06-10 13:16:52,4624,SRV-DC-01,m.saban,3,WKS-IT-09,,,,
2026-06-10 13:16:54,5140,SRV-DC-01,m.saban,3,WKS-IT-09,,,,\\SRV-DC-01\IT
2026-06-10 13:22:49,4624,SRV-FILE-HQ,a.dahan,3,WKS-HQ-17,,,,
2026-06-10 13:26:55,4769,SRV-DC-01,s.arbel,,WKS-PAY-11,mssqlsvc_svc,,,MSSQLSvc/srv-posmgt.northgate.local:1433
2026-06-10 13:32:54,4624,SRV-DC-01,a.mizrahi,3,WKS-IT-01,,,,
2026-06-10 13:32:56,5140,SRV-DC-01,a.mizrahi,3,WKS-IT-01,,,,\\SRV-DC-01\IT
2026-06-10 13:34:05,4624,SRV-FILE-HQ,u.regev,3,WKS-HQ-28,,,,
2026-06-10 13:34:07,5140,SRV-FILE-HQ,u.regev,3,WKS-HQ-28,,,,\\SRV-FILE-HQ\Marketing
2026-06-10 13:34:18,4769,SRV-DC-01,i.golan,,WKS-HQ-22,mssqlsvc_svc,,,MSSQLSvc/srv-cardproc.northgate.local:1433
2026-06-10 13:36:41,4624,SRV-DC-01,h.peretz,3,WKS-IT-08,,,,
2026-06-10 13:42:55,4769,SRV-DC-01,s.arbel,,WKS-PAY-11,mssqlsvc_svc,,,MSSQLSvc/srv-posmgt.northgate.local:1433
2026-06-10 13:43:16,4624,SRV-FILE-HQ,c.barak,3,WKS-HQ-27,,,,
2026-06-10 13:44:43,4624,SRV-FILE-HQ,n.hazan,3,WKS-HQ-15,,,,
2026-06-10 13:58:40,4624,SRV-FILE-HQ,b.naim,3,WKS-HQ-21,,,,
2026-06-10 14:00:41,4624,SRV-DC-01,h.peretz,3,WKS-IT-08,,,,
2026-06-10 14:06:40,4624,SRV-DC-01,d.levi,3,WKS-SEC-10,,,,
2026-06-10 14:10:18,4624,SRV-FILE-HQ,i.golan,3,WKS-HQ-22,,,,
2026-06-10 14:14:05,4624,SRV-FILE-HQ,u.regev,3,WKS-HQ-28,,,,
2026-06-10 14:14:07,5140,SRV-FILE-HQ,u.regev,3,WKS-HQ-28,,,,\\SRV-FILE-HQ\Marketing
2026-06-10 14:23:04,4688,WKS-PAY-12,t.hadar,,,,winword.exe,winword.exe /w,
2026-06-10 14:26:29,4688,WKS-HQ-25,z.amar,,,,chrome.exe,chrome.exe --restore-last-session,
2026-06-10 14:26:52,4624,SRV-DC-01,m.saban,3,WKS-IT-09,,,,
2026-06-10 14:26:54,5140,SRV-DC-01,m.saban,3,WKS-IT-09,,,,\\SRV-DC-01\IT
2026-06-10 14:33:38,4769,SRV-DC-01,p.stein,,WKS-HQ-26,mssqlsvc_svc,,,MSSQLSvc/srv-posmgt.northgate.local:1433
2026-06-10 14:34:49,4624,SRV-FILE-HQ,a.dahan,3,WKS-HQ-17,,,,
2026-06-10 14:36:54,4769,SRV-DC-01,a.mizrahi,,WKS-IT-01,cifs_svc,,,CIFS/srv-file-hq.northgate.local
2026-06-10 15:00:54,4634,WKS-HQ-25,z.amar,2,,,,,
2026-06-10 15:02:54,4624,SRV-DC-01,a.mizrahi,3,WKS-IT-01,,,,
2026-06-10 15:02:56,5140,SRV-DC-01,a.mizrahi,3,WKS-IT-01,,,,\\SRV-DC-01\IT
2026-06-10 15:08:55,4688,WKS-PAY-11,s.arbel,,,,winword.exe,winword.exe /w,
2026-06-10 15:12:16,4624,SRV-FILE-HQ,c.barak,3,WKS-HQ-27,,,,
2026-06-10 15:12:18,5140,SRV-FILE-HQ,c.barak,3,WKS-HQ-27,,,,\\SRV-FILE-HQ\Marketing
2026-06-10 15:30:58,4769,SRV-DC-01,v.harel,,WKS-HQ-24,mssqlsvc_svc,,,MSSQLSvc/srv-cardproc.northgate.local:1433
2026-06-10 15:35:40,4769,SRV-DC-01,d.levi,,WKS-SEC-10,http_svc,,,HTTP/web-supplier.northgate.local
2026-06-10 15:39:32,4624,SRV-FILE-HQ,y.oren,3,WKS-HQ-05,,,,
2026-06-10 15:43:54,4624,SRV-DC-01,a.mizrahi,3,WKS-IT-01,,,,
2026-06-10 15:46:09,4624,SRV-FILE-HQ,k.oz,3,WKS-HQ-20,,,,
2026-06-10 15:50:58,4769,SRV-DC-01,v.harel,,WKS-HQ-24,http_svc,,,HTTP/web-supplier.northgate.local
2026-06-10 15:59:52,4769,SRV-DC-01,m.saban,,WKS-IT-09,cifs_svc,,,CIFS/srv-file-hq.northgate.local
2026-06-10 16:00:38,4624,SRV-FILE-HQ,p.stein,3,WKS-HQ-26,,,,
2026-06-10 16:02:04,4769,SRV-DC-01,o.raviv,,WKS-HQ-07,mssqlsvc_svc,,,MSSQLSvc/srv-posmgt.northgate.local:1433
2026-06-10 16:03:57,4634,WKS-HQ-24,v.harel,2,,,,,
2026-06-10 16:12:04,4769,SRV-DC-01,o.raviv,,WKS-HQ-07,mssqlsvc_svc,,,MSSQLSvc/srv-posmgt.northgate.local:1433
2026-06-10 16:19:09,4688,WKS-HQ-20,k.oz,,,,outlook.exe,outlook.exe /recycle,
2026-06-10 16:20:05,4624,SRV-FILE-HQ,u.regev,3,WKS-HQ-28,,,,
2026-06-10 16:20:07,5140,SRV-FILE-HQ,u.regev,3,WKS-HQ-28,,,,\\SRV-FILE-HQ\Marketing
2026-06-10 16:21:30,4624,SRV-DC-01,e.katz,3,WKS-SEC-03,,,,
2026-06-10 16:23:01,4634,WKS-PAY-30,g.ben-ari,2,,,,,
2026-06-10 16:24:10,4624,SRV-FILE-HQ,g.shemesh,3,WKS-HQ-06,,,,
2026-06-10 16:24:12,5140,SRV-FILE-HQ,g.shemesh,3,WKS-HQ-06,,,,\\SRV-FILE-HQ\Finance
2026-06-10 16:25:47,4624,SRV-FILE-HQ,l.beit,3,WKS-HQ-13,,,,
2026-06-10 16:26:04,4624,SRV-FILE-HQ,t.hadar,3,WKS-PAY-12,,,,
2026-06-10 16:36:10,4624,SRV-FILE-HQ,g.shemesh,3,WKS-HQ-06,,,,
2026-06-10 16:36:12,5140,SRV-FILE-HQ,g.shemesh,3,WKS-HQ-06,,,,\\SRV-FILE-HQ\Finance
2026-06-10 16:36:49,4769,SRV-DC-01,a.dahan,,WKS-HQ-17,mssqlsvc_svc,,,MSSQLSvc/srv-posmgt.northgate.local:1433
2026-06-10 16:37:20,4634,WKS-HQ-05,y.oren,2,,,,,
2026-06-10 16:48:03,4634,WKS-PAY-11,s.arbel,2,,,,,
2026-06-10 16:49:40,4624,SRV-DC-01,d.levi,3,WKS-SEC-10,,,,
2026-06-10 16:49:42,5140,SRV-DC-01,d.levi,3,WKS-SEC-10,,,,\\SRV-DC-01\IT
2026-06-10 16:53:17,4634,WKS-HQ-13,l.beit,2,,,,,
2026-06-10 16:56:00,4634,WKS-IT-01,a.mizrahi,2,,,,,
2026-06-10 17:00:15,4634,WKS-HQ-26,p.stein,2,,,,,
2026-06-10 17:01:52,4624,SRV-FILE-HQ,m.saban,3,WKS-IT-09,,,,
2026-06-10 17:01:54,5140,SRV-FILE-HQ,m.saban,3,WKS-IT-09,,,,\\SRV-FILE-HQ\IT
2026-06-10 17:13:20,4634,WKS-HQ-22,i.golan,2,,,,,
2026-06-10 17:25:57,4634,WKS-HQ-27,c.barak,2,,,,,
2026-06-10 17:32:43,4634,WKS-HQ-21,b.naim,2,,,,,
2026-06-10 17:33:23,4634,WKS-HQ-28,u.regev,2,,,,,
2026-06-10 17:49:50,4634,WKS-HQ-04,n.barzilai,2,,,,,
2026-06-10 17:49:57,4634,WKS-HQ-07,o.raviv,2,,,,,
2026-06-10 18:03:25,4634,WKS-IT-08,h.peretz,2,,,,,
2026-06-10 18:04:32,4634,WKS-SEC-03,e.katz,2,,,,,
2026-06-10 18:05:10,4634,WKS-HQ-18,m.tal,2,,,,,
2026-06-10 18:13:33,4634,WKS-HQ-20,k.oz,2,,,,,
2026-06-10 18:15:55,4634,WKS-PAY-02,r.stern,2,,,,,
2026-06-10 18:28:02,4634,WKS-IT-29,f.zohar,2,,,,,
2026-06-10 18:28:05,4634,WKS-IT-09,m.saban,2,,,,,
2026-06-10 18:28:42,4634,WKS-PAY-12,t.hadar,2,,,,,
2026-06-10 18:30:01,4634,WKS-HQ-17,a.dahan,2,,,,,
2026-06-10 18:35:33,4634,WKS-HQ-19,y.segev,2,,,,,
2026-06-10 18:52:56,4634,WKS-HQ-06,g.shemesh,2,,,,,
2026-06-10 18:58:30,4634,WKS-HQ-15,n.hazan,2,,,,,
2026-06-10 19:05:53,4634,WKS-SEC-10,d.levi,2,,,,,
2026-06-11 06:56:41,4624,WKS-HQ-25,z.amar,2,WKS-HQ-25,,,,
2026-06-11 07:35:38,4624,WKS-HQ-26,p.stein,2,WKS-HQ-26,,,,
2026-06-11 07:40:00,4624,WKS-HQ-24,v.harel,2,WKS-HQ-24,,,,
2026-06-11 07:40:14,4624,WKS-HQ-23,s.mor,2,WKS-HQ-23,,,,
2026-06-11 07:57:38,4624,SRV-FILE-HQ,p.stein,3,WKS-HQ-26,,,,
2026-06-11 07:57:45,4624,WKS-PAY-02,r.stern,2,WKS-PAY-02,,,,
2026-06-11 08:00:46,4624,WKS-HQ-17,a.dahan,2,WKS-HQ-17,,,,
2026-06-11 08:11:29,4624,WKS-HQ-21,b.naim,2,WKS-HQ-21,,,,
2026-06-11 08:12:24,4624,WKS-PAY-11,s.arbel,2,WKS-PAY-11,,,,
2026-06-11 08:12:55,4624,WKS-SEC-03,e.katz,2,WKS-SEC-03,,,,
2026-06-11 08:13:05,4624,WKS-IT-01,a.mizrahi,2,WKS-IT-01,,,,
2026-06-11 08:13:06,4672,WKS-IT-01,a.mizrahi,2,,,,,
2026-06-11 08:19:05,4624,WKS-HQ-20,k.oz,2,WKS-HQ-20,,,,
2026-06-11 08:29:51,4624,WKS-HQ-16,e.shalom,2,WKS-HQ-16,,,,
2026-06-11 08:30:35,4624,WKS-HQ-13,l.beit,2,WKS-HQ-13,,,,
2026-06-11 08:31:46,4624,SRV-FILE-HQ,a.dahan,3,WKS-HQ-17,,,,
2026-06-11 08:33:12,4624,WKS-HQ-28,u.regev,2,WKS-HQ-28,,,,
2026-06-11 08:34:03,4625,WKS-PAY-12,t.hadar,2,WKS-PAY-12,,,,
2026-06-11 08:34:36,4624,WKS-PAY-30,g.ben-ari,2,WKS-PAY-30,,,,
2026-06-11 08:34:40,4624,WKS-PAY-12,t.hadar,2,WKS-PAY-12,,,,
2026-06-11 08:34:54,4624,WKS-HQ-14,r.avni,2,WKS-HQ-14,,,,
2026-06-11 08:36:29,4769,SRV-DC-01,b.naim,,WKS-HQ-21,cifs_svc,,,CIFS/srv-file-hq.northgate.local
2026-06-11 08:42:55,4624,SRV-FILE-HQ,e.katz,3,WKS-SEC-03,,,,
2026-06-11 08:43:29,4624,WKS-IT-09,m.saban,2,WKS-IT-09,,,,
2026-06-11 08:47:46,4769,SRV-DC-01,a.dahan,,WKS-HQ-17,http_svc,,,HTTP/web-supplier.northgate.local
2026-06-11 08:47:54,4624,WKS-HQ-06,g.shemesh,2,WKS-HQ-06,,,,
2026-06-11 08:52:40,4624,WKS-HQ-15,n.hazan,2,WKS-HQ-15,,,,
2026-06-11 08:55:14,4769,SRV-DC-01,s.mor,,WKS-HQ-23,mssqlsvc_svc,,,MSSQLSvc/srv-cardproc.northgate.local:1433
2026-06-11 08:59:55,4624,WKS-HQ-07,o.raviv,2,WKS-HQ-07,,,,
2026-06-11 09:02:08,4624,WKS-HQ-04,n.barzilai,2,WKS-HQ-04,,,,
2026-06-11 09:02:40,4624,SRV-CARDPROC,t.hadar,3,WKS-PAY-12,,,,
2026-06-11 09:02:42,5140,SRV-CARDPROC,t.hadar,3,WKS-PAY-12,,,,\\SRV-CARDPROC\Payments
2026-06-11 09:04:21,4624,WKS-SEC-10,d.levi,2,WKS-SEC-10,,,,
2026-06-11 09:04:33,4624,WKS-IT-29,f.zohar,2,WKS-IT-29,,,,
2026-06-11 09:06:08,4624,WKS-HQ-05,y.oren,2,WKS-HQ-05,,,,
2026-06-11 09:09:48,4624,WKS-HQ-27,c.barak,2,WKS-HQ-27,,,,
2026-06-11 09:11:35,4624,SRV-FILE-HQ,l.beit,3,WKS-HQ-13,,,,
2026-06-11 09:12:40,4769,SRV-DC-01,t.hadar,,WKS-PAY-12,cifs_svc,,,CIFS/srv-file-hq.northgate.local
2026-06-11 09:19:38,4624,SRV-POSMGT,p.stein,3,WKS-HQ-26,,,,
2026-06-11 09:20:55,4688,WKS-HQ-07,o.raviv,,,,outlook.exe,outlook.exe /recycle,
2026-06-11 09:23:08,4769,SRV-DC-01,n.barzilai,,WKS-HQ-04,mssqlsvc_svc,,,MSSQLSvc/srv-posmgt.northgate.local:1433
2026-06-11 09:26:12,4624,SRV-FILE-HQ,u.regev,3,WKS-HQ-28,,,,
2026-06-11 09:31:22,4624,WKS-HQ-18,m.tal,2,WKS-HQ-18,,,,
2026-06-11 09:49:08,4688,WKS-HQ-05,y.oren,,,,winword.exe,winword.exe /w,
2026-06-11 09:51:54,4688,WKS-HQ-14,r.avni,,,,outlook.exe,outlook.exe /recycle,
2026-06-11 10:00:36,4769,SRV-DC-01,g.ben-ari,,WKS-PAY-30,mssqlsvc_svc,,,MSSQLSvc/srv-cardproc.northgate.local:1433
2026-06-11 10:03:54,4769,SRV-DC-01,g.shemesh,,WKS-HQ-06,cifs_svc,,,CIFS/srv-file-hq.northgate.local
2026-06-11 10:09:33,4769,SRV-DC-01,f.zohar,,WKS-IT-29,mssqlsvc_svc,,,MSSQLSvc/srv-cardproc.northgate.local:1433
2026-06-11 10:23:29,4769,SRV-DC-01,m.saban,,WKS-IT-09,mssqlsvc_svc,,,MSSQLSvc/srv-cardproc.northgate.local:1433
2026-06-11 10:25:38,4769,SRV-DC-01,p.stein,,WKS-HQ-26,mssqlsvc_svc,,,MSSQLSvc/srv-cardproc.northgate.local:1433
2026-06-11 10:29:08,4624,SRV-FILE-HQ,n.barzilai,3,WKS-HQ-04,,,,
2026-06-11 10:43:05,4769,SRV-DC-01,k.oz,,WKS-HQ-20,http_svc,,,HTTP/web-supplier.northgate.local
2026-06-11 10:49:45,4769,SRV-DC-01,r.stern,,WKS-PAY-02,mssqlsvc_svc,,,MSSQLSvc/srv-posmgt.northgate.local:1433
2026-06-11 11:02:45,4769,SRV-DC-01,r.stern,,WKS-PAY-02,mssqlsvc_svc,,,MSSQLSvc/srv-cardproc.northgate.local:1433
2026-06-11 11:04:38,4624,SRV-FILE-HQ,p.stein,3,WKS-HQ-26,,,,
2026-06-11 11:09:40,4769,SRV-DC-01,n.hazan,,WKS-HQ-15,cifs_svc,,,CIFS/srv-file-hq.northgate.local
2026-06-11 11:10:54,4624,SRV-FILE-HQ,g.shemesh,3,WKS-HQ-06,,,,
2026-06-11 11:16:29,4769,SRV-DC-01,b.naim,,WKS-HQ-21,mssqlsvc_svc,,,MSSQLSvc/srv-posmgt.northgate.local:1433
2026-06-11 11:17:55,4624,SRV-FILE-HQ,o.raviv,3,WKS-HQ-07,,,,
2026-06-11 11:17:57,5140,SRV-FILE-HQ,o.raviv,3,WKS-HQ-07,,,,\\SRV-FILE-HQ\Finance
2026-06-11 11:19:22,4624,SRV-FILE-HQ,m.tal,3,WKS-HQ-18,,,,
2026-06-11 11:19:40,4769,SRV-DC-01,t.hadar,,WKS-PAY-12,mssqlsvc_svc,,,MSSQLSvc/srv-posmgt.northgate.local:1433
2026-06-11 11:21:12,4769,SRV-DC-01,u.regev,,WKS-HQ-28,mssqlsvc_svc,,,MSSQLSvc/srv-cardproc.northgate.local:1433
2026-06-11 11:22:38,4769,SRV-DC-01,p.stein,,WKS-HQ-26,http_svc,,,HTTP/web-supplier.northgate.local
2026-06-11 11:27:29,4769,SRV-DC-01,m.saban,,WKS-IT-09,http_svc,,,HTTP/web-supplier.northgate.local
2026-06-11 11:29:33,4624,SRV-DC-01,f.zohar,3,WKS-IT-29,,,,
2026-06-11 11:36:40,4624,SRV-FILE-HQ,n.hazan,3,WKS-HQ-15,,,,
2026-06-11 11:46:40,4624,SRV-FILE-HQ,t.hadar,3,WKS-PAY-12,,,,
2026-06-11 11:49:22,4769,SRV-DC-01,m.tal,,WKS-HQ-18,http_svc,,,HTTP/web-supplier.northgate.local
2026-06-11 11:52:05,4688,WKS-IT-01,a.mizrahi,,,,excel.exe,excel.exe /dde,
2026-06-11 11:54:48,4688,WKS-HQ-27,c.barak,,,,chrome.exe,chrome.exe --restore-last-session,
2026-06-11 12:04:48,4769,SRV-DC-01,c.barak,,WKS-HQ-27,mssqlsvc_svc,,,MSSQLSvc/srv-posmgt.northgate.local:1433
2026-06-11 12:09:40,4769,SRV-DC-01,n.hazan,,WKS-HQ-15,cifs_svc,,,CIFS/srv-file-hq.northgate.local
2026-06-11 12:10:51,4624,SRV-FILE-HQ,e.shalom,3,WKS-HQ-16,,,,
2026-06-11 12:24:05,4769,SRV-DC-01,k.oz,,WKS-HQ-20,cifs_svc,,,CIFS/srv-file-hq.northgate.local
2026-06-11 12:27:40,4624,SRV-FILE-HQ,n.hazan,3,WKS-HQ-15,,,,
2026-06-11 12:27:42,5140,SRV-FILE-HQ,n.hazan,3,WKS-HQ-15,,,,\\SRV-FILE-HQ\Finance
2026-06-11 12:41:38,4624,SRV-FILE-HQ,p.stein,3,WKS-HQ-26,,,,
2026-06-11 12:47:41,4769,SRV-DC-01,z.amar,,WKS-HQ-25,mssqlsvc_svc,,,MSSQLSvc/srv-posmgt.northgate.local:1433
2026-06-11 12:59:55,4769,SRV-DC-01,e.katz,,WKS-SEC-03,mssqlsvc_svc,,,MSSQLSvc/srv-cardproc.northgate.local:1433
2026-06-11 13:14:24,4769,SRV-DC-01,s.arbel,,WKS-PAY-11,mssqlsvc_svc,,,MSSQLSvc/srv-cardproc.northgate.local:1433
2026-06-11 13:29:12,4624,SRV-FILE-HQ,u.regev,3,WKS-HQ-28,,,,
2026-06-11 13:33:41,4624,SRV-POSMGT,z.amar,3,WKS-HQ-25,,,,
2026-06-11 13:33:43,5140,SRV-POSMGT,z.amar,3,WKS-HQ-25,,,,\\SRV-POSMGT\Branches
2026-06-11 13:35:29,4624,SRV-DC-01,m.saban,3,WKS-IT-09,,,,
2026-06-11 13:49:38,4769,SRV-DC-01,p.stein,,WKS-HQ-26,http_svc,,,HTTP/web-supplier.northgate.local
2026-06-11 13:49:48,4769,SRV-DC-01,c.barak,,WKS-HQ-27,mssqlsvc_svc,,,MSSQLSvc/srv-posmgt.northgate.local:1433
2026-06-11 13:50:12,4624,SRV-FILE-HQ,u.regev,3,WKS-HQ-28,,,,
2026-06-11 13:51:40,4624,SRV-FILE-HQ,n.hazan,3,WKS-HQ-15,,,,
2026-06-11 13:51:42,5140,SRV-FILE-HQ,n.hazan,3,WKS-HQ-15,,,,\\SRV-FILE-HQ\Finance
2026-06-11 13:54:12,4769,SRV-DC-01,u.regev,,WKS-HQ-28,cifs_svc,,,CIFS/srv-file-hq.northgate.local
2026-06-11 13:59:48,4624,SRV-FILE-HQ,c.barak,3,WKS-HQ-27,,,,
2026-06-11 14:08:45,4624,SRV-CARDPROC,r.stern,3,WKS-PAY-02,,,,
2026-06-11 14:18:40,4624,SRV-FILE-HQ,n.hazan,3,WKS-HQ-15,,,,
2026-06-11 14:29:29,4769,SRV-DC-01,m.saban,,WKS-IT-09,mssqlsvc_svc,,,MSSQLSvc/srv-posmgt.northgate.local:1433
2026-06-11 14:30:08,4624,SRV-FILE-HQ,n.barzilai,3,WKS-HQ-04,,,,
2026-06-11 14:36:00,4624,SRV-POSMGT,v.harel,3,WKS-HQ-24,,,,
2026-06-11 14:53:35,4769,SRV-DC-01,l.beit,,WKS-HQ-13,mssqlsvc_svc,,,MSSQLSvc/srv-posmgt.northgate.local:1433
2026-06-11 14:58:05,4624,SRV-FILE-HQ,a.mizrahi,3,WKS-IT-01,,,,
2026-06-11 14:58:07,5140,SRV-FILE-HQ,a.mizrahi,3,WKS-IT-01,,,,\\SRV-FILE-HQ\IT
2026-06-11 15:05:51,4688,WKS-HQ-16,e.shalom,,,,teams.exe,teams.exe --system-initiated,
2026-06-11 15:08:05,4769,SRV-DC-01,a.mizrahi,,WKS-IT-01,http_svc,,,HTTP/web-supplier.northgate.local
2026-06-11 15:12:22,4769,SRV-DC-01,m.tal,,WKS-HQ-18,mssqlsvc_svc,,,MSSQLSvc/srv-cardproc.northgate.local:1433
2026-06-11 15:17:55,4624,SRV-DC-01,e.katz,3,WKS-SEC-03,,,,
2026-06-11 15:20:33,4624,SRV-FILE-HQ,f.zohar,3,WKS-IT-29,,,,
2026-06-11 15:20:45,4624,SRV-CARDPROC,r.stern,3,WKS-PAY-02,,,,
2026-06-11 15:21:54,4624,SRV-FILE-HQ,r.avni,3,WKS-HQ-14,,,,
2026-06-11 15:23:05,4624,SRV-FILE-HQ,k.oz,3,WKS-HQ-20,,,,
2026-06-11 15:23:07,5140,SRV-FILE-HQ,k.oz,3,WKS-HQ-20,,,,\\SRV-FILE-HQ\Logistics
2026-06-11 15:23:24,4769,SRV-DC-01,s.arbel,,WKS-PAY-11,http_svc,,,HTTP/web-supplier.northgate.local
2026-06-11 15:29:14,4624,SRV-POSMGT,s.mor,3,WKS-HQ-23,,,,
2026-06-11 15:33:54,4769,SRV-DC-01,r.avni,,WKS-HQ-14,mssqlsvc_svc,,,MSSQLSvc/srv-posmgt.northgate.local:1433
2026-06-11 15:36:12,4769,SRV-DC-01,u.regev,,WKS-HQ-28,mssqlsvc_svc,,,MSSQLSvc/srv-posmgt.northgate.local:1433
2026-06-11 15:41:35,4624,SRV-FILE-HQ,l.beit,3,WKS-HQ-13,,,,
2026-06-11 15:57:51,4624,SRV-FILE-HQ,e.shalom,3,WKS-HQ-16,,,,
2026-06-11 15:57:52,4634,WKS-HQ-26,p.stein,2,,,,,
2026-06-11 15:57:53,5140,SRV-FILE-HQ,e.shalom,3,WKS-HQ-16,,,,\\SRV-FILE-HQ\Finance
2026-06-11 16:02:08,4769,SRV-DC-01,y.oren,,WKS-HQ-05,cifs_svc,,,CIFS/srv-file-hq.northgate.local
2026-06-11 16:13:40,4769,SRV-DC-01,t.hadar,,WKS-PAY-12,mssqlsvc_svc,,,MSSQLSvc/srv-posmgt.northgate.local:1433
2026-06-11 16:18:45,4624,SRV-CARDPROC,r.stern,3,WKS-PAY-02,,,,
2026-06-11 16:20:07,4634,WKS-HQ-24,v.harel,2,,,,,
2026-06-11 16:23:05,4634,WKS-IT-01,a.mizrahi,2,,,,,
2026-06-11 16:37:05,4624,SRV-DC-01,a.mizrahi,3,WKS-IT-01,,,,
2026-06-11 16:40:36,4634,WKS-SEC-03,e.katz,2,,,,,
2026-06-11 16:41:01,4634,WKS-HQ-23,s.mor,2,,,,,
2026-06-11 16:41:12,4634,WKS-PAY-02,r.stern,2,,,,,
2026-06-11 16:43:21,4769,SRV-DC-01,d.levi,,WKS-SEC-10,http_svc,,,HTTP/web-supplier.northgate.local
2026-06-11 16:52:51,4624,SRV-FILE-HQ,e.shalom,3,WKS-HQ-16,,,,
2026-06-11 16:52:53,5140,SRV-FILE-HQ,e.shalom,3,WKS-HQ-16,,,,\\SRV-FILE-HQ\Finance
2026-06-11 16:55:41,4634,WKS-HQ-25,z.amar,2,,,,,
2026-06-11 17:00:54,4634,WKS-HQ-14,r.avni,2,,,,,
2026-06-11 17:09:39,4634,WKS-HQ-28,u.regev,2,,,,,
2026-06-11 17:10:29,4624,SRV-FILE-HQ,m.saban,3,WKS-IT-09,,,,
2026-06-11 17:12:14,4634,WKS-HQ-16,e.shalom,2,,,,,
2026-06-11 17:19:57,4634,WKS-HQ-07,o.raviv,2,,,,,
2026-06-11 17:23:51,4634,WKS-IT-09,m.saban,2,,,,,
2026-06-11 17:24:49,4634,WKS-HQ-06,g.shemesh,2,,,,,
2026-06-11 17:27:53,4634,WKS-HQ-21,b.naim,2,,,,,
2026-06-11 17:29:43,4634,WKS-SEC-10,d.levi,2,,,,,
2026-06-11 17:39:55,4624,SRV-FILE-HQ,o.raviv,3,WKS-HQ-07,,,,
2026-06-11 17:40:55,4634,WKS-PAY-30,g.ben-ari,2,,,,,
2026-06-11 17:41:53,4634,WKS-HQ-17,a.dahan,2,,,,,
2026-06-11 17:44:44,4634,WKS-PAY-11,s.arbel,2,,,,,
2026-06-11 17:59:59,4634,WKS-HQ-18,m.tal,2,,,,,
2026-06-11 18:18:03,4634,WKS-HQ-05,y.oren,2,,,,,
2026-06-11 18:23:48,4634,WKS-HQ-15,n.hazan,2,,,,,
2026-06-11 18:33:39,4634,WKS-IT-29,f.zohar,2,,,,,
2026-06-11 18:35:04,4634,WKS-HQ-20,k.oz,2,,,,,
2026-06-11 18:41:21,4634,WKS-PAY-12,t.hadar,2,,,,,
2026-06-11 18:46:30,4634,WKS-HQ-27,c.barak,2,,,,,
2026-06-11 18:50:20,4634,WKS-HQ-13,l.beit,2,,,,,
2026-06-11 19:18:03,4634,WKS-HQ-04,n.barzilai,2,,,,,
2026-06-12 08:36:41,4624,WKS-HQ-05,y.oren,2,WKS-HQ-05,,,,
2026-06-12 11:28:41,4624,SRV-FILE-HQ,y.oren,3,WKS-HQ-05,,,,
2026-06-12 11:28:43,5140,SRV-FILE-HQ,y.oren,3,WKS-HQ-05,,,,\\SRV-FILE-HQ\Procurement
2026-06-12 13:54:41,4624,SRV-FILE-HQ,y.oren,3,WKS-HQ-05,,,,
2026-06-12 13:54:43,5140,SRV-FILE-HQ,y.oren,3,WKS-HQ-05,,,,\\SRV-FILE-HQ\Procurement
2026-06-12 17:20:56,4634,WKS-HQ-05,y.oren,2,,,,,
2026-06-13 08:53:50,4624,WKS-IT-09,m.saban,2,WKS-IT-09,,,,
2026-06-13 09:00:46,4624,WKS-HQ-15,n.hazan,2,WKS-HQ-15,,,,
2026-06-13 10:42:50,4769,SRV-DC-01,m.saban,,WKS-IT-09,http_svc,,,HTTP/web-supplier.northgate.local
2026-06-13 10:59:46,4769,SRV-DC-01,n.hazan,,WKS-HQ-15,http_svc,,,HTTP/web-supplier.northgate.local
2026-06-13 12:29:46,4769,SRV-DC-01,n.hazan,,WKS-HQ-15,http_svc,,,HTTP/web-supplier.northgate.local
2026-06-13 13:39:46,4624,SRV-FILE-HQ,n.hazan,3,WKS-HQ-15,,,,
2026-06-13 13:39:48,5140,SRV-FILE-HQ,n.hazan,3,WKS-HQ-15,,,,\\SRV-FILE-HQ\Finance
2026-06-13 14:33:50,4624,SRV-FILE-HQ,m.saban,3,WKS-IT-09,,,,
2026-06-13 14:33:52,5140,SRV-FILE-HQ,m.saban,3,WKS-IT-09,,,,\\SRV-FILE-HQ\IT
2026-06-13 14:55:50,4624,SRV-FILE-HQ,m.saban,3,WKS-IT-09,,,,
2026-06-13 19:14:12,4634,WKS-IT-09,m.saban,2,,,,,
2026-06-13 19:19:24,4634,WKS-HQ-15,n.hazan,2,,,,,
2026-06-14 07:07:27,4624,WKS-HQ-25,z.amar,2,WKS-HQ-25,,,,
2026-06-14 07:14:47,4624,WKS-HQ-22,i.golan,2,WKS-HQ-22,,,,
2026-06-14 07:26:05,4624,WKS-HQ-26,p.stein,2,WKS-HQ-26,,,,
2026-06-14 07:26:18,4624,WKS-HQ-23,s.mor,2,WKS-HQ-23,,,,
2026-06-14 07:42:17,4624,WKS-PAY-30,g.ben-ari,2,WKS-PAY-30,,,,
2026-06-14 07:55:05,4624,SRV-FILE-HQ,p.stein,3,WKS-HQ-26,,,,
2026-06-14 07:55:40,4624,WKS-HQ-19,y.segev,2,WKS-HQ-19,,,,
2026-06-14 07:58:04,4624,WKS-SEC-03,e.katz,2,WKS-SEC-03,,,,
2026-06-14 07:59:18,4769,SRV-DC-01,s.mor,,WKS-HQ-23,http_svc,,,HTTP/web-supplier.northgate.local
2026-06-14 08:00:03,4624,WKS-HQ-20,k.oz,2,WKS-HQ-20,,,,
2026-06-14 08:05:30,4624,WKS-PAY-11,s.arbel,2,WKS-PAY-11,,,,
2026-06-14 08:12:40,4624,WKS-HQ-24,v.harel,2,WKS-HQ-24,,,,
2026-06-14 08:12:49,4624,WKS-PAY-02,r.stern,2,WKS-PAY-02,,,,
2026-06-14 08:18:47,4624,SRV-POSMGT,i.golan,3,WKS-HQ-22,,,,
2026-06-14 08:18:49,5140,SRV-POSMGT,i.golan,3,WKS-HQ-22,,,,\\SRV-POSMGT\Branches
2026-06-14 08:24:30,4624,SRV-FILE-HQ,s.arbel,3,WKS-PAY-11,,,,
2026-06-14 08:27:52,4624,WKS-IT-01,a.mizrahi,2,WKS-IT-01,,,,
2026-06-14 08:27:53,4672,WKS-IT-01,a.mizrahi,2,,,,,
2026-06-14 08:29:05,4624,WKS-HQ-13,l.beit,2,WKS-HQ-13,,,,
2026-06-14 08:30:26,4624,WKS-HQ-05,y.oren,2,WKS-HQ-05,,,,
2026-06-14 08:31:40,4624,WKS-HQ-28,u.regev,2,WKS-HQ-28,,,,
2026-06-14 08:35:08,4624,WKS-PAY-12,t.hadar,2,WKS-PAY-12,,,,
2026-06-14 08:35:25,4624,WKS-HQ-16,e.shalom,2,WKS-HQ-16,,,,
2026-06-14 08:37:29,4624,WKS-HQ-21,b.naim,2,WKS-HQ-21,,,,
2026-06-14 08:38:14,4624,WKS-HQ-15,n.hazan,2,WKS-HQ-15,,,,
2026-06-14 08:38:26,4688,WKS-HQ-05,y.oren,,,,winword.exe,winword.exe /w,
2026-06-14 08:41:34,4624,WKS-IT-08,h.peretz,2,WKS-IT-08,,,,
2026-06-14 08:44:08,4624,WKS-IT-09,m.saban,2,WKS-IT-09,,,,
2026-06-14 08:46:14,4624,SRV-FILE-HQ,n.hazan,3,WKS-HQ-15,,,,
2026-06-14 08:46:31,4624,WKS-SEC-10,d.levi,2,WKS-SEC-10,,,,
2026-06-14 08:46:54,4624,WKS-IT-29,f.zohar,2,WKS-IT-29,,,,
2026-06-14 08:47:26,4769,SRV-DC-01,y.oren,,WKS-HQ-05,cifs_svc,,,CIFS/srv-file-hq.northgate.local
2026-06-14 08:49:52,4624,WKS-HQ-14,r.avni,2,WKS-HQ-14,,,,
2026-06-14 08:59:26,4624,SRV-FILE-HQ,y.oren,3,WKS-HQ-05,,,,
2026-06-14 09:06:05,4769,SRV-DC-01,p.stein,,WKS-HQ-26,mssqlsvc_svc,,,MSSQLSvc/srv-cardproc.northgate.local:1433
2026-06-14 09:09:27,4624,WKS-HQ-27,c.barak,2,WKS-HQ-27,,,,
2026-06-14 09:12:47,4624,WKS-HQ-17,a.dahan,2,WKS-HQ-17,,,,
2026-06-14 09:16:18,4624,SRV-POSMGT,s.mor,3,WKS-HQ-23,,,,
2026-06-14 09:23:31,4769,SRV-DC-01,d.levi,,WKS-SEC-10,cifs_svc,,,CIFS/srv-file-hq.northgate.local
2026-06-14 09:30:52,4688,WKS-HQ-14,r.avni,,,,teams.exe,teams.exe --system-initiated,
2026-06-14 09:38:08,4624,SRV-FILE-HQ,m.saban,3,WKS-IT-09,,,,
2026-06-14 09:40:08,4624,SRV-DC-01,m.saban,3,WKS-IT-09,,,,
2026-06-14 10:00:40,4624,SRV-FILE-HQ,y.segev,3,WKS-HQ-19,,,,
2026-06-14 10:04:30,4769,SRV-DC-01,s.arbel,,WKS-PAY-11,cifs_svc,,,CIFS/srv-file-hq.northgate.local
2026-06-14 10:08:26,4624,SRV-FILE-HQ,y.oren,3,WKS-HQ-05,,,,
2026-06-14 10:12:14,4769,SRV-DC-01,n.hazan,,WKS-HQ-15,http_svc,,,HTTP/web-supplier.northgate.local
2026-06-14 10:15:08,4624,SRV-CARDPROC,t.hadar,3,WKS-PAY-12,,,,
2026-06-14 10:15:10,5140,SRV-CARDPROC,t.hadar,3,WKS-PAY-12,,,,\\SRV-CARDPROC\Payments
2026-06-14 10:22:08,4769,SRV-DC-01,t.hadar,,WKS-PAY-12,mssqlsvc_svc,,,MSSQLSvc/srv-posmgt.northgate.local:1433
2026-06-14 10:27:47,4624,SRV-FILE-HQ,a.dahan,3,WKS-HQ-17,,,,
2026-06-14 10:31:05,4624,SRV-FILE-HQ,l.beit,3,WKS-HQ-13,,,,
2026-06-14 10:31:07,5140,SRV-FILE-HQ,l.beit,3,WKS-HQ-13,,,,\\SRV-FILE-HQ\Vendors
2026-06-14 10:38:27,4769,SRV-DC-01,c.barak,,WKS-HQ-27,cifs_svc,,,CIFS/srv-file-hq.northgate.local
2026-06-14 10:41:04,4769,SRV-DC-01,e.katz,,WKS-SEC-03,mssqlsvc_svc,,,MSSQLSvc/srv-cardproc.northgate.local:1433
2026-06-14 10:44:29,4624,SRV-FILE-HQ,b.naim,3,WKS-HQ-21,,,,
2026-06-14 10:44:31,5140,SRV-FILE-HQ,b.naim,3,WKS-HQ-21,,,,\\SRV-FILE-HQ\Logistics
2026-06-14 10:48:40,4769,SRV-DC-01,v.harel,,WKS-HQ-24,mssqlsvc_svc,,,MSSQLSvc/srv-cardproc.northgate.local:1433
2026-06-14 10:49:14,4769,SRV-DC-01,n.hazan,,WKS-HQ-15,cifs_svc,,,CIFS/srv-file-hq.northgate.local
2026-06-14 10:51:04,4624,SRV-DC-01,e.katz,3,WKS-SEC-03,,,,
2026-06-14 10:51:06,5140,SRV-DC-01,e.katz,3,WKS-SEC-03,,,,\\SRV-DC-01\IT
2026-06-14 10:57:49,4769,SRV-DC-01,r.stern,,WKS-PAY-02,mssqlsvc_svc,,,MSSQLSvc/srv-cardproc.northgate.local:1433
2026-06-14 11:01:52,4624,SRV-FILE-HQ,r.avni,3,WKS-HQ-14,,,,
2026-06-14 11:22:18,4624,SRV-POSMGT,s.mor,3,WKS-HQ-23,,,,
2026-06-14 11:22:20,5140,SRV-POSMGT,s.mor,3,WKS-HQ-23,,,,\\SRV-POSMGT\Branches
2026-06-14 11:22:29,4769,SRV-DC-01,b.naim,,WKS-HQ-21,mssqlsvc_svc,,,MSSQLSvc/srv-cardproc.northgate.local:1433
2026-06-14 11:29:40,4624,SRV-POSMGT,v.harel,3,WKS-HQ-24,,,,
2026-06-14 11:33:27,4624,SRV-FILE-HQ,z.amar,3,WKS-HQ-25,,,,
2026-06-14 11:33:29,5140,SRV-FILE-HQ,z.amar,3,WKS-HQ-25,,,,\\SRV-FILE-HQ\Branches
2026-06-14 11:36:27,4624,SRV-FILE-HQ,c.barak,3,WKS-HQ-27,,,,
2026-06-14 11:49:30,4624,SRV-CARDPROC,s.arbel,3,WKS-PAY-11,,,,
2026-06-14 11:51:05,4769,SRV-DC-01,p.stein,,WKS-HQ-26,cifs_svc,,,CIFS/srv-file-hq.northgate.local
2026-06-14 11:55:47,4769,SRV-DC-01,i.golan,,WKS-HQ-22,mssqlsvc_svc,,,MSSQLSvc/srv-cardproc.northgate.local:1433
2026-06-14 12:00:27,4624,SRV-POSMGT,z.amar,3,WKS-HQ-25,,,,
2026-06-14 12:03:08,4769,SRV-DC-01,t.hadar,,WKS-PAY-12,mssqlsvc_svc,,,MSSQLSvc/srv-posmgt.northgate.local:1433
2026-06-14 12:06:30,4624,SRV-CARDPROC,s.arbel,3,WKS-PAY-11,,,,
2026-06-14 12:06:32,5140,SRV-CARDPROC,s.arbel,3,WKS-PAY-11,,,,\\SRV-CARDPROC\Payments
2026-06-14 12:10:40,4624,SRV-FILE-HQ,u.regev,3,WKS-HQ-28,,,,
2026-06-14 12:10:42,5140,SRV-FILE-HQ,u.regev,3,WKS-HQ-28,,,,\\SRV-FILE-HQ\Marketing
2026-06-14 12:12:26,4769,SRV-DC-01,y.oren,,WKS-HQ-05,mssqlsvc_svc,,,MSSQLSvc/srv-posmgt.northgate.local:1433
2026-06-14 12:13:04,4624,SRV-FILE-HQ,e.katz,3,WKS-SEC-03,,,,
2026-06-14 12:16:40,4769,SRV-DC-01,u.regev,,WKS-HQ-28,http_svc,,,HTTP/web-supplier.northgate.local
2026-06-14 12:22:40,4769,SRV-DC-01,v.harel,,WKS-HQ-24,cifs_svc,,,CIFS/srv-file-hq.northgate.local
2026-06-14 12:26:40,4624,SRV-FILE-HQ,y.segev,3,WKS-HQ-19,,,,
2026-06-14 12:30:47,4624,SRV-POSMGT,i.golan,3,WKS-HQ-22,,,,
2026-06-14 12:45:40,4624,SRV-FILE-HQ,u.regev,3,WKS-HQ-28,,,,
2026-06-14 12:49:05,4769,SRV-DC-01,l.beit,,WKS-HQ-13,cifs_svc,,,CIFS/srv-file-hq.northgate.local
2026-06-14 12:49:08,4769,SRV-DC-01,m.saban,,WKS-IT-09,mssqlsvc_svc,,,MSSQLSvc/srv-posmgt.northgate.local:1433
2026-06-14 12:50:29,4624,SRV-FILE-HQ,b.naim,3,WKS-HQ-21,,,,
2026-06-14 12:50:31,5140,SRV-FILE-HQ,b.naim,3,WKS-HQ-21,,,,\\SRV-FILE-HQ\Logistics
2026-06-14 12:53:05,4769,SRV-DC-01,l.beit,,WKS-HQ-13,http_svc,,,HTTP/web-supplier.northgate.local
2026-06-14 13:04:05,4624,SRV-FILE-HQ,p.stein,3,WKS-HQ-26,,,,
2026-06-14 13:04:07,5140,SRV-FILE-HQ,p.stein,3,WKS-HQ-26,,,,\\SRV-FILE-HQ\Branches
2026-06-14 13:06:40,4769,SRV-DC-01,y.segev,,WKS-HQ-19,mssqlsvc_svc,,,MSSQLSvc/srv-posmgt.northgate.local:1433
2026-06-14 13:09:40,4769,SRV-DC-01,u.regev,,WKS-HQ-28,cifs_svc,,,CIFS/srv-file-hq.northgate.local
2026-06-14 13:23:14,4769,SRV-DC-01,n.hazan,,WKS-HQ-15,cifs_svc,,,CIFS/srv-file-hq.northgate.local
2026-06-14 13:37:08,4624,SRV-FILE-HQ,t.hadar,3,WKS-PAY-12,,,,
2026-06-14 13:55:05,4624,SRV-FILE-HQ,l.beit,3,WKS-HQ-13,,,,
2026-06-14 14:03:40,4769,SRV-DC-01,v.harel,,WKS-HQ-24,cifs_svc,,,CIFS/srv-file-hq.northgate.local
2026-06-14 14:07:34,4624,SRV-FILE-HQ,h.peretz,3,WKS-IT-08,,,,
2026-06-14 14:09:17,4624,SRV-FILE-HQ,g.ben-ari,3,WKS-PAY-30,,,,
2026-06-14 14:15:08,4624,SRV-CARDPROC,t.hadar,3,WKS-PAY-12,,,,
2026-06-14 14:15:10,5140,SRV-CARDPROC,t.hadar,3,WKS-PAY-12,,,,\\SRV-CARDPROC\Payments
2026-06-14 14:21:08,4624,SRV-FILE-HQ,m.saban,3,WKS-IT-09,,,,
2026-06-14 14:21:10,5140,SRV-FILE-HQ,m.saban,3,WKS-IT-09,,,,\\SRV-FILE-HQ\IT
2026-06-14 14:21:34,4769,SRV-DC-01,h.peretz,,WKS-IT-08,cifs_svc,,,CIFS/srv-file-hq.northgate.local
2026-06-14 14:32:40,4624,SRV-FILE-HQ,u.regev,3,WKS-HQ-28,,,,
2026-06-14 14:32:52,4624,SRV-FILE-HQ,a.mizrahi,3,WKS-IT-01,,,,
2026-06-14 14:38:27,4769,SRV-DC-01,c.barak,,WKS-HQ-27,mssqlsvc_svc,,,MSSQLSvc/srv-cardproc.northgate.local:1433
2026-06-14 14:40:27,4769,SRV-DC-01,c.barak,,WKS-HQ-27,cifs_svc,,,CIFS/srv-file-hq.northgate.local
2026-06-14 14:50:40,4769,SRV-DC-01,y.segev,,WKS-HQ-19,mssqlsvc_svc,,,MSSQLSvc/srv-posmgt.northgate.local:1433
2026-06-14 14:52:17,4769,SRV-DC-01,g.ben-ari,,WKS-PAY-30,http_svc,,,HTTP/web-supplier.northgate.local
2026-06-14 14:53:34,4624,SRV-FILE-HQ,h.peretz,3,WKS-IT-08,,,,
2026-06-14 14:55:05,4624,SRV-POSMGT,p.stein,3,WKS-HQ-26,,,,
2026-06-14 14:59:40,4769,SRV-DC-01,u.regev,,WKS-HQ-28,mssqlsvc_svc,,,MSSQLSvc/srv-cardproc.northgate.local:1433
2026-06-14 15:10:49,4624,SRV-CARDPROC,r.stern,3,WKS-PAY-02,,,,
2026-06-14 15:14:26,4769,SRV-DC-01,y.oren,,WKS-HQ-05,mssqlsvc_svc,,,MSSQLSvc/srv-posmgt.northgate.local:1433
2026-06-14 15:16:36,4634,WKS-HQ-22,i.golan,2,,,,,
2026-06-14 15:23:40,4624,SRV-FILE-HQ,y.segev,3,WKS-HQ-19,,,,
2026-06-14 15:27:52,4769,SRV-DC-01,a.mizrahi,,WKS-IT-01,http_svc,,,HTTP/web-supplier.northgate.local
2026-06-14 15:28:14,4688,WKS-HQ-15,n.hazan,,,,winword.exe,winword.exe /w,
2026-06-14 15:33:54,4624,SRV-DC-01,f.zohar,3,WKS-IT-29,,,,
2026-06-14 15:33:56,5140,SRV-DC-01,f.zohar,3,WKS-IT-29,,,,\\SRV-DC-01\IT
2026-06-14 15:45:52,4624,SRV-FILE-HQ,r.avni,3,WKS-HQ-14,,,,
2026-06-14 15:45:54,5140,SRV-FILE-HQ,r.avni,3,WKS-HQ-14,,,,\\SRV-FILE-HQ\Procurement
2026-06-14 15:57:49,4769,SRV-DC-01,r.stern,,WKS-PAY-02,mssqlsvc_svc,,,MSSQLSvc/srv-cardproc.northgate.local:1433
2026-06-14 16:01:31,4624,SRV-FILE-HQ,d.levi,3,WKS-SEC-10,,,,
2026-06-14 16:06:31,4624,SRV-DC-01,d.levi,3,WKS-SEC-10,,,,
2026-06-14 16:09:40,4624,SRV-POSMGT,v.harel,3,WKS-HQ-24,,,,
2026-06-14 16:22:52,4624,SRV-FILE-HQ,r.avni,3,WKS-HQ-14,,,,
2026-06-14 16:22:54,5140,SRV-FILE-HQ,r.avni,3,WKS-HQ-14,,,,\\SRV-FILE-HQ\Procurement
2026-06-14 16:37:08,4769,SRV-DC-01,m.saban,,WKS-IT-09,mssqlsvc_svc,,,MSSQLSvc/srv-cardproc.northgate.local:1433
2026-06-14 16:39:52,4624,SRV-FILE-HQ,r.avni,3,WKS-HQ-14,,,,
2026-06-14 16:39:54,5140,SRV-FILE-HQ,r.avni,3,WKS-HQ-14,,,,\\SRV-FILE-HQ\Vendors
2026-06-14 16:50:52,4769,SRV-DC-01,r.avni,,WKS-HQ-14,http_svc,,,HTTP/web-supplier.northgate.local
2026-06-14 16:58:14,4624,SRV-FILE-HQ,n.hazan,3,WKS-HQ-15,,,,
2026-06-14 16:58:16,5140,SRV-FILE-HQ,n.hazan,3,WKS-HQ-15,,,,\\SRV-FILE-HQ\Finance
2026-06-14 16:59:22,4634,WKS-HQ-25,z.amar,2,,,,,
2026-06-14 17:01:34,4624,SRV-DC-01,h.peretz,3,WKS-IT-08,,,,
2026-06-14 17:01:36,5140,SRV-DC-01,h.peretz,3,WKS-IT-08,,,,\\SRV-DC-01\IT
2026-06-14 17:08:46,4634,WKS-HQ-28,u.regev,2,,,,,
2026-06-14 17:25:35,4634,WKS-HQ-26,p.stein,2,,,,,
2026-06-14 17:25:39,4634,WKS-PAY-02,r.stern,2,,,,,
2026-06-14 17:29:39,4634,WKS-SEC-10,d.levi,2,,,,,
2026-06-14 17:30:54,4634,WKS-HQ-23,s.mor,2,,,,,
2026-06-14 17:32:53,4634,WKS-IT-09,m.saban,2,,,,,
2026-06-14 17:33:46,4634,WKS-PAY-30,g.ben-ari,2,,,,,
2026-06-14 17:39:32,4634,WKS-HQ-17,a.dahan,2,,,,,
2026-06-14 17:43:20,4634,WKS-IT-29,f.zohar,2,,,,,
2026-06-14 17:47:22,4634,WKS-HQ-20,k.oz,2,,,,,
2026-06-14 17:47:30,4634,WKS-HQ-13,l.beit,2,,,,,
2026-06-14 17:58:27,4634,WKS-SEC-03,e.katz,2,,,,,
2026-06-14 17:59:18,4634,WKS-IT-01,a.mizrahi,2,,,,,
2026-06-14 17:59:40,4634,WKS-HQ-14,r.avni,2,,,,,
2026-06-14 18:01:15,4634,WKS-PAY-11,s.arbel,2,,,,,
2026-06-14 18:02:49,4634,WKS-PAY-12,t.hadar,2,,,,,
2026-06-14 18:14:45,4634,WKS-HQ-24,v.harel,2,,,,,
2026-06-14 18:14:51,4634,WKS-HQ-19,y.segev,2,,,,,
2026-06-14 18:16:40,4634,WKS-HQ-21,b.naim,2,,,,,
2026-06-14 18:27:17,4634,WKS-HQ-27,c.barak,2,,,,,
2026-06-14 18:49:30,4634,WKS-HQ-16,e.shalom,2,,,,,
2026-06-14 18:51:56,4634,WKS-IT-08,h.peretz,2,,,,,
2026-06-14 18:53:18,4634,WKS-HQ-15,n.hazan,2,,,,,
2026-06-14 18:53:49,4634,WKS-HQ-05,y.oren,2,,,,,
2026-06-15 07:10:05,4624,WKS-HQ-24,v.harel,2,WKS-HQ-24,,,,
2026-06-15 07:11:17,4624,WKS-HQ-25,z.amar,2,WKS-HQ-25,,,,
2026-06-15 07:13:05,4769,SRV-DC-01,v.harel,,WKS-HQ-24,mssqlsvc_svc,,,MSSQLSvc/srv-cardproc.northgate.local:1433
2026-06-15 07:32:18,4624,WKS-HQ-26,p.stein,2,WKS-HQ-26,,,,
2026-06-15 07:41:18,4624,WKS-HQ-22,i.golan,2,WKS-HQ-22,,,,
2026-06-15 07:43:31,4624,WKS-PAY-11,s.arbel,2,WKS-PAY-11,,,,
2026-06-15 07:53:31,4624,WKS-PAY-30,g.ben-ari,2,WKS-PAY-30,,,,
2026-06-15 07:55:21,4624,WKS-HQ-23,s.mor,2,WKS-HQ-23,,,,
2026-06-15 08:01:54,4624,WKS-PAY-02,r.stern,2,WKS-PAY-02,,,,
2026-06-15 08:04:18,4688,WKS-HQ-26,p.stein,,,,winword.exe,winword.exe /w,
2026-06-15 08:06:31,4624,WKS-IT-01,a.mizrahi,2,WKS-IT-01,,,,
2026-06-15 08:06:32,4672,WKS-IT-01,a.mizrahi,2,,,,,
2026-06-15 08:13:17,4624,WKS-HQ-14,r.avni,2,WKS-HQ-14,,,,
2026-06-15 08:15:21,4624,WKS-HQ-21,b.naim,2,WKS-HQ-21,,,,
2026-06-15 08:21:58,4624,WKS-HQ-05,y.oren,2,WKS-HQ-05,,,,
2026-06-15 08:22:26,4624,WKS-HQ-20,k.oz,2,WKS-HQ-20,,,,
2026-06-15 08:28:31,4688,WKS-IT-01,a.mizrahi,,,,teams.exe,teams.exe --system-initiated,
2026-06-15 08:37:09,4624,WKS-HQ-04,n.barzilai,2,WKS-HQ-04,,,,
2026-06-15 08:38:18,4624,SRV-POSMGT,p.stein,3,WKS-HQ-26,,,,
2026-06-15 08:38:28,4624,WKS-IT-08,h.peretz,2,WKS-IT-08,,,,
2026-06-15 08:39:17,4624,WKS-IT-29,f.zohar,2,WKS-IT-29,,,,
2026-06-15 08:42:50,4624,WKS-HQ-16,e.shalom,2,WKS-HQ-16,,,,
2026-06-15 08:43:59,4624,WKS-IT-09,m.saban,2,WKS-IT-09,,,,
2026-06-15 08:52:02,4624,WKS-HQ-13,l.beit,2,WKS-HQ-13,,,,
2026-06-15 08:53:41,4624,WKS-HQ-27,c.barak,2,WKS-HQ-27,,,,
2026-06-15 08:55:31,4769,SRV-DC-01,s.arbel,,WKS-PAY-11,mssqlsvc_svc,,,MSSQLSvc/srv-posmgt.northgate.local:1433
2026-06-15 08:55:31,4624,SRV-CARDPROC,g.ben-ari,3,WKS-PAY-30,,,,
2026-06-15 09:00:31,4769,SRV-DC-01,s.arbel,,WKS-PAY-11,http_svc,,,HTTP/web-supplier.northgate.local
2026-06-15 09:01:40,4624,WKS-HQ-06,g.shemesh,2,WKS-HQ-06,,,,
2026-06-15 09:01:58,4624,WKS-HQ-15,n.hazan,2,WKS-HQ-15,,,,
2026-06-15 09:04:04,4624,WKS-HQ-07,o.raviv,2,WKS-HQ-07,,,,
2026-06-15 09:05:11,4624,WKS-PAY-12,t.hadar,2,WKS-PAY-12,,,,
2026-06-15 09:06:51,4624,WKS-HQ-28,u.regev,2,WKS-HQ-28,,,,
2026-06-15 09:08:31,4624,SRV-CARDPROC,g.ben-ari,3,WKS-PAY-30,,,,
2026-06-15 09:08:33,5140,SRV-CARDPROC,g.ben-ari,3,WKS-PAY-30,,,,\\SRV-CARDPROC\Payments
2026-06-15 09:15:17,4624,SRV-FILE-HQ,r.avni,3,WKS-HQ-14,,,,
2026-06-15 09:15:18,4769,SRV-DC-01,i.golan,,WKS-HQ-22,mssqlsvc_svc,,,MSSQLSvc/srv-cardproc.northgate.local:1433
2026-06-15 09:17:17,4769,SRV-DC-01,z.amar,,WKS-HQ-25,http_svc,,,HTTP/web-supplier.northgate.local
2026-06-15 09:17:28,4769,SRV-DC-01,h.peretz,,WKS-IT-08,mssqlsvc_svc,,,MSSQLSvc/srv-posmgt.northgate.local:1433
2026-06-15 09:18:20,4624,WKS-HQ-18,m.tal,2,WKS-HQ-18,,,,
2026-06-15 09:21:21,4769,SRV-DC-01,s.mor,,WKS-HQ-23,mssqlsvc_svc,,,MSSQLSvc/srv-cardproc.northgate.local:1433
2026-06-15 09:21:42,4624,WKS-SEC-10,d.levi,2,WKS-SEC-10,,,,
2026-06-15 09:22:05,4769,SRV-DC-01,v.harel,,WKS-HQ-24,mssqlsvc_svc,,,MSSQLSvc/srv-cardproc.northgate.local:1433
2026-06-15 09:31:02,4624,SRV-FILE-HQ,l.beit,3,WKS-HQ-13,,,,
2026-06-15 09:31:04,5140,SRV-FILE-HQ,l.beit,3,WKS-HQ-13,,,,\\SRV-FILE-HQ\Procurement
2026-06-15 09:42:51,4769,SRV-DC-01,u.regev,,WKS-HQ-28,mssqlsvc_svc,,,MSSQLSvc/srv-posmgt.northgate.local:1433
2026-06-15 09:49:31,4769,SRV-DC-01,s.arbel,,WKS-PAY-11,cifs_svc,,,CIFS/srv-file-hq.northgate.local
2026-06-15 09:55:58,4769,SRV-DC-01,n.hazan,,WKS-HQ-15,mssqlsvc_svc,,,MSSQLSvc/srv-cardproc.northgate.local:1433
2026-06-15 10:05:31,4624,SRV-DC-01,a.mizrahi,3,WKS-IT-01,,,,
2026-06-15 10:05:33,5140,SRV-DC-01,a.mizrahi,3,WKS-IT-01,,,,\\SRV-DC-01\IT
2026-06-15 10:10:17,4624,SRV-FILE-HQ,f.zohar,3,WKS-IT-29,,,,
2026-06-15 10:13:09,4624,SRV-FILE-HQ,n.barzilai,3,WKS-HQ-04,,,,
2026-06-15 10:20:31,4624,SRV-DC-01,a.mizrahi,3,WKS-IT-01,,,,
2026-06-15 10:24:05,4769,SRV-DC-01,v.harel,,WKS-HQ-24,cifs_svc,,,CIFS/srv-file-hq.northgate.local
2026-06-15 10:34:31,4769,SRV-DC-01,a.mizrahi,,WKS-IT-01,http_svc,,,HTTP/web-supplier.northgate.local
2026-06-15 10:44:31,4769,SRV-DC-01,g.ben-ari,,WKS-PAY-30,mssqlsvc_svc,,,MSSQLSvc/srv-cardproc.northgate.local:1433
2026-06-15 10:46:02,4624,SRV-FILE-HQ,l.beit,3,WKS-HQ-13,,,,
2026-06-15 10:57:58,4624,SRV-FILE-HQ,y.oren,3,WKS-HQ-05,,,,
2026-06-15 10:59:18,4769,SRV-DC-01,p.stein,,WKS-HQ-26,cifs_svc,,,CIFS/srv-file-hq.northgate.local
2026-06-15 11:04:51,4769,SRV-DC-01,u.regev,,WKS-HQ-28,mssqlsvc_svc,,,MSSQLSvc/srv-posmgt.northgate.local:1433
2026-06-15 11:08:58,4769,SRV-DC-01,y.oren,,WKS-HQ-05,mssqlsvc_svc,,,MSSQLSvc/srv-cardproc.northgate.local:1433
2026-06-15 11:12:42,4769,SRV-DC-01,d.levi,,WKS-SEC-10,http_svc,,,HTTP/web-supplier.northgate.local
2026-06-15 11:15:59,4769,SRV-DC-01,m.saban,,WKS-IT-09,http_svc,,,HTTP/web-supplier.northgate.local
2026-06-15 11:16:42,4769,SRV-DC-01,d.levi,,WKS-SEC-10,http_svc,,,HTTP/web-supplier.northgate.local
2026-06-15 11:17:54,4624,SRV-FILE-HQ,r.stern,3,WKS-PAY-02,,,,
2026-06-15 11:21:02,4769,SRV-DC-01,l.beit,,WKS-HQ-13,mssqlsvc_svc,,,MSSQLSvc/srv-cardproc.northgate.local:1433
2026-06-15 11:21:18,4624,SRV-FILE-HQ,i.golan,3,WKS-HQ-22,,,,
2026-06-15 11:21:20,5140,SRV-FILE-HQ,i.golan,3,WKS-HQ-22,,,,\\SRV-FILE-HQ\Branches
2026-06-15 11:26:04,4624,SRV-FILE-HQ,o.raviv,3,WKS-HQ-07,,,,
2026-06-15 11:26:31,4624,SRV-DC-01,a.mizrahi,3,WKS-IT-01,,,,
2026-06-15 11:31:31,4624,SRV-FILE-HQ,g.ben-ari,3,WKS-PAY-30,,,,
2026-06-15 11:45:21,4769,SRV-DC-01,b.naim,,WKS-HQ-21,cifs_svc,,,CIFS/srv-file-hq.northgate.local
2026-06-15 11:50:21,4769,SRV-DC-01,s.mor,,WKS-HQ-23,cifs_svc,,,CIFS/srv-file-hq.northgate.local
2026-06-15 11:56:04,4624,SRV-FILE-HQ,o.raviv,3,WKS-HQ-07,,,,
2026-06-15 11:56:06,5140,SRV-FILE-HQ,o.raviv,3,WKS-HQ-07,,,,\\SRV-FILE-HQ\Finance
2026-06-15 11:57:18,4769,SRV-DC-01,p.stein,,WKS-HQ-26,mssqlsvc_svc,,,MSSQLSvc/srv-posmgt.northgate.local:1433
2026-06-15 12:02:17,4769,SRV-DC-01,r.avni,,WKS-HQ-14,mssqlsvc_svc,,,MSSQLSvc/srv-posmgt.northgate.local:1433
2026-06-15 12:05:42,4624,SRV-DC-01,d.levi,3,WKS-SEC-10,,,,
2026-06-15 12:06:17,4769,SRV-DC-01,z.amar,,WKS-HQ-25,mssqlsvc_svc,,,MSSQLSvc/srv-cardproc.northgate.local:1433
2026-06-15 12:08:51,4769,SRV-DC-01,u.regev,,WKS-HQ-28,mssqlsvc_svc,,,MSSQLSvc/srv-posmgt.northgate.local:1433
2026-06-15 12:12:20,4769,SRV-DC-01,m.tal,,WKS-HQ-18,mssqlsvc_svc,,,MSSQLSvc/srv-posmgt.northgate.local:1433
2026-06-15 12:13:31,4769,SRV-DC-01,g.ben-ari,,WKS-PAY-30,mssqlsvc_svc,,,MSSQLSvc/srv-posmgt.northgate.local:1433
2026-06-15 12:22:26,4624,SRV-FILE-HQ,k.oz,3,WKS-HQ-20,,,,
2026-06-15 12:26:21,4624,SRV-FILE-HQ,b.naim,3,WKS-HQ-21,,,,
2026-06-15 12:26:23,5140,SRV-FILE-HQ,b.naim,3,WKS-HQ-21,,,,\\SRV-FILE-HQ\Logistics
2026-06-15 12:30:40,4688,WKS-HQ-06,g.shemesh,,,,chrome.exe,chrome.exe --restore-last-session,
2026-06-15 12:47:17,4769,SRV-DC-01,f.zohar,,WKS-IT-29,mssqlsvc_svc,,,MSSQLSvc/srv-cardproc.northgate.local:1433
2026-06-15 13:03:41,4688,WKS-HQ-27,c.barak,,,,winword.exe,winword.exe /w,
2026-06-15 13:06:04,4769,SRV-DC-01,o.raviv,,WKS-HQ-07,mssqlsvc_svc,,,MSSQLSvc/srv-cardproc.northgate.local:1433
2026-06-15 13:06:26,4769,SRV-DC-01,k.oz,,WKS-HQ-20,cifs_svc,,,CIFS/srv-file-hq.northgate.local
2026-06-15 13:11:18,4624,SRV-POSMGT,p.stein,3,WKS-HQ-26,,,,
2026-06-15 13:14:58,4624,SRV-FILE-HQ,n.hazan,3,WKS-HQ-15,,,,
2026-06-15 13:23:42,4769,SRV-DC-01,d.levi,,WKS-SEC-10,mssqlsvc_svc,,,MSSQLSvc/srv-cardproc.northgate.local:1433
2026-06-15 13:36:09,4624,SRV-FILE-HQ,n.barzilai,3,WKS-HQ-04,,,,
2026-06-15 13:36:11,5140,SRV-FILE-HQ,n.barzilai,3,WKS-HQ-04,,,,\\SRV-FILE-HQ\Finance
2026-06-15 13:44:11,4769,SRV-DC-01,t.hadar,,WKS-PAY-12,mssqlsvc_svc,,,MSSQLSvc/srv-cardproc.northgate.local:1433
2026-06-15 13:57:41,4624,SRV-FILE-HQ,c.barak,3,WKS-HQ-27,,,,
2026-06-15 14:01:11,4624,SRV-FILE-HQ,t.hadar,3,WKS-PAY-12,,,,
2026-06-15 14:06:11,4769,SRV-DC-01,t.hadar,,WKS-PAY-12,cifs_svc,,,CIFS/srv-file-hq.northgate.local
2026-06-15 14:07:18,4624,SRV-FILE-HQ,p.stein,3,WKS-HQ-26,,,,
2026-06-15 14:07:20,5140,SRV-FILE-HQ,p.stein,3,WKS-HQ-26,,,,\\SRV-FILE-HQ\Branches
2026-06-15 14:17:09,4624,SRV-FILE-HQ,n.barzilai,3,WKS-HQ-04,,,,
2026-06-15 14:17:11,5140,SRV-FILE-HQ,n.barzilai,3,WKS-HQ-04,,,,\\SRV-FILE-HQ\Finance
2026-06-15 14:22:09,4624,SRV-FILE-HQ,n.barzilai,3,WKS-HQ-04,,,,
2026-06-15 14:36:18,4624,SRV-POSMGT,i.golan,3,WKS-HQ-22,,,,
2026-06-15 14:44:51,4624,SRV-FILE-HQ,u.regev,3,WKS-HQ-28,,,,
2026-06-15 14:52:05,4624,SRV-POSMGT,v.harel,3,WKS-HQ-24,,,,
2026-06-15 14:52:07,5140,SRV-POSMGT,v.harel,3,WKS-HQ-24,,,,\\SRV-POSMGT\Branches
2026-06-15 14:55:31,4624,SRV-CARDPROC,s.arbel,3,WKS-PAY-11,,,,
2026-06-15 14:55:33,5140,SRV-CARDPROC,s.arbel,3,WKS-PAY-11,,,,\\SRV-CARDPROC\Payments
2026-06-15 14:57:28,4624,SRV-DC-01,h.peretz,3,WKS-IT-08,,,,
2026-06-15 15:01:18,4624,SRV-FILE-HQ,i.golan,3,WKS-HQ-22,,,,
2026-06-15 15:01:20,5140,SRV-FILE-HQ,i.golan,3,WKS-HQ-22,,,,\\SRV-FILE-HQ\Branches
2026-06-15 15:11:51,4624,SRV-FILE-HQ,u.regev,3,WKS-HQ-28,,,,
2026-06-15 15:11:53,5140,SRV-FILE-HQ,u.regev,3,WKS-HQ-28,,,,\\SRV-FILE-HQ\Marketing
2026-06-15 15:20:59,4624,SRV-FILE-HQ,m.saban,3,WKS-IT-09,,,,
2026-06-15 15:28:02,4769,SRV-DC-01,l.beit,,WKS-HQ-13,http_svc,,,HTTP/web-supplier.northgate.local
2026-06-15 15:37:58,4624,SRV-FILE-HQ,n.hazan,3,WKS-HQ-15,,,,
2026-06-15 15:41:26,4624,SRV-FILE-HQ,k.oz,3,WKS-HQ-20,,,,
2026-06-15 15:41:28,5140,SRV-FILE-HQ,k.oz,3,WKS-HQ-20,,,,\\SRV-FILE-HQ\Logistics
2026-06-15 15:46:42,4624,SRV-FILE-HQ,d.levi,3,WKS-SEC-10,,,,
2026-06-15 15:46:44,5140,SRV-FILE-HQ,d.levi,3,WKS-SEC-10,,,,\\SRV-FILE-HQ\IT
2026-06-15 15:59:02,4634,WKS-HQ-22,i.golan,2,,,,,
2026-06-15 16:27:07,4634,WKS-PAY-02,r.stern,2,,,,,
2026-06-15 16:28:04,4624,SRV-FILE-HQ,o.raviv,3,WKS-HQ-07,,,,
2026-06-15 16:32:41,4634,WKS-IT-01,a.mizrahi,2,,,,,
2026-06-15 16:41:20,4769,SRV-DC-01,m.tal,,WKS-HQ-18,http_svc,,,HTTP/web-supplier.northgate.local
2026-06-15 16:45:35,4634,WKS-PAY-11,s.arbel,2,,,,,
2026-06-15 16:47:58,4624,SRV-FILE-HQ,n.hazan,3,WKS-HQ-15,,,,
2026-06-15 16:48:44,4634,WKS-HQ-20,k.oz,2,,,,,
2026-06-15 16:49:40,4769,SRV-DC-01,g.shemesh,,WKS-HQ-06,mssqlsvc_svc,,,MSSQLSvc/srv-posmgt.northgate.local:1433
2026-06-15 16:50:46,4634,WKS-HQ-24,v.harel,2,,,,,
2026-06-15 16:54:21,4624,SRV-FILE-HQ,b.naim,3,WKS-HQ-21,,,,
2026-06-15 16:54:23,5140,SRV-FILE-HQ,b.naim,3,WKS-HQ-21,,,,\\SRV-FILE-HQ\Logistics
2026-06-15 17:01:23,4634,WKS-HQ-26,p.stein,2,,,,,
2026-06-15 17:03:30,4634,WKS-HQ-23,s.mor,2,,,,,
2026-06-15 17:06:59,4634,WKS-IT-09,m.saban,2,,,,,
2026-06-15 17:11:42,4624,SRV-DC-01,d.levi,3,WKS-SEC-10,,,,
2026-06-15 17:15:44,4634,WKS-HQ-07,o.raviv,2,,,,,
2026-06-15 17:28:12,4634,WKS-HQ-25,z.amar,2,,,,,
2026-06-15 17:30:40,4634,WKS-PAY-30,g.ben-ari,2,,,,,
2026-06-15 17:34:41,4634,WKS-IT-29,f.zohar,2,,,,,
2026-06-15 17:35:13,4634,WKS-HQ-21,b.naim,2,,,,,
2026-06-15 17:42:31,4634,WKS-IT-08,h.peretz,2,,,,,
2026-06-15 17:59:10,4634,WKS-HQ-06,g.shemesh,2,,,,,
2026-06-15 18:00:11,4634,WKS-HQ-04,n.barzilai,2,,,,,
2026-06-15 18:08:51,4634,WKS-HQ-14,r.avni,2,,,,,
2026-06-15 18:09:04,4634,WKS-HQ-13,l.beit,2,,,,,
2026-06-15 18:11:04,4634,WKS-HQ-05,y.oren,2,,,,,
2026-06-15 18:17:10,4634,WKS-HQ-27,c.barak,2,,,,,
2026-06-15 18:20:40,4634,WKS-HQ-16,e.shalom,2,,,,,
2026-06-15 19:08:21,4634,WKS-HQ-28,u.regev,2,,,,,
2026-06-15 19:10:05,4634,WKS-HQ-15,n.hazan,2,,,,,
2026-06-15 19:10:58,4634,WKS-PAY-12,t.hadar,2,,,,,
2026-06-15 19:12:00,4634,WKS-HQ-18,m.tal,2,,,,,
2026-06-15 19:45:31,4634,WKS-SEC-10,d.levi,2,,,,,
2026-06-16 06:52:25,4624,WKS-HQ-25,z.amar,2,WKS-HQ-25,,,,
2026-06-16 07:15:05,4624,WKS-HQ-22,i.golan,2,WKS-HQ-22,,,,
2026-06-16 07:17:41,4624,WKS-HQ-26,p.stein,2,WKS-HQ-26,,,,
2026-06-16 07:18:18,4624,WKS-HQ-24,v.harel,2,WKS-HQ-24,,,,
2026-06-16 07:34:05,4769,SRV-DC-01,i.golan,,WKS-HQ-22,http_svc,,,HTTP/web-supplier.northgate.local
2026-06-16 07:42:18,4624,SRV-POSMGT,v.harel,3,WKS-HQ-24,,,,
2026-06-16 07:51:35,4624,WKS-PAY-02,r.stern,2,WKS-PAY-02,,,,
2026-06-16 07:54:00,4624,WKS-HQ-23,s.mor,2,WKS-HQ-23,,,,
2026-06-16 07:58:54,4624,WKS-HQ-19,y.segev,2,WKS-HQ-19,,,,
2026-06-16 07:59:40,4624,WKS-PAY-11,s.arbel,2,WKS-PAY-11,,,,
2026-06-16 08:01:16,4624,WKS-SEC-03,e.katz,2,WKS-SEC-03,,,,
2026-06-16 08:12:35,4624,SRV-CARDPROC,r.stern,3,WKS-PAY-02,,,,
2026-06-16 08:12:45,4624,WKS-PAY-30,g.ben-ari,2,WKS-PAY-30,,,,
2026-06-16 08:14:02,4624,WKS-HQ-16,e.shalom,2,WKS-HQ-16,,,,
2026-06-16 08:19:35,4624,SRV-FILE-HQ,r.stern,3,WKS-PAY-02,,,,
2026-06-16 08:23:47,4624,WKS-HQ-14,r.avni,2,WKS-HQ-14,,,,
2026-06-16 08:24:05,4624,WKS-HQ-07,o.raviv,2,WKS-HQ-07,,,,
2026-06-16 08:25:19,4624,WKS-IT-01,a.mizrahi,2,WKS-IT-01,,,,
2026-06-16 08:25:20,4672,WKS-IT-01,a.mizrahi,2,,,,,
2026-06-16 08:25:54,4769,SRV-DC-01,y.segev,,WKS-HQ-19,mssqlsvc_svc,,,MSSQLSvc/srv-cardproc.northgate.local:1433
2026-06-16 08:31:00,4624,WKS-PAY-12,t.hadar,2,WKS-PAY-12,,,,
2026-06-16 08:31:38,4624,WKS-HQ-21,b.naim,2,WKS-HQ-21,,,,
2026-06-16 08:33:39,4624,WKS-HQ-13,l.beit,2,WKS-HQ-13,,,,
2026-06-16 08:37:00,4769,SRV-DC-01,t.hadar,,WKS-PAY-12,http_svc,,,HTTP/web-supplier.northgate.local
2026-06-16 08:37:41,4624,SRV-POSMGT,p.stein,3,WKS-HQ-26,,,,
2026-06-16 08:37:43,5140,SRV-POSMGT,p.stein,3,WKS-HQ-26,,,,\\SRV-POSMGT\Branches
2026-06-16 08:38:38,4624,WKS-IT-08,h.peretz,2,WKS-IT-08,,,,
2026-06-16 08:39:51,4624,WKS-HQ-05,y.oren,2,WKS-HQ-05,,,,
2026-06-16 08:43:21,4624,WKS-IT-09,m.saban,2,WKS-IT-09,,,,
2026-06-16 08:44:35,4769,SRV-DC-01,r.stern,,WKS-PAY-02,mssqlsvc_svc,,,MSSQLSvc/srv-cardproc.northgate.local:1433
2026-06-16 08:44:41,4624,WKS-HQ-17,a.dahan,2,WKS-HQ-17,,,,
2026-06-16 08:47:38,4624,SRV-FILE-HQ,h.peretz,3,WKS-IT-08,,,,
2026-06-16 08:47:54,4769,SRV-DC-01,y.segev,,WKS-HQ-19,http_svc,,,HTTP/web-supplier.northgate.local
2026-06-16 08:49:39,4624,SRV-FILE-HQ,l.beit,3,WKS-HQ-13,,,,
2026-06-16 08:51:47,4624,WKS-SEC-10,d.levi,2,WKS-SEC-10,,,,
2026-06-16 08:52:21,4624,SRV-DC-01,m.saban,3,WKS-IT-09,,,,
2026-06-16 08:52:47,4769,SRV-DC-01,r.avni,,WKS-HQ-14,mssqlsvc_svc,,,MSSQLSvc/srv-posmgt.northgate.local:1433
2026-06-16 08:52:56,4624,WKS-HQ-28,u.regev,2,WKS-HQ-28,,,,
2026-06-16 08:59:05,4624,WKS-IT-29,f.zohar,2,WKS-IT-29,,,,
2026-06-16 09:00:51,4624,WKS-HQ-04,n.barzilai,2,WKS-HQ-04,,,,
2026-06-16 09:00:56,4624,SRV-FILE-HQ,u.regev,3,WKS-HQ-28,,,,
2026-06-16 09:02:00,4624,WKS-HQ-27,c.barak,2,WKS-HQ-27,,,,
2026-06-16 09:14:42,4624,WKS-HQ-06,g.shemesh,2,WKS-HQ-06,,,,
2026-06-16 09:17:16,4624,WKS-HQ-15,n.hazan,2,WKS-HQ-15,,,,
2026-06-16 09:18:42,4688,WKS-HQ-06,g.shemesh,,,,outlook.exe,outlook.exe /recycle,
2026-06-16 09:20:04,4624,WKS-HQ-18,m.tal,2,WKS-HQ-18,,,,
2026-06-16 09:23:21,4769,SRV-DC-01,m.saban,,WKS-IT-09,mssqlsvc_svc,,,MSSQLSvc/srv-cardproc.northgate.local:1433
2026-06-16 09:24:40,4624,SRV-CARDPROC,s.arbel,3,WKS-PAY-11,,,,
2026-06-16 09:25:00,4624,SRV-FILE-HQ,c.barak,3,WKS-HQ-27,,,,
2026-06-16 09:25:38,4624,SRV-FILE-HQ,b.naim,3,WKS-HQ-21,,,,
2026-06-16 09:27:21,4624,SRV-FILE-HQ,m.saban,3,WKS-IT-09,,,,
2026-06-16 09:27:23,5140,SRV-FILE-HQ,m.saban,3,WKS-IT-09,,,,\\SRV-FILE-HQ\IT
2026-06-16 09:28:00,4624,SRV-FILE-HQ,t.hadar,3,WKS-PAY-12,,,,
2026-06-16 09:28:02,5140,SRV-FILE-HQ,t.hadar,3,WKS-PAY-12,,,,\\SRV-FILE-HQ\Payments
2026-06-16 09:34:19,4624,SRV-FILE-HQ,a.mizrahi,3,WKS-IT-01,,,,
2026-06-16 09:34:21,5140,SRV-FILE-HQ,a.mizrahi,3,WKS-IT-01,,,,\\SRV-FILE-HQ\IT
2026-06-16 09:38:47,4624,SRV-FILE-HQ,r.avni,3,WKS-HQ-14,,,,
2026-06-16 09:38:49,5140,SRV-FILE-HQ,r.avni,3,WKS-HQ-14,,,,\\SRV-FILE-HQ\Vendors
2026-06-16 09:57:18,4624,SRV-POSMGT,v.harel,3,WKS-HQ-24,,,,
2026-06-16 10:26:25,4624,SRV-FILE-HQ,z.amar,3,WKS-HQ-25,,,,
2026-06-16 10:26:27,5140,SRV-FILE-HQ,z.amar,3,WKS-HQ-25,,,,\\SRV-FILE-HQ\Branches
2026-06-16 10:38:47,4624,SRV-FILE-HQ,d.levi,3,WKS-SEC-10,,,,
2026-06-16 10:38:49,5140,SRV-FILE-HQ,d.levi,3,WKS-SEC-10,,,,\\SRV-FILE-HQ\IT
2026-06-16 10:41:51,4624,SRV-FILE-HQ,y.oren,3,WKS-HQ-05,,,,
2026-06-16 10:42:54,4624,SRV-FILE-HQ,y.segev,3,WKS-HQ-19,,,,
2026-06-16 10:44:05,4624,SRV-FILE-HQ,o.raviv,3,WKS-HQ-07,,,,
2026-06-16 10:44:16,4624,SRV-FILE-HQ,n.hazan,3,WKS-HQ-15,,,,
2026-06-16 10:46:04,4769,SRV-DC-01,m.tal,,WKS-HQ-18,cifs_svc,,,CIFS/srv-file-hq.northgate.local
2026-06-16 10:48:45,4624,SRV-CARDPROC,g.ben-ari,3,WKS-PAY-30,,,,
2026-06-16 11:01:40,4624,SRV-FILE-HQ,s.arbel,3,WKS-PAY-11,,,,
2026-06-16 11:09:51,4769,SRV-DC-01,y.oren,,WKS-HQ-05,mssqlsvc_svc,,,MSSQLSvc/srv-posmgt.northgate.local:1433
2026-06-16 11:10:47,4769,SRV-DC-01,r.avni,,WKS-HQ-14,mssqlsvc_svc,,,MSSQLSvc/srv-posmgt.northgate.local:1433
2026-06-16 11:11:19,4769,SRV-DC-01,a.mizrahi,,WKS-IT-01,mssqlsvc_svc,,,MSSQLSvc/srv-posmgt.northgate.local:1433
2026-06-16 11:14:35,4688,WKS-PAY-02,r.stern,,,,winword.exe,winword.exe /w,
2026-06-16 11:23:00,4769,SRV-DC-01,s.mor,,WKS-HQ-23,http_svc,,,HTTP/web-supplier.northgate.local
2026-06-16 11:31:38,4624,SRV-FILE-HQ,b.naim,3,WKS-HQ-21,,,,
2026-06-16 11:31:40,5140,SRV-FILE-HQ,b.naim,3,WKS-HQ-21,,,,\\SRV-FILE-HQ\Logistics
2026-06-16 11:37:05,4624,SRV-FILE-HQ,o.raviv,3,WKS-HQ-07,,,,
2026-06-16 11:39:40,4769,SRV-DC-01,s.arbel,,WKS-PAY-11,http_svc,,,HTTP/web-supplier.northgate.local
2026-06-16 11:51:16,4624,SRV-FILE-HQ,n.hazan,3,WKS-HQ-15,,,,
2026-06-16 12:05:56,4769,SRV-DC-01,u.regev,,WKS-HQ-28,mssqlsvc_svc,,,MSSQLSvc/srv-posmgt.northgate.local:1433
2026-06-16 12:07:04,4624,SRV-FILE-HQ,m.tal,3,WKS-HQ-18,,,,
2026-06-16 12:14:47,4624,SRV-FILE-HQ,r.avni,3,WKS-HQ-14,,,,
2026-06-16 12:14:49,5140,SRV-FILE-HQ,r.avni,3,WKS-HQ-14,,,,\\SRV-FILE-HQ\Vendors
2026-06-16 12:17:05,4624,SRV-FILE-HQ,f.zohar,3,WKS-IT-29,,,,
2026-06-16 12:22:42,4624,SRV-FILE-HQ,g.shemesh,3,WKS-HQ-06,,,,
2026-06-16 12:26:21,4769,SRV-DC-01,m.saban,,WKS-IT-09,mssqlsvc_svc,,,MSSQLSvc/srv-cardproc.northgate.local:1433
2026-06-16 12:34:21,4624,SRV-FILE-HQ,m.saban,3,WKS-IT-09,,,,
2026-06-16 12:34:23,5140,SRV-FILE-HQ,m.saban,3,WKS-IT-09,,,,\\SRV-FILE-HQ\IT
2026-06-16 12:35:39,4769,SRV-DC-01,l.beit,,WKS-HQ-13,cifs_svc,,,CIFS/srv-file-hq.northgate.local
2026-06-16 12:38:05,4624,SRV-POSMGT,i.golan,3,WKS-HQ-22,,,,
2026-06-16 12:38:05,4769,SRV-DC-01,i.golan,,WKS-HQ-22,mssqlsvc_svc,,,MSSQLSvc/srv-posmgt.northgate.local:1433
2026-06-16 12:38:16,4769,SRV-DC-01,n.hazan,,WKS-HQ-15,http_svc,,,HTTP/web-supplier.northgate.local
2026-06-16 12:50:05,4688,WKS-HQ-07,o.raviv,,,,teams.exe,teams.exe --system-initiated,
2026-06-16 12:50:19,4688,WKS-IT-01,a.mizrahi,,,,teams.exe,teams.exe --system-initiated,
2026-06-16 12:53:16,4624,SRV-FILE-HQ,e.katz,3,WKS-SEC-03,,,,
2026-06-16 13:03:00,4688,WKS-PAY-12,t.hadar,,,,teams.exe,teams.exe --system-initiated,
2026-06-16 13:08:41,4624,SRV-FILE-HQ,p.stein,3,WKS-HQ-26,,,,
2026-06-16 13:22:41,4624,SRV-FILE-HQ,a.dahan,3,WKS-HQ-17,,,,
2026-06-16 13:30:16,4624,SRV-DC-01,e.katz,3,WKS-SEC-03,,,,
2026-06-16 13:30:18,5140,SRV-DC-01,e.katz,3,WKS-SEC-03,,,,\\SRV-DC-01\IT
2026-06-16 13:33:35,4624,SRV-FILE-HQ,r.stern,3,WKS-PAY-02,,,,
2026-06-16 13:33:37,5140,SRV-FILE-HQ,r.stern,3,WKS-PAY-02,,,,\\SRV-FILE-HQ\Payments
2026-06-16 13:38:00,4769,SRV-DC-01,c.barak,,WKS-HQ-27,http_svc,,,HTTP/web-supplier.northgate.local
2026-06-16 13:43:21,4624,SRV-FILE-HQ,m.saban,3,WKS-IT-09,,,,
2026-06-16 13:47:16,4769,SRV-DC-01,n.hazan,,WKS-HQ-15,mssqlsvc_svc,,,MSSQLSvc/srv-cardproc.northgate.local:1433
2026-06-16 13:48:51,4769,SRV-DC-01,n.barzilai,,WKS-HQ-04,cifs_svc,,,CIFS/srv-file-hq.northgate.local
2026-06-16 13:59:45,4624,SRV-CARDPROC,g.ben-ari,3,WKS-PAY-30,,,,
2026-06-16 14:02:38,4624,SRV-DC-01,h.peretz,3,WKS-IT-08,,,,
2026-06-16 14:08:00,4624,SRV-CARDPROC,t.hadar,3,WKS-PAY-12,,,,
2026-06-16 14:08:16,4624,SRV-DC-01,e.katz,3,WKS-SEC-03,,,,
2026-06-16 14:08:18,5140,SRV-DC-01,e.katz,3,WKS-SEC-03,,,,\\SRV-DC-01\IT
2026-06-16 14:09:05,4769,SRV-DC-01,f.zohar,,WKS-IT-29,mssqlsvc_svc,,,MSSQLSvc/srv-posmgt.northgate.local:1433
2026-06-16 14:10:04,4624,SRV-FILE-HQ,m.tal,3,WKS-HQ-18,,,,
2026-06-16 14:10:06,5140,SRV-FILE-HQ,m.tal,3,WKS-HQ-18,,,,\\SRV-FILE-HQ\HR
2026-06-16 14:25:35,4624,SRV-FILE-HQ,r.stern,3,WKS-PAY-02,,,,
2026-06-16 14:25:37,5140,SRV-FILE-HQ,r.stern,3,WKS-PAY-02,,,,\\SRV-FILE-HQ\Payments
2026-06-16 14:26:00,4624,SRV-FILE-HQ,c.barak,3,WKS-HQ-27,,,,
2026-06-16 14:29:41,4624,SRV-POSMGT,p.stein,3,WKS-HQ-26,,,,
2026-06-16 14:31:56,4769,SRV-DC-01,u.regev,,WKS-HQ-28,http_svc,,,HTTP/web-supplier.northgate.local
2026-06-16 14:39:05,4624,SRV-FILE-HQ,o.raviv,3,WKS-HQ-07,,,,
2026-06-16 14:39:25,4624,SRV-POSMGT,z.amar,3,WKS-HQ-25,,,,
2026-06-16 14:41:21,4624,SRV-DC-01,m.saban,3,WKS-IT-09,,,,
2026-06-16 14:41:47,4624,SRV-DC-01,d.levi,3,WKS-SEC-10,,,,
2026-06-16 14:55:41,4624,SRV-FILE-HQ,a.dahan,3,WKS-HQ-17,,,,
2026-06-16 15:04:56,4624,SRV-FILE-HQ,u.regev,3,WKS-HQ-28,,,,
2026-06-16 15:04:58,5140,SRV-FILE-HQ,u.regev,3,WKS-HQ-28,,,,\\SRV-FILE-HQ\Marketing
2026-06-16 15:12:25,4769,SRV-DC-01,z.amar,,WKS-HQ-25,mssqlsvc_svc,,,MSSQLSvc/srv-posmgt.northgate.local:1433
2026-06-16 15:19:00,4624,SRV-CARDPROC,t.hadar,3,WKS-PAY-12,,,,
2026-06-16 15:19:02,5140,SRV-CARDPROC,t.hadar,3,WKS-PAY-12,,,,\\SRV-CARDPROC\Payments
2026-06-16 15:21:39,4624,SRV-FILE-HQ,l.beit,3,WKS-HQ-13,,,,
2026-06-16 15:24:18,4634,WKS-HQ-24,v.harel,2,,,,,
2026-06-16 15:26:18,4624,SRV-FILE-HQ,v.harel,3,WKS-HQ-24,,,,
2026-06-16 15:32:16,4769,SRV-DC-01,e.katz,,WKS-SEC-03,mssqlsvc_svc,,,MSSQLSvc/srv-posmgt.northgate.local:1433
2026-06-16 15:39:51,4769,SRV-DC-01,n.barzilai,,WKS-HQ-04,mssqlsvc_svc,,,MSSQLSvc/srv-cardproc.northgate.local:1433
2026-06-16 15:40:47,4769,SRV-DC-01,r.avni,,WKS-HQ-14,mssqlsvc_svc,,,MSSQLSvc/srv-posmgt.northgate.local:1433
2026-06-16 15:44:02,4624,SRV-FILE-HQ,e.shalom,3,WKS-HQ-16,,,,
2026-06-16 15:44:04,5140,SRV-FILE-HQ,e.shalom,3,WKS-HQ-16,,,,\\SRV-FILE-HQ\Finance
2026-06-16 15:49:44,4634,WKS-HQ-26,p.stein,2,,,,,
2026-06-16 15:52:00,4769,SRV-DC-01,c.barak,,WKS-HQ-27,mssqlsvc_svc,,,MSSQLSvc/srv-posmgt.northgate.local:1433
2026-06-16 16:07:42,4769,SRV-DC-01,g.shemesh,,WKS-HQ-06,mssqlsvc_svc,,,MSSQLSvc/srv-cardproc.northgate.local:1433
2026-06-16 16:12:47,4769,SRV-DC-01,d.levi,,WKS-SEC-10,cifs_svc,,,CIFS/srv-file-hq.northgate.local
2026-06-16 16:14:47,4624,SRV-DC-01,d.levi,3,WKS-SEC-10,,,,
2026-06-16 16:14:49,5140,SRV-DC-01,d.levi,3,WKS-SEC-10,,,,\\SRV-DC-01\IT
2026-06-16 16:17:45,4624,SRV-FILE-HQ,g.ben-ari,3,WKS-PAY-30,,,,
2026-06-16 16:17:47,5140,SRV-FILE-HQ,g.ben-ari,3,WKS-PAY-30,,,,\\SRV-FILE-HQ\Payments
2026-06-16 16:18:40,4769,SRV-DC-01,s.arbel,,WKS-PAY-11,cifs_svc,,,CIFS/srv-file-hq.northgate.local
2026-06-16 16:21:20,4634,WKS-HQ-25,z.amar,2,,,,,
2026-06-16 16:27:38,4769,SRV-DC-01,b.naim,,WKS-HQ-21,cifs_svc,,,CIFS/srv-file-hq.northgate.local
2026-06-16 16:40:02,4634,WKS-PAY-30,g.ben-ari,2,,,,,
2026-06-16 16:43:13,4634,WKS-IT-01,a.mizrahi,2,,,,,
2026-06-16 16:43:42,4624,SRV-FILE-HQ,g.shemesh,3,WKS-HQ-06,,,,
2026-06-16 16:46:04,4624,SRV-FILE-HQ,m.tal,3,WKS-HQ-18,,,,
2026-06-16 16:52:14,4634,WKS-SEC-10,d.levi,2,,,,,
2026-06-16 16:52:35,4634,WKS-HQ-17,a.dahan,2,,,,,
2026-06-16 16:53:00,4634,WKS-HQ-23,s.mor,2,,,,,
2026-06-16 16:56:41,4769,SRV-DC-01,a.dahan,,WKS-HQ-17,http_svc,,,HTTP/web-supplier.northgate.local
2026-06-16 17:05:12,4634,WKS-IT-29,f.zohar,2,,,,,
2026-06-16 17:09:40,4634,WKS-HQ-04,n.barzilai,2,,,,,
2026-06-16 17:11:48,4634,WKS-PAY-11,s.arbel,2,,,,,
2026-06-16 17:13:04,4634,WKS-PAY-12,t.hadar,2,,,,,
2026-06-16 17:17:16,4634,WKS-HQ-22,i.golan,2,,,,,
2026-06-16 17:24:15,4634,WKS-SEC-03,e.katz,2,,,,,
2026-06-16 17:31:12,4634,WKS-HQ-28,u.regev,2,,,,,
2026-06-16 17:35:32,4634,WKS-HQ-19,y.segev,2,,,,,
2026-06-16 17:35:42,4634,WKS-IT-09,m.saban,2,,,,,
2026-06-16 17:36:06,4634,WKS-HQ-21,b.naim,2,,,,,
2026-06-16 17:44:39,4634,WKS-HQ-18,m.tal,2,,,,,
2026-06-16 17:50:40,4634,WKS-HQ-27,c.barak,2,,,,,
2026-06-16 17:51:40,4634,WKS-PAY-02,r.stern,2,,,,,
2026-06-16 18:22:01,4634,WKS-HQ-14,r.avni,2,,,,,
2026-06-16 18:32:03,4634,WKS-HQ-07,o.raviv,2,,,,,
2026-06-16 18:37:42,4634,WKS-HQ-16,e.shalom,2,,,,,
2026-06-16 18:49:01,4634,WKS-IT-08,h.peretz,2,,,,,
2026-06-16 18:55:41,4634,WKS-HQ-13,l.beit,2,,,,,
2026-06-16 19:02:49,4634,WKS-HQ-05,y.oren,2,,,,,
2026-06-16 19:04:37,4634,WKS-HQ-06,g.shemesh,2,,,,,
2026-06-16 19:31:04,4634,WKS-HQ-15,n.hazan,2,,,,,
2026-06-17 06:36:09,4624,WKS-HQ-25,z.amar,2,WKS-HQ-25,,,,
2026-06-17 07:17:09,4769,SRV-DC-01,z.amar,,WKS-HQ-25,mssqlsvc_svc,,,MSSQLSvc/srv-cardproc.northgate.local:1433
2026-06-17 07:47:32,4624,WKS-HQ-23,s.mor,2,WKS-HQ-23,,,,
2026-06-17 07:50:52,4624,WKS-HQ-26,p.stein,2,WKS-HQ-26,,,,
2026-06-17 07:53:35,4624,WKS-HQ-16,e.shalom,2,WKS-HQ-16,,,,
2026-06-17 07:54:38,4624,WKS-IT-01,a.mizrahi,2,WKS-IT-01,,,,
2026-06-17 07:54:39,4672,WKS-IT-01,a.mizrahi,2,,,,,
2026-06-17 07:55:18,4624,WKS-PAY-30,g.ben-ari,2,WKS-PAY-30,,,,
2026-06-17 07:55:32,4624,WKS-HQ-24,v.harel,2,WKS-HQ-24,,,,
2026-06-17 07:58:46,4624,WKS-HQ-22,i.golan,2,WKS-HQ-22,,,,
2026-06-17 08:04:23,4624,WKS-HQ-13,l.beit,2,WKS-HQ-13,,,,
2026-06-17 08:08:23,4769,SRV-DC-01,l.beit,,WKS-HQ-13,mssqlsvc_svc,,,MSSQLSvc/srv-cardproc.northgate.local:1433
2026-06-17 08:09:09,4624,WKS-HQ-19,y.segev,2,WKS-HQ-19,,,,
2026-06-17 08:12:16,4624,WKS-HQ-20,k.oz,2,WKS-HQ-20,,,,
2026-06-17 08:12:31,4624,WKS-PAY-11,s.arbel,2,WKS-PAY-11,,,,
2026-06-17 08:17:33,4624,WKS-IT-08,h.peretz,2,WKS-IT-08,,,,
2026-06-17 08:17:44,4624,WKS-PAY-02,r.stern,2,WKS-PAY-02,,,,
2026-06-17 08:24:07,4624,WKS-SEC-10,d.levi,2,WKS-SEC-10,,,,
2026-06-17 08:24:51,4624,WKS-HQ-05,y.oren,2,WKS-HQ-05,,,,
2026-06-17 08:29:02,4624,WKS-SEC-03,e.katz,2,WKS-SEC-03,,,,
2026-06-17 08:33:08,4624,WKS-IT-09,m.saban,2,WKS-IT-09,,,,
2026-06-17 08:34:07,4624,WKS-HQ-28,u.regev,2,WKS-HQ-28,,,,
2026-06-17 08:41:32,4624,SRV-FILE-HQ,s.mor,3,WKS-HQ-23,,,,
2026-06-17 08:41:34,5140,SRV-FILE-HQ,s.mor,3,WKS-HQ-23,,,,\\SRV-FILE-HQ\Branches
2026-06-17 08:41:37,4624,WKS-HQ-21,b.naim,2,WKS-HQ-21,,,,
2026-06-17 08:42:46,4688,WKS-HQ-22,i.golan,,,,winword.exe,winword.exe /w,
2026-06-17 08:46:17,4624,WKS-PAY-12,t.hadar,2,WKS-PAY-12,,,,
2026-06-17 08:47:11,4624,WKS-HQ-18,m.tal,2,WKS-HQ-18,,,,
2026-06-17 08:47:14,4624,WKS-HQ-14,r.avni,2,WKS-HQ-14,,,,
2026-06-17 08:48:36,4624,WKS-HQ-27,c.barak,2,WKS-HQ-27,,,,
2026-06-17 08:51:20,4624,WKS-HQ-17,a.dahan,2,WKS-HQ-17,,,,
2026-06-17 08:52:36,4624,WKS-HQ-07,o.raviv,2,WKS-HQ-07,,,,
2026-06-17 08:57:09,4688,WKS-HQ-19,y.segev,,,,teams.exe,teams.exe --system-initiated,
2026-06-17 08:59:31,4769,SRV-DC-01,s.arbel,,WKS-PAY-11,mssqlsvc_svc,,,MSSQLSvc/srv-posmgt.northgate.local:1433
2026-06-17 08:59:36,4624,WKS-HQ-15,n.hazan,2,WKS-HQ-15,,,,
2026-06-17 09:01:58,4624,WKS-IT-29,f.zohar,2,WKS-IT-29,,,,
2026-06-17 09:09:31,4769,SRV-DC-01,s.arbel,,WKS-PAY-11,mssqlsvc_svc,,,MSSQLSvc/srv-cardproc.northgate.local:1433
2026-06-17 09:11:23,4624,WKS-HQ-06,g.shemesh,2,WKS-HQ-06,,,,
2026-06-17 09:12:36,4688,WKS-HQ-15,n.hazan,,,,outlook.exe,outlook.exe /recycle,
2026-06-17 09:14:56,4624,WKS-HQ-04,n.barzilai,2,WKS-HQ-04,,,,
2026-06-17 09:21:07,4624,SRV-FILE-HQ,d.levi,3,WKS-SEC-10,,,,
2026-06-17 09:22:51,4624,SRV-FILE-HQ,y.oren,3,WKS-HQ-05,,,,
2026-06-17 09:25:20,4769,SRV-DC-01,a.dahan,,WKS-HQ-17,mssqlsvc_svc,,,MSSQLSvc/srv-cardproc.northgate.local:1433
2026-06-17 09:27:17,4769,SRV-DC-01,t.hadar,,WKS-PAY-12,http_svc,,,HTTP/web-supplier.northgate.local
2026-06-17 09:28:16,4624,SRV-FILE-HQ,k.oz,3,WKS-HQ-20,,,,
2026-06-17 09:28:52,4624,SRV-FILE-HQ,p.stein,3,WKS-HQ-26,,,,
2026-06-17 09:30:32,4769,SRV-DC-01,v.harel,,WKS-HQ-24,cifs_svc,,,CIFS/srv-file-hq.northgate.local
2026-06-17 09:34:52,4769,SRV-DC-01,p.stein,,WKS-HQ-26,cifs_svc,,,CIFS/srv-file-hq.northgate.local
2026-06-17 09:36:56,4624,SRV-FILE-HQ,n.barzilai,3,WKS-HQ-04,,,,
2026-06-17 09:36:58,5140,SRV-FILE-HQ,n.barzilai,3,WKS-HQ-04,,,,\\SRV-FILE-HQ\Finance
2026-06-17 09:39:32,4624,SRV-POSMGT,s.mor,3,WKS-HQ-23,,,,
2026-06-17 09:39:34,5140,SRV-POSMGT,s.mor,3,WKS-HQ-23,,,,\\SRV-POSMGT\Branches
2026-06-17 09:45:23,4624,SRV-FILE-HQ,l.beit,3,WKS-HQ-13,,,,
2026-06-17 09:45:25,5140,SRV-FILE-HQ,l.beit,3,WKS-HQ-13,,,,\\SRV-FILE-HQ\Vendors
2026-06-17 09:46:37,4624,SRV-FILE-HQ,b.naim,3,WKS-HQ-21,,,,
2026-06-17 09:46:39,5140,SRV-FILE-HQ,b.naim,3,WKS-HQ-21,,,,\\SRV-FILE-HQ\Logistics
2026-06-17 09:49:08,4624,SRV-FILE-HQ,m.saban,3,WKS-IT-09,,,,
2026-06-17 09:50:17,4624,SRV-CARDPROC,t.hadar,3,WKS-PAY-12,,,,
2026-06-17 09:54:36,4624,SRV-FILE-HQ,c.barak,3,WKS-HQ-27,,,,
2026-06-17 10:24:09,4624,SRV-POSMGT,z.amar,3,WKS-HQ-25,,,,
2026-06-17 10:29:44,4624,SRV-CARDPROC,r.stern,3,WKS-PAY-02,,,,
2026-06-17 10:30:17,4624,SRV-FILE-HQ,t.hadar,3,WKS-PAY-12,,,,
2026-06-17 10:31:23,4624,SRV-FILE-HQ,g.shemesh,3,WKS-HQ-06,,,,
2026-06-17 10:33:23,4624,SRV-FILE-HQ,g.shemesh,3,WKS-HQ-06,,,,
2026-06-17 10:33:25,5140,SRV-FILE-HQ,g.shemesh,3,WKS-HQ-06,,,,\\SRV-FILE-HQ\Finance
2026-06-17 10:39:23,4769,SRV-DC-01,l.beit,,WKS-HQ-13,mssqlsvc_svc,,,MSSQLSvc/srv-cardproc.northgate.local:1433
2026-06-17 10:45:56,4688,WKS-HQ-04,n.barzilai,,,,winword.exe,winword.exe /w,
2026-06-17 10:46:44,4769,SRV-DC-01,r.stern,,WKS-PAY-02,mssqlsvc_svc,,,MSSQLSvc/srv-cardproc.northgate.local:1433
2026-06-17 10:52:14,4688,WKS-HQ-14,r.avni,,,,outlook.exe,outlook.exe /recycle,
2026-06-17 10:52:38,4688,WKS-IT-01,a.mizrahi,,,,outlook.exe,outlook.exe /recycle,
2026-06-17 10:55:36,4624,SRV-FILE-HQ,c.barak,3,WKS-HQ-27,,,,
2026-06-17 10:56:31,4624,SRV-CARDPROC,s.arbel,3,WKS-PAY-11,,,,
2026-06-17 10:56:33,5140,SRV-CARDPROC,s.arbel,3,WKS-PAY-11,,,,\\SRV-CARDPROC\Payments
2026-06-17 10:59:38,4769,SRV-DC-01,a.mizrahi,,WKS-IT-01,mssqlsvc_svc,,,MSSQLSvc/srv-posmgt.northgate.local:1433
2026-06-17 11:02:07,4624,SRV-FILE-HQ,u.regev,3,WKS-HQ-28,,,,
2026-06-17 11:03:09,4624,SRV-FILE-HQ,z.amar,3,WKS-HQ-25,,,,
2026-06-17 11:17:09,4769,SRV-DC-01,z.amar,,WKS-HQ-25,http_svc,,,HTTP/web-supplier.northgate.local
2026-06-17 11:20:44,4769,SRV-DC-01,r.stern,,WKS-PAY-02,mssqlsvc_svc,,,MSSQLSvc/srv-cardproc.northgate.local:1433
2026-06-17 11:21:36,4624,SRV-FILE-HQ,o.raviv,3,WKS-HQ-07,,,,
2026-06-17 11:21:38,5140,SRV-FILE-HQ,o.raviv,3,WKS-HQ-07,,,,\\SRV-FILE-HQ\Finance
2026-06-17 11:26:46,4624,SRV-POSMGT,i.golan,3,WKS-HQ-22,,,,
2026-06-17 11:36:32,4769,SRV-DC-01,v.harel,,WKS-HQ-24,cifs_svc,,,CIFS/srv-file-hq.northgate.local
2026-06-17 11:36:32,4769,SRV-DC-01,v.harel,,WKS-HQ-24,cifs_svc,,,CIFS/srv-file-hq.northgate.local
2026-06-17 11:40:02,4624,SRV-FILE-HQ,e.katz,3,WKS-SEC-03,,,,
2026-06-17 11:40:04,5140,SRV-FILE-HQ,e.katz,3,WKS-SEC-03,,,,\\SRV-FILE-HQ\IT
2026-06-17 11:49:14,4624,SRV-FILE-HQ,r.avni,3,WKS-HQ-14,,,,
2026-06-17 11:50:09,4624,SRV-FILE-HQ,z.amar,3,WKS-HQ-25,,,,
2026-06-17 11:50:11,5140,SRV-FILE-HQ,z.amar,3,WKS-HQ-25,,,,\\SRV-FILE-HQ\Branches
2026-06-17 11:55:09,4624,SRV-FILE-HQ,y.segev,3,WKS-HQ-19,,,,
2026-06-17 12:01:20,4624,SRV-FILE-HQ,a.dahan,3,WKS-HQ-17,,,,
2026-06-17 12:02:36,4769,SRV-DC-01,n.hazan,,WKS-HQ-15,mssqlsvc_svc,,,MSSQLSvc/srv-cardproc.northgate.local:1433
2026-06-17 12:03:36,4624,SRV-FILE-HQ,n.hazan,3,WKS-HQ-15,,,,
2026-06-17 12:03:38,5140,SRV-FILE-HQ,n.hazan,3,WKS-HQ-15,,,,\\SRV-FILE-HQ\Finance
2026-06-17 12:06:11,4624,SRV-FILE-HQ,m.tal,3,WKS-HQ-18,,,,
2026-06-17 12:06:13,5140,SRV-FILE-HQ,m.tal,3,WKS-HQ-18,,,,\\SRV-FILE-HQ\HR
2026-06-17 12:09:31,4769,SRV-DC-01,s.arbel,,WKS-PAY-11,http_svc,,,HTTP/web-supplier.northgate.local
2026-06-17 12:16:20,4624,SRV-FILE-HQ,a.dahan,3,WKS-HQ-17,,,,
2026-06-17 12:17:11,4624,SRV-FILE-HQ,m.tal,3,WKS-HQ-18,,,,
2026-06-17 12:20:14,4624,SRV-FILE-HQ,r.avni,3,WKS-HQ-14,,,,
2026-06-17 12:20:16,5140,SRV-FILE-HQ,r.avni,3,WKS-HQ-14,,,,\\SRV-FILE-HQ\Vendors
2026-06-17 12:28:14,4624,SRV-FILE-HQ,r.avni,3,WKS-HQ-14,,,,
2026-06-17 12:28:52,4769,SRV-DC-01,p.stein,,WKS-HQ-26,mssqlsvc_svc,,,MSSQLSvc/srv-cardproc.northgate.local:1433
2026-06-17 12:36:56,4769,SRV-DC-01,n.barzilai,,WKS-HQ-04,http_svc,,,HTTP/web-supplier.northgate.local
2026-06-17 12:38:07,4769,SRV-DC-01,d.levi,,WKS-SEC-10,mssqlsvc_svc,,,MSSQLSvc/srv-posmgt.northgate.local:1433
2026-06-17 12:53:32,4624,SRV-FILE-HQ,v.harel,3,WKS-HQ-24,,,,
2026-06-17 12:53:34,5140,SRV-FILE-HQ,v.harel,3,WKS-HQ-24,,,,\\SRV-FILE-HQ\Branches
2026-06-17 12:53:46,4624,SRV-FILE-HQ,i.golan,3,WKS-HQ-22,,,,
2026-06-17 12:55:36,4624,SRV-FILE-HQ,o.raviv,3,WKS-HQ-07,,,,
2026-06-17 12:55:38,5140,SRV-FILE-HQ,o.raviv,3,WKS-HQ-07,,,,\\SRV-FILE-HQ\Finance
2026-06-17 13:00:08,4624,SRV-DC-01,m.saban,3,WKS-IT-09,,,,
2026-06-17 13:03:07,4769,SRV-DC-01,u.regev,,WKS-HQ-28,cifs_svc,,,CIFS/srv-file-hq.northgate.local
2026-06-17 13:06:35,4769,SRV-DC-01,e.shalom,,WKS-HQ-16,http_svc,,,HTTP/web-supplier.northgate.local
2026-06-17 13:08:18,4769,SRV-DC-01,g.ben-ari,,WKS-PAY-30,mssqlsvc_svc,,,MSSQLSvc/srv-cardproc.northgate.local:1433
2026-06-17 13:11:23,4769,SRV-DC-01,l.beit,,WKS-HQ-13,http_svc,,,HTTP/web-supplier.northgate.local
2026-06-17 13:15:44,4624,SRV-CARDPROC,r.stern,3,WKS-PAY-02,,,,
2026-06-17 13:21:08,4769,SRV-DC-01,m.saban,,WKS-IT-09,mssqlsvc_svc,,,MSSQLSvc/srv-cardproc.northgate.local:1433
2026-06-17 13:21:56,4769,SRV-DC-01,n.barzilai,,WKS-HQ-04,mssqlsvc_svc,,,MSSQLSvc/srv-posmgt.northgate.local:1433
2026-06-17 13:25:51,4624,SRV-FILE-HQ,y.oren,3,WKS-HQ-05,,,,
2026-06-17 13:30:38,4624,SRV-DC-01,a.mizrahi,3,WKS-IT-01,,,,
2026-06-17 13:32:16,4769,SRV-DC-01,k.oz,,WKS-HQ-20,http_svc,,,HTTP/web-supplier.northgate.local
2026-06-17 13:39:58,4624,SRV-DC-01,f.zohar,3,WKS-IT-29,,,,
2026-06-17 13:44:20,4769,SRV-DC-01,a.dahan,,WKS-HQ-17,http_svc,,,HTTP/web-supplier.northgate.local
2026-06-17 13:44:56,4624,SRV-FILE-HQ,n.barzilai,3,WKS-HQ-04,,,,
2026-06-17 13:51:35,4624,SRV-FILE-HQ,e.shalom,3,WKS-HQ-16,,,,
2026-06-17 13:51:37,5140,SRV-FILE-HQ,e.shalom,3,WKS-HQ-16,,,,\\SRV-FILE-HQ\Finance
2026-06-17 13:53:36,4688,WKS-HQ-27,c.barak,,,,outlook.exe,outlook.exe /recycle,
2026-06-17 13:55:56,4624,SRV-FILE-HQ,n.barzilai,3,WKS-HQ-04,,,,
2026-06-17 14:01:52,4769,SRV-DC-01,p.stein,,WKS-HQ-26,mssqlsvc_svc,,,MSSQLSvc/srv-cardproc.northgate.local:1433
2026-06-17 14:04:07,4769,SRV-DC-01,u.regev,,WKS-HQ-28,mssqlsvc_svc,,,MSSQLSvc/srv-cardproc.northgate.local:1433
2026-06-17 14:21:52,4624,SRV-FILE-HQ,p.stein,3,WKS-HQ-26,,,,
2026-06-17 14:29:32,4769,SRV-DC-01,v.harel,,WKS-HQ-24,cifs_svc,,,CIFS/srv-file-hq.northgate.local
2026-06-17 14:31:08,4624,SRV-DC-01,m.saban,3,WKS-IT-09,,,,
2026-06-17 14:34:38,4624,SRV-DC-01,a.mizrahi,3,WKS-IT-01,,,,
2026-06-17 14:35:23,4624,SRV-FILE-HQ,l.beit,3,WKS-HQ-13,,,,
2026-06-17 14:35:23,4624,SRV-FILE-HQ,l.beit,3,WKS-HQ-13,,,,
2026-06-17 14:35:36,4624,SRV-FILE-HQ,o.raviv,3,WKS-HQ-07,,,,
2026-06-17 14:35:38,5140,SRV-FILE-HQ,o.raviv,3,WKS-HQ-07,,,,\\SRV-FILE-HQ\Finance
2026-06-17 14:44:08,4769,SRV-DC-01,m.saban,,WKS-IT-09,http_svc,,,HTTP/web-supplier.northgate.local
2026-06-17 14:44:17,4624,SRV-CARDPROC,t.hadar,3,WKS-PAY-12,,,,
2026-06-17 14:45:02,4769,SRV-DC-01,e.katz,,WKS-SEC-03,mssqlsvc_svc,,,MSSQLSvc/srv-cardproc.northgate.local:1433
2026-06-17 14:45:18,4624,SRV-CARDPROC,g.ben-ari,3,WKS-PAY-30,,,,
2026-06-17 14:56:31,4624,SRV-FILE-HQ,s.arbel,3,WKS-PAY-11,,,,
2026-06-17 14:56:32,4624,SRV-POSMGT,v.harel,3,WKS-HQ-24,,,,
2026-06-17 14:56:33,5140,SRV-FILE-HQ,s.arbel,3,WKS-PAY-11,,,,\\SRV-FILE-HQ\Payments
2026-06-17 14:56:34,5140,SRV-POSMGT,v.harel,3,WKS-HQ-24,,,,\\SRV-POSMGT\Branches
2026-06-17 15:00:36,4624,SRV-FILE-HQ,c.barak,3,WKS-HQ-27,,,,
2026-06-17 15:01:18,4624,SRV-CARDPROC,g.ben-ari,3,WKS-PAY-30,,,,
2026-06-17 15:04:11,4769,SRV-DC-01,m.tal,,WKS-HQ-18,mssqlsvc_svc,,,MSSQLSvc/srv-cardproc.northgate.local:1433
2026-06-17 15:13:09,4624,SRV-FILE-HQ,y.segev,3,WKS-HQ-19,,,,
2026-06-17 15:13:11,5140,SRV-FILE-HQ,y.segev,3,WKS-HQ-19,,,,\\SRV-FILE-HQ\Logistics
2026-06-17 15:14:33,4624,SRV-DC-01,h.peretz,3,WKS-IT-08,,,,
2026-06-17 15:14:35,5140,SRV-DC-01,h.peretz,3,WKS-IT-08,,,,\\SRV-DC-01\IT
2026-06-17 15:16:11,4688,WKS-HQ-18,m.tal,,,,winword.exe,winword.exe /w,
2026-06-17 15:17:46,4769,SRV-DC-01,i.golan,,WKS-HQ-22,http_svc,,,HTTP/web-supplier.northgate.local
2026-06-17 15:19:37,4769,SRV-DC-01,b.naim,,WKS-HQ-21,http_svc,,,HTTP/web-supplier.northgate.local
2026-06-17 15:20:32,4769,SRV-DC-01,s.mor,,WKS-HQ-23,mssqlsvc_svc,,,MSSQLSvc/srv-posmgt.northgate.local:1433
2026-06-17 15:25:36,4769,SRV-DC-01,o.raviv,,WKS-HQ-07,http_svc,,,HTTP/web-supplier.northgate.local
2026-06-17 15:32:11,4624,SRV-FILE-HQ,m.tal,3,WKS-HQ-18,,,,
2026-06-17 15:32:13,5140,SRV-FILE-HQ,m.tal,3,WKS-HQ-18,,,,\\SRV-FILE-HQ\HR
2026-06-17 15:36:23,4769,SRV-DC-01,g.shemesh,,WKS-HQ-06,cifs_svc,,,CIFS/srv-file-hq.northgate.local
2026-06-17 15:41:02,4769,SRV-DC-01,e.katz,,WKS-SEC-03,mssqlsvc_svc,,,MSSQLSvc/srv-cardproc.northgate.local:1433
2026-06-17 15:43:44,4624,SRV-CARDPROC,r.stern,3,WKS-PAY-02,,,,
2026-06-17 15:55:32,4624,SRV-FILE-HQ,s.mor,3,WKS-HQ-23,,,,
2026-06-17 15:55:33,4624,SRV-FILE-HQ,h.peretz,3,WKS-IT-08,,,,
2026-06-17 15:59:02,4634,WKS-HQ-26,p.stein,2,,,,,
2026-06-17 16:02:08,4769,SRV-DC-01,m.saban,,WKS-IT-09,mssqlsvc_svc,,,MSSQLSvc/srv-posmgt.northgate.local:1433
2026-06-17 16:04:52,4624,SRV-FILE-HQ,p.stein,3,WKS-HQ-26,,,,
2026-06-17 16:10:17,4769,SRV-DC-01,t.hadar,,WKS-PAY-12,http_svc,,,HTTP/web-supplier.northgate.local
2026-06-17 16:15:36,4769,SRV-DC-01,o.raviv,,WKS-HQ-07,mssqlsvc_svc,,,MSSQLSvc/srv-cardproc.northgate.local:1433
2026-06-17 16:20:39,4634,WKS-HQ-16,e.shalom,2,,,,,
2026-06-17 16:25:09,4624,SRV-FILE-HQ,y.segev,3,WKS-HQ-19,,,,
2026-06-17 16:29:33,4634,WKS-IT-01,a.mizrahi,2,,,,,
2026-06-17 16:30:38,4634,WKS-HQ-23,s.mor,2,,,,,
2026-06-17 16:35:44,4634,WKS-IT-09,m.saban,2,,,,,
2026-06-17 16:37:42,4634,WKS-PAY-02,r.stern,2,,,,,
2026-06-17 16:38:36,4769,SRV-DC-01,n.hazan,,WKS-HQ-15,http_svc,,,HTTP/web-supplier.northgate.local
2026-06-17 16:41:07,4769,SRV-DC-01,u.regev,,WKS-HQ-28,http_svc,,,HTTP/web-supplier.northgate.local
2026-06-17 16:43:02,4769,SRV-DC-01,e.katz,,WKS-SEC-03,http_svc,,,HTTP/web-supplier.northgate.local
2026-06-17 16:43:52,4634,WKS-HQ-21,b.naim,2,,,,,
2026-06-17 16:44:00,4634,WKS-HQ-25,z.amar,2,,,,,
2026-06-17 16:50:17,4624,SRV-CARDPROC,t.hadar,3,WKS-PAY-12,,,,
2026-06-17 16:50:19,5140,SRV-CARDPROC,t.hadar,3,WKS-PAY-12,,,,\\SRV-CARDPROC\Payments
2026-06-17 16:51:07,4624,SRV-FILE-HQ,u.regev,3,WKS-HQ-28,,,,
2026-06-17 16:53:53,4634,WKS-HQ-17,a.dahan,2,,,,,
2026-06-17 16:58:22,4634,WKS-PAY-12,t.hadar,2,,,,,
2026-06-17 16:58:30,4634,WKS-SEC-10,d.levi,2,,,,,
2026-06-17 17:05:02,4624,SRV-FILE-HQ,e.katz,3,WKS-SEC-03,,,,
2026-06-17 17:05:04,5140,SRV-FILE-HQ,e.katz,3,WKS-SEC-03,,,,\\SRV-FILE-HQ\IT
2026-06-17 17:05:58,4769,SRV-DC-01,f.zohar,,WKS-IT-29,mssqlsvc_svc,,,MSSQLSvc/srv-posmgt.northgate.local:1433
2026-06-17 17:17:20,4624,SRV-FILE-HQ,a.dahan,3,WKS-HQ-17,,,,
2026-06-17 17:19:40,4634,WKS-HQ-27,c.barak,2,,,,,
2026-06-17 17:21:17,4634,WKS-HQ-19,y.segev,2,,,,,
2026-06-17 17:24:56,4624,SRV-FILE-HQ,n.barzilai,3,WKS-HQ-04,,,,
2026-06-17 17:43:27,4634,WKS-PAY-11,s.arbel,2,,,,,
2026-06-17 17:44:24,4634,WKS-HQ-13,l.beit,2,,,,,
2026-06-17 17:47:16,4634,WKS-SEC-03,e.katz,2,,,,,
2026-06-17 17:59:46,4634,WKS-HQ-22,i.golan,2,,,,,
2026-06-17 18:00:38,4634,WKS-PAY-30,g.ben-ari,2,,,,,
2026-06-17 18:15:44,4634,WKS-HQ-24,v.harel,2,,,,,
2026-06-17 18:16:03,4634,WKS-IT-08,h.peretz,2,,,,,
2026-06-17 18:16:42,4634,WKS-HQ-05,y.oren,2,,,,,
2026-06-17 18:21:50,4634,WKS-HQ-20,k.oz,2,,,,,
2026-06-17 18:25:26,4634,WKS-HQ-28,u.regev,2,,,,,
2026-06-17 18:33:38,4634,WKS-HQ-18,m.tal,2,,,,,
2026-06-17 18:33:55,4634,WKS-HQ-07,o.raviv,2,,,,,
2026-06-17 18:35:58,4634,WKS-IT-29,f.zohar,2,,,,,
2026-06-17 18:45:53,4634,WKS-HQ-06,g.shemesh,2,,,,,
2026-06-17 18:48:19,4634,WKS-HQ-04,n.barzilai,2,,,,,
2026-06-17 19:03:47,4634,WKS-HQ-14,r.avni,2,,,,,
2026-06-17 19:09:03,4634,WKS-HQ-15,n.hazan,2,,,,,
2026-06-18 07:26:48,4624,WKS-HQ-25,z.amar,2,WKS-HQ-25,,,,
2026-06-18 07:39:15,4624,WKS-HQ-23,s.mor,2,WKS-HQ-23,,,,
2026-06-18 07:45:18,4624,WKS-PAY-02,r.stern,2,WKS-PAY-02,,,,
2026-06-18 07:46:12,4624,WKS-HQ-24,v.harel,2,WKS-HQ-24,,,,
2026-06-18 07:46:29,4624,WKS-HQ-26,p.stein,2,WKS-HQ-26,,,,
2026-06-18 08:16:03,4624,WKS-HQ-19,y.segev,2,WKS-HQ-19,,,,
2026-06-18 08:18:15,4624,WKS-HQ-20,k.oz,2,WKS-HQ-20,,,,
2026-06-18 08:18:25,4624,WKS-HQ-05,y.oren,2,WKS-HQ-05,,,,
2026-06-18 08:19:49,4624,WKS-HQ-21,b.naim,2,WKS-HQ-21,,,,
2026-06-18 08:20:29,4624,WKS-SEC-03,e.katz,2,WKS-SEC-03,,,,
2026-06-18 08:20:50,4624,WKS-PAY-30,g.ben-ari,2,WKS-PAY-30,,,,
2026-06-18 08:21:47,4624,WKS-HQ-22,i.golan,2,WKS-HQ-22,,,,
2026-06-18 08:22:24,4624,WKS-HQ-16,e.shalom,2,WKS-HQ-16,,,,
2026-06-18 08:22:25,4688,WKS-HQ-05,y.oren,,,,chrome.exe,chrome.exe --restore-last-session,
2026-06-18 08:23:07,4624,WKS-PAY-11,s.arbel,2,WKS-PAY-11,,,,
2026-06-18 08:24:32,4624,WKS-HQ-14,r.avni,2,WKS-HQ-14,,,,
2026-06-18 08:36:24,4624,WKS-PAY-12,t.hadar,2,WKS-PAY-12,,,,
2026-06-18 08:42:14,4624,WKS-IT-29,f.zohar,2,WKS-IT-29,,,,
2026-06-18 08:43:50,4624,WKS-IT-08,h.peretz,2,WKS-IT-08,,,,
2026-06-18 08:47:19,4624,WKS-SEC-10,d.levi,2,WKS-SEC-10,,,,
2026-06-18 08:49:33,4624,WKS-HQ-13,l.beit,2,WKS-HQ-13,,,,
2026-06-18 08:51:59,4624,WKS-HQ-18,m.tal,2,WKS-HQ-18,,,,
2026-06-18 08:52:07,4624,SRV-FILE-HQ,s.arbel,3,WKS-PAY-11,,,,
2026-06-18 08:52:09,5140,SRV-FILE-HQ,s.arbel,3,WKS-PAY-11,,,,\\SRV-FILE-HQ\Payments
2026-06-18 08:56:50,4624,SRV-FILE-HQ,g.ben-ari,3,WKS-PAY-30,,,,
2026-06-18 08:58:19,4624,WKS-HQ-07,o.raviv,2,WKS-HQ-07,,,,
2026-06-18 09:00:19,4624,SRV-FILE-HQ,d.levi,3,WKS-SEC-10,,,,
2026-06-18 09:03:18,4624,WKS-HQ-04,n.barzilai,2,WKS-HQ-04,,,,
2026-06-18 09:03:39,4624,WKS-HQ-27,c.barak,2,WKS-HQ-27,,,,
2026-06-18 09:04:53,4624,WKS-IT-09,m.saban,2,WKS-IT-09,,,,
2026-06-18 09:05:03,4624,WKS-HQ-17,a.dahan,2,WKS-HQ-17,,,,
2026-06-18 09:08:21,4624,WKS-HQ-15,n.hazan,2,WKS-HQ-15,,,,
2026-06-18 09:14:33,4769,SRV-DC-01,l.beit,,WKS-HQ-13,mssqlsvc_svc,,,MSSQLSvc/srv-posmgt.northgate.local:1433
2026-06-18 09:17:03,4624,SRV-FILE-HQ,a.dahan,3,WKS-HQ-17,,,,
2026-06-18 09:25:15,4624,SRV-FILE-HQ,k.oz,3,WKS-HQ-20,,,,
2026-06-18 09:25:17,5140,SRV-FILE-HQ,k.oz,3,WKS-HQ-20,,,,\\SRV-FILE-HQ\Logistics
2026-06-18 09:30:50,4769,SRV-DC-01,g.ben-ari,,WKS-PAY-30,cifs_svc,,,CIFS/srv-file-hq.northgate.local
2026-06-18 09:40:21,4624,SRV-FILE-HQ,n.hazan,3,WKS-HQ-15,,,,
2026-06-18 09:42:21,4769,SRV-DC-01,n.hazan,,WKS-HQ-15,mssqlsvc_svc,,,MSSQLSvc/srv-cardproc.northgate.local:1433
2026-06-18 09:48:32,4624,SRV-FILE-HQ,r.avni,3,WKS-HQ-14,,,,
2026-06-18 10:02:24,4769,SRV-DC-01,e.shalom,,WKS-HQ-16,cifs_svc,,,CIFS/srv-file-hq.northgate.local
2026-06-18 10:07:19,4624,SRV-DC-01,d.levi,3,WKS-SEC-10,,,,
2026-06-18 10:07:47,4769,SRV-DC-01,i.golan,,WKS-HQ-22,mssqlsvc_svc,,,MSSQLSvc/srv-cardproc.northgate.local:1433
2026-06-18 10:22:07,4769,SRV-DC-01,s.arbel,,WKS-PAY-11,mssqlsvc_svc,,,MSSQLSvc/srv-cardproc.northgate.local:1433
2026-06-18 10:22:29,4769,SRV-DC-01,e.katz,,WKS-SEC-03,mssqlsvc_svc,,,MSSQLSvc/srv-posmgt.northgate.local:1433
2026-06-18 10:28:21,4624,SRV-FILE-HQ,n.hazan,3,WKS-HQ-15,,,,
2026-06-18 10:43:50,4624,SRV-DC-01,h.peretz,3,WKS-IT-08,,,,
2026-06-18 10:43:52,5140,SRV-DC-01,h.peretz,3,WKS-IT-08,,,,\\SRV-DC-01\IT
2026-06-18 10:54:07,4769,SRV-DC-01,s.arbel,,WKS-PAY-11,http_svc,,,HTTP/web-supplier.northgate.local
2026-06-18 11:02:25,4624,SRV-FILE-HQ,y.oren,3,WKS-HQ-05,,,,
2026-06-18 11:11:07,4624,SRV-CARDPROC,s.arbel,3,WKS-PAY-11,,,,
2026-06-18 11:14:03,4624,SRV-FILE-HQ,y.segev,3,WKS-HQ-19,,,,
2026-06-18 11:14:19,4688,WKS-SEC-10,d.levi,,,,excel.exe,excel.exe /dde,
2026-06-18 11:17:29,4624,SRV-FILE-HQ,p.stein,3,WKS-HQ-26,,,,
2026-06-18 11:18:47,4769,SRV-DC-01,i.golan,,WKS-HQ-22,mssqlsvc_svc,,,MSSQLSvc/srv-posmgt.northgate.local:1433
2026-06-18 11:19:59,4624,SRV-FILE-HQ,m.tal,3,WKS-HQ-18,,,,
2026-06-18 11:23:29,4769,SRV-DC-01,p.stein,,WKS-HQ-26,http_svc,,,HTTP/web-supplier.northgate.local
2026-06-18 11:37:03,4769,SRV-DC-01,a.dahan,,WKS-HQ-17,cifs_svc,,,CIFS/srv-file-hq.northgate.local
2026-06-18 11:41:24,4769,SRV-DC-01,e.shalom,,WKS-HQ-16,cifs_svc,,,CIFS/srv-file-hq.northgate.local
2026-06-18 11:46:32,4688,WKS-HQ-14,r.avni,,,,chrome.exe,chrome.exe --restore-last-session,
2026-06-18 11:54:12,4769,SRV-DC-01,v.harel,,WKS-HQ-24,cifs_svc,,,CIFS/srv-file-hq.northgate.local
2026-06-18 11:54:19,4769,SRV-DC-01,d.levi,,WKS-SEC-10,mssqlsvc_svc,,,MSSQLSvc/srv-posmgt.northgate.local:1433
2026-06-18 11:54:47,4624,SRV-FILE-HQ,i.golan,3,WKS-HQ-22,,,,
2026-06-18 12:10:48,4688,WKS-HQ-25,z.amar,,,,chrome.exe,chrome.exe --restore-last-session,
2026-06-18 12:15:29,4624,SRV-POSMGT,p.stein,3,WKS-HQ-26,,,,
2026-06-18 12:24:03,4624,SRV-FILE-HQ,a.dahan,3,WKS-HQ-17,,,,
2026-06-18 12:34:15,4624,SRV-FILE-HQ,k.oz,3,WKS-HQ-20,,,,
2026-06-18 12:34:17,5140,SRV-FILE-HQ,k.oz,3,WKS-HQ-20,,,,\\SRV-FILE-HQ\Logistics
2026-06-18 12:38:24,4769,SRV-DC-01,t.hadar,,WKS-PAY-12,mssqlsvc_svc,,,MSSQLSvc/srv-posmgt.northgate.local:1433
2026-06-18 12:49:49,4769,SRV-DC-01,b.naim,,WKS-HQ-21,cifs_svc,,,CIFS/srv-file-hq.northgate.local
2026-06-18 13:04:18,4624,SRV-FILE-HQ,r.stern,3,WKS-PAY-02,,,,
2026-06-18 13:13:29,4624,SRV-FILE-HQ,p.stein,3,WKS-HQ-26,,,,
2026-06-18 13:23:48,4769,SRV-DC-01,z.amar,,WKS-HQ-25,http_svc,,,HTTP/web-supplier.northgate.local
2026-06-18 13:27:48,4624,SRV-POSMGT,z.amar,3,WKS-HQ-25,,,,
2026-06-18 13:29:18,4624,SRV-FILE-HQ,n.barzilai,3,WKS-HQ-04,,,,
2026-06-18 13:32:14,4624,SRV-DC-01,f.zohar,3,WKS-IT-29,,,,
2026-06-18 13:32:15,4624,SRV-FILE-HQ,s.mor,3,WKS-HQ-23,,,,
2026-06-18 13:37:14,4769,SRV-DC-01,f.zohar,,WKS-IT-29,mssqlsvc_svc,,,MSSQLSvc/srv-posmgt.northgate.local:1433
2026-06-18 13:40:53,4624,SRV-DC-01,m.saban,3,WKS-IT-09,,,,
2026-06-18 13:49:47,4624,SRV-FILE-HQ,i.golan,3,WKS-HQ-22,,,,
2026-06-18 13:49:49,5140,SRV-FILE-HQ,i.golan,3,WKS-HQ-22,,,,\\SRV-FILE-HQ\Branches
2026-06-18 13:58:24,4769,SRV-DC-01,t.hadar,,WKS-PAY-12,cifs_svc,,,CIFS/srv-file-hq.northgate.local
2026-06-18 14:06:15,4624,SRV-FILE-HQ,s.mor,3,WKS-HQ-23,,,,
2026-06-18 14:08:49,4624,SRV-FILE-HQ,b.naim,3,WKS-HQ-21,,,,
2026-06-18 14:10:21,4624,SRV-FILE-HQ,n.hazan,3,WKS-HQ-15,,,,
2026-06-18 14:13:32,4769,SRV-DC-01,r.avni,,WKS-HQ-14,cifs_svc,,,CIFS/srv-file-hq.northgate.local
2026-06-18 14:16:33,4688,WKS-HQ-13,l.beit,,,,winword.exe,winword.exe /w,
2026-06-18 14:17:03,4769,SRV-DC-01,y.segev,,WKS-HQ-19,http_svc,,,HTTP/web-supplier.northgate.local
2026-06-18 14:18:29,4624,SRV-FILE-HQ,e.katz,3,WKS-SEC-03,,,,
2026-06-18 14:20:47,4688,WKS-HQ-22,i.golan,,,,excel.exe,excel.exe /dde,
2026-06-18 14:22:59,4624,SRV-FILE-HQ,m.tal,3,WKS-HQ-18,,,,
2026-06-18 14:23:24,4769,SRV-DC-01,e.shalom,,WKS-HQ-16,mssqlsvc_svc,,,MSSQLSvc/srv-cardproc.northgate.local:1433
2026-06-18 14:40:19,4769,SRV-DC-01,d.levi,,WKS-SEC-10,mssqlsvc_svc,,,MSSQLSvc/srv-cardproc.northgate.local:1433
2026-06-18 14:42:03,4624,SRV-FILE-HQ,y.segev,3,WKS-HQ-19,,,,
2026-06-18 14:45:15,4624,SRV-FILE-HQ,s.mor,3,WKS-HQ-23,,,,
2026-06-18 14:49:15,4769,SRV-DC-01,k.oz,,WKS-HQ-20,mssqlsvc_svc,,,MSSQLSvc/srv-cardproc.northgate.local:1433
2026-06-18 14:49:33,4624,SRV-FILE-HQ,l.beit,3,WKS-HQ-13,,,,
2026-06-18 14:49:59,4769,SRV-DC-01,m.tal,,WKS-HQ-18,http_svc,,,HTTP/web-supplier.northgate.local
2026-06-18 14:51:03,4624,SRV-FILE-HQ,a.dahan,3,WKS-HQ-17,,,,
2026-06-18 14:57:33,4769,SRV-DC-01,l.beit,,WKS-HQ-13,mssqlsvc_svc,,,MSSQLSvc/srv-posmgt.northgate.local:1433
2026-06-18 15:06:59,4769,SRV-DC-01,m.tal,,WKS-HQ-18,cifs_svc,,,CIFS/srv-file-hq.northgate.local
2026-06-18 15:07:21,4769,SRV-DC-01,n.hazan,,WKS-HQ-15,http_svc,,,HTTP/web-supplier.northgate.local
2026-06-18 15:07:29,4624,SRV-FILE-HQ,e.katz,3,WKS-SEC-03,,,,
2026-06-18 15:07:31,5140,SRV-FILE-HQ,e.katz,3,WKS-SEC-03,,,,\\SRV-FILE-HQ\IT
2026-06-18 15:12:21,4624,SRV-FILE-HQ,n.hazan,3,WKS-HQ-15,,,,
2026-06-18 15:13:24,4769,SRV-DC-01,e.shalom,,WKS-HQ-16,mssqlsvc_svc,,,MSSQLSvc/srv-cardproc.northgate.local:1433
2026-06-18 15:27:24,4624,SRV-FILE-HQ,e.shalom,3,WKS-HQ-16,,,,
2026-06-18 15:28:12,4634,WKS-HQ-25,z.amar,2,,,,,
2026-06-18 15:31:21,4688,WKS-HQ-15,n.hazan,,,,teams.exe,teams.exe --system-initiated,
2026-06-18 15:36:25,4769,SRV-DC-01,y.oren,,WKS-HQ-05,cifs_svc,,,CIFS/srv-file-hq.northgate.local
2026-06-18 15:44:14,4769,SRV-DC-01,f.zohar,,WKS-IT-29,mssqlsvc_svc,,,MSSQLSvc/srv-posmgt.northgate.local:1433
2026-06-18 15:44:19,4769,SRV-DC-01,o.raviv,,WKS-HQ-07,cifs_svc,,,CIFS/srv-file-hq.northgate.local
2026-06-18 15:52:48,4624,SRV-FILE-HQ,z.amar,3,WKS-HQ-25,,,,
2026-06-18 15:57:49,4769,SRV-DC-01,b.naim,,WKS-HQ-21,mssqlsvc_svc,,,MSSQLSvc/srv-cardproc.northgate.local:1433
2026-06-18 16:02:53,4769,SRV-DC-01,m.saban,,WKS-IT-09,http_svc,,,HTTP/web-supplier.northgate.local
2026-06-18 16:08:24,4624,SRV-CARDPROC,t.hadar,3,WKS-PAY-12,,,,
2026-06-18 16:08:50,4624,SRV-DC-01,h.peretz,3,WKS-IT-08,,,,
2026-06-18 16:08:52,5140,SRV-DC-01,h.peretz,3,WKS-IT-08,,,,\\SRV-DC-01\IT
2026-06-18 16:09:24,4624,SRV-FILE-HQ,t.hadar,3,WKS-PAY-12,,,,
2026-06-18 16:10:07,4624,SRV-CARDPROC,s.arbel,3,WKS-PAY-11,,,,
2026-06-18 16:16:53,4769,SRV-DC-01,m.saban,,WKS-IT-09,cifs_svc,,,CIFS/srv-file-hq.northgate.local
2026-06-18 16:18:18,4624,SRV-FILE-HQ,r.stern,3,WKS-PAY-02,,,,
2026-06-18 16:18:20,5140,SRV-FILE-HQ,r.stern,3,WKS-PAY-02,,,,\\SRV-FILE-HQ\Payments
2026-06-18 16:20:39,4769,SRV-DC-01,c.barak,,WKS-HQ-27,mssqlsvc_svc,,,MSSQLSvc/srv-posmgt.northgate.local:1433
2026-06-18 16:23:18,4624,SRV-FILE-HQ,n.barzilai,3,WKS-HQ-04,,,,
2026-06-18 16:23:53,4634,WKS-HQ-05,y.oren,2,,,,,
2026-06-18 16:25:18,4769,SRV-DC-01,n.barzilai,,WKS-HQ-04,cifs_svc,,,CIFS/srv-file-hq.northgate.local
2026-06-18 16:31:54,4634,WKS-PAY-30,g.ben-ari,2,,,,,
2026-06-18 16:34:39,4769,SRV-DC-01,c.barak,,WKS-HQ-27,cifs_svc,,,CIFS/srv-file-hq.northgate.local
2026-06-18 16:44:39,4634,WKS-HQ-21,b.naim,2,,,,,
2026-06-18 16:45:03,4634,WKS-IT-29,f.zohar,2,,,,,
2026-06-18 16:47:33,4769,SRV-DC-01,l.beit,,WKS-HQ-13,mssqlsvc_svc,,,MSSQLSvc/srv-posmgt.northgate.local:1433
2026-06-18 16:50:28,4634,WKS-HQ-20,k.oz,2,,,,,
2026-06-18 16:51:51,4634,WKS-HQ-23,s.mor,2,,,,,
2026-06-18 16:53:50,4769,SRV-DC-01,h.peretz,,WKS-IT-08,mssqlsvc_svc,,,MSSQLSvc/srv-posmgt.northgate.local:1433
2026-06-18 16:58:07,4624,SRV-CARDPROC,s.arbel,3,WKS-PAY-11,,,,
2026-06-18 16:58:09,5140,SRV-CARDPROC,s.arbel,3,WKS-PAY-11,,,,\\SRV-CARDPROC\Payments
2026-06-18 17:07:59,4634,WKS-IT-09,m.saban,2,,,,,
2026-06-18 17:14:51,4634,WKS-HQ-16,e.shalom,2,,,,,
2026-06-18 17:14:55,4634,WKS-HQ-15,n.hazan,2,,,,,
2026-06-18 17:19:19,4624,SRV-DC-01,d.levi,3,WKS-SEC-10,,,,
2026-06-18 17:19:21,5140,SRV-DC-01,d.levi,3,WKS-SEC-10,,,,\\SRV-DC-01\IT
2026-06-18 17:19:53,4624,SRV-FILE-HQ,m.saban,3,WKS-IT-09,,,,
2026-06-18 17:21:03,4634,WKS-PAY-11,s.arbel,2,,,,,
2026-06-18 17:25:36,4634,WKS-HQ-24,v.harel,2,,,,,
2026-06-18 17:27:59,4634,WKS-SEC-03,e.katz,2,,,,,
2026-06-18 17:32:14,4634,WKS-HQ-26,p.stein,2,,,,,
2026-06-18 17:35:33,4634,WKS-HQ-07,o.raviv,2,,,,,
2026-06-18 17:38:50,4634,WKS-IT-08,h.peretz,2,,,,,
2026-06-18 17:43:42,4634,WKS-HQ-22,i.golan,2,,,,,
2026-06-18 17:53:13,4634,WKS-HQ-27,c.barak,2,,,,,
2026-06-18 17:56:00,4634,WKS-HQ-14,r.avni,2,,,,,
2026-06-18 18:04:58,4634,WKS-PAY-02,r.stern,2,,,,,
2026-06-18 18:05:45,4634,WKS-PAY-12,t.hadar,2,,,,,
2026-06-18 18:22:21,4634,WKS-HQ-13,l.beit,2,,,,,
2026-06-18 18:31:34,4634,WKS-HQ-19,y.segev,2,,,,,
2026-06-18 18:42:55,4634,WKS-SEC-10,d.levi,2,,,,,
2026-06-18 19:01:04,4634,WKS-HQ-18,m.tal,2,,,,,
2026-06-18 19:06:04,4634,WKS-HQ-17,a.dahan,2,,,,,
2026-06-18 19:10:21,4634,WKS-HQ-04,n.barzilai,2,,,,,
2026-06-21 07:14:06,4624,WKS-HQ-24,v.harel,2,WKS-HQ-24,,,,
2026-06-21 07:26:17,4624,WKS-HQ-25,z.amar,2,WKS-HQ-25,,,,
2026-06-21 07:38:53,4624,WKS-HQ-26,p.stein,2,WKS-HQ-26,,,,
2026-06-21 07:41:16,4625,WKS-PAY-02,r.stern,2,WKS-PAY-02,,,,
2026-06-21 07:42:04,4624,WKS-PAY-02,r.stern,2,WKS-PAY-02,,,,
2026-06-21 07:43:08,4624,WKS-HQ-22,i.golan,2,WKS-HQ-22,,,,
2026-06-21 07:54:39,4624,WKS-PAY-30,g.ben-ari,2,WKS-PAY-30,,,,
2026-06-21 07:58:08,4769,SRV-DC-01,i.golan,,WKS-HQ-22,cifs_svc,,,CIFS/srv-file-hq.northgate.local
2026-06-21 08:02:18,4624,WKS-PAY-11,s.arbel,2,WKS-PAY-11,,,,
2026-06-21 08:10:27,4624,WKS-HQ-23,s.mor,2,WKS-HQ-23,,,,
2026-06-21 08:10:47,4624,WKS-IT-09,m.saban,2,WKS-IT-09,,,,
2026-06-21 08:18:38,4624,WKS-HQ-20,k.oz,2,WKS-HQ-20,,,,
2026-06-21 08:23:35,4624,WKS-SEC-03,e.katz,2,WKS-SEC-03,,,,
2026-06-21 08:27:19,4624,WKS-HQ-28,u.regev,2,WKS-HQ-28,,,,
2026-06-21 08:30:48,4625,WKS-HQ-19,y.segev,2,WKS-HQ-19,,,,
2026-06-21 08:33:10,4624,WKS-IT-01,a.mizrahi,2,WKS-IT-01,,,,
2026-06-21 08:33:11,4672,WKS-IT-01,a.mizrahi,2,,,,,
2026-06-21 08:34:09,4624,WKS-HQ-19,y.segev,2,WKS-HQ-19,,,,
2026-06-21 08:34:17,4624,WKS-HQ-14,r.avni,2,WKS-HQ-14,,,,
2026-06-21 08:35:06,4624,WKS-HQ-18,m.tal,2,WKS-HQ-18,,,,
2026-06-21 08:40:47,4769,SRV-DC-01,m.saban,,WKS-IT-09,mssqlsvc_svc,,,MSSQLSvc/srv-posmgt.northgate.local:1433
2026-06-21 08:42:26,4624,WKS-IT-29,f.zohar,2,WKS-IT-29,,,,
2026-06-21 08:43:32,4624,WKS-HQ-17,a.dahan,2,WKS-HQ-17,,,,
2026-06-21 08:44:40,4624,WKS-HQ-16,e.shalom,2,WKS-HQ-16,,,,
2026-06-21 08:45:36,4624,WKS-PAY-12,t.hadar,2,WKS-PAY-12,,,,
2026-06-21 08:48:04,4624,SRV-CARDPROC,r.stern,3,WKS-PAY-02,,,,
2026-06-21 08:48:47,4624,SRV-FILE-HQ,m.saban,3,WKS-IT-09,,,,
2026-06-21 08:48:49,5140,SRV-FILE-HQ,m.saban,3,WKS-IT-09,,,,\\SRV-FILE-HQ\IT
2026-06-21 08:52:08,4624,SRV-POSMGT,i.golan,3,WKS-HQ-22,,,,
2026-06-21 08:52:09,4624,WKS-HQ-06,g.shemesh,2,WKS-HQ-06,,,,
2026-06-21 08:52:10,5140,SRV-POSMGT,i.golan,3,WKS-HQ-22,,,,\\SRV-POSMGT\Branches
2026-06-21 08:52:19,4624,SRV-FILE-HQ,u.regev,3,WKS-HQ-28,,,,
2026-06-21 08:52:21,5140,SRV-FILE-HQ,u.regev,3,WKS-HQ-28,,,,\\SRV-FILE-HQ\Marketing
2026-06-21 08:54:05,4624,WKS-HQ-27,c.barak,2,WKS-HQ-27,,,,
2026-06-21 08:54:20,4624,WKS-HQ-13,l.beit,2,WKS-HQ-13,,,,
2026-06-21 08:54:59,4624,WKS-SEC-10,d.levi,2,WKS-SEC-10,,,,
2026-06-21 08:55:02,4624,WKS-IT-08,h.peretz,2,WKS-IT-08,,,,
2026-06-21 08:58:17,4769,SRV-DC-01,r.avni,,WKS-HQ-14,mssqlsvc_svc,,,MSSQLSvc/srv-posmgt.northgate.local:1433
2026-06-21 09:07:06,4769,SRV-DC-01,v.harel,,WKS-HQ-24,mssqlsvc_svc,,,MSSQLSvc/srv-posmgt.northgate.local:1433
2026-06-21 09:07:33,4624,WKS-HQ-15,n.hazan,2,WKS-HQ-15,,,,
2026-06-21 09:10:36,4624,WKS-HQ-04,n.barzilai,2,WKS-HQ-04,,,,
2026-06-21 09:13:06,4624,SRV-FILE-HQ,m.tal,3,WKS-HQ-18,,,,
2026-06-21 09:18:35,4624,SRV-DC-01,e.katz,3,WKS-SEC-03,,,,
2026-06-21 09:18:38,4624,SRV-FILE-HQ,k.oz,3,WKS-HQ-20,,,,
2026-06-21 09:21:29,4624,WKS-HQ-07,o.raviv,2,WKS-HQ-07,,,,
2026-06-21 09:28:59,4624,SRV-DC-01,d.levi,3,WKS-SEC-10,,,,
2026-06-21 09:29:36,4769,SRV-DC-01,t.hadar,,WKS-PAY-12,mssqlsvc_svc,,,MSSQLSvc/srv-cardproc.northgate.local:1433
2026-06-21 09:33:53,4624,SRV-FILE-HQ,p.stein,3,WKS-HQ-26,,,,
2026-06-21 09:33:55,5140,SRV-FILE-HQ,p.stein,3,WKS-HQ-26,,,,\\SRV-FILE-HQ\Branches
2026-06-21 09:37:47,4624,SRV-FILE-HQ,m.saban,3,WKS-IT-09,,,,
2026-06-21 09:37:49,5140,SRV-FILE-HQ,m.saban,3,WKS-IT-09,,,,\\SRV-FILE-HQ\IT
2026-06-21 09:38:17,4624,SRV-POSMGT,z.amar,3,WKS-HQ-25,,,,
2026-06-21 09:38:19,5140,SRV-POSMGT,z.amar,3,WKS-HQ-25,,,,\\SRV-POSMGT\Branches
2026-06-21 09:43:17,4624,SRV-FILE-HQ,r.avni,3,WKS-HQ-14,,,,
2026-06-21 09:43:19,5140,SRV-FILE-HQ,r.avni,3,WKS-HQ-14,,,,\\SRV-FILE-HQ\Vendors
2026-06-21 09:51:36,4624,SRV-CARDPROC,t.hadar,3,WKS-PAY-12,,,,
2026-06-21 09:53:53,4769,SRV-DC-01,p.stein,,WKS-HQ-26,mssqlsvc_svc,,,MSSQLSvc/srv-posmgt.northgate.local:1433
2026-06-21 10:00:47,4769,SRV-DC-01,m.saban,,WKS-IT-09,mssqlsvc_svc,,,MSSQLSvc/srv-posmgt.northgate.local:1433
2026-06-21 10:05:18,4624,SRV-FILE-HQ,s.arbel,3,WKS-PAY-11,,,,
2026-06-21 10:13:04,4769,SRV-DC-01,r.stern,,WKS-PAY-02,http_svc,,,HTTP/web-supplier.northgate.local
2026-06-21 10:42:10,4769,SRV-DC-01,a.mizrahi,,WKS-IT-01,mssqlsvc_svc,,,MSSQLSvc/srv-cardproc.northgate.local:1433
2026-06-21 10:46:59,4769,SRV-DC-01,d.levi,,WKS-SEC-10,mssqlsvc_svc,,,MSSQLSvc/srv-cardproc.northgate.local:1433
2026-06-21 10:48:05,4624,SRV-FILE-HQ,c.barak,3,WKS-HQ-27,,,,
2026-06-21 10:50:10,4769,SRV-DC-01,a.mizrahi,,WKS-IT-01,mssqlsvc_svc,,,MSSQLSvc/srv-posmgt.northgate.local:1433
2026-06-21 10:53:59,4624,SRV-FILE-HQ,d.levi,3,WKS-SEC-10,,,,
2026-06-21 11:01:06,4624,SRV-POSMGT,v.harel,3,WKS-HQ-24,,,,
2026-06-21 11:01:08,5140,SRV-POSMGT,v.harel,3,WKS-HQ-24,,,,\\SRV-POSMGT\Branches
2026-06-21 11:02:10,4624,SRV-DC-01,a.mizrahi,3,WKS-IT-01,,,,
2026-06-21 11:02:12,5140,SRV-DC-01,a.mizrahi,3,WKS-IT-01,,,,\\SRV-DC-01\IT
2026-06-21 11:11:04,4624,SRV-CARDPROC,r.stern,3,WKS-PAY-02,,,,
2026-06-21 11:16:09,4624,SRV-FILE-HQ,g.shemesh,3,WKS-HQ-06,,,,
2026-06-21 11:18:05,4769,SRV-DC-01,c.barak,,WKS-HQ-27,http_svc,,,HTTP/web-supplier.northgate.local
2026-06-21 11:21:53,4769,SRV-DC-01,p.stein,,WKS-HQ-26,mssqlsvc_svc,,,MSSQLSvc/srv-cardproc.northgate.local:1433
2026-06-21 11:24:36,4769,SRV-DC-01,t.hadar,,WKS-PAY-12,cifs_svc,,,CIFS/srv-file-hq.northgate.local
2026-06-21 11:26:06,4624,SRV-FILE-HQ,m.tal,3,WKS-HQ-18,,,,
2026-06-21 11:27:33,4624,SRV-FILE-HQ,n.hazan,3,WKS-HQ-15,,,,
2026-06-21 11:27:35,5140,SRV-FILE-HQ,n.hazan,3,WKS-HQ-15,,,,\\SRV-FILE-HQ\Finance
2026-06-21 11:31:32,4624,SRV-FILE-HQ,a.dahan,3,WKS-HQ-17,,,,
2026-06-21 11:37:39,4624,SRV-FILE-HQ,g.ben-ari,3,WKS-PAY-30,,,,
2026-06-21 11:41:36,4624,SRV-CARDPROC,t.hadar,3,WKS-PAY-12,,,,
2026-06-21 11:41:38,5140,SRV-CARDPROC,t.hadar,3,WKS-PAY-12,,,,\\SRV-CARDPROC\Payments
2026-06-21 11:42:10,4624,SRV-DC-01,a.mizrahi,3,WKS-IT-01,,,,
2026-06-21 11:49:08,4688,WKS-HQ-22,i.golan,,,,outlook.exe,outlook.exe /recycle,
2026-06-21 12:05:17,4624,SRV-FILE-HQ,r.avni,3,WKS-HQ-14,,,,
2026-06-21 12:07:19,4624,SRV-FILE-HQ,u.regev,3,WKS-HQ-28,,,,
2026-06-21 12:07:21,5140,SRV-FILE-HQ,u.regev,3,WKS-HQ-28,,,,\\SRV-FILE-HQ\Marketing
2026-06-21 12:19:02,4769,SRV-DC-01,h.peretz,,WKS-IT-08,cifs_svc,,,CIFS/srv-file-hq.northgate.local
2026-06-21 12:25:06,4624,SRV-FILE-HQ,m.tal,3,WKS-HQ-18,,,,
2026-06-21 12:25:36,4624,SRV-FILE-HQ,n.barzilai,3,WKS-HQ-04,,,,
2026-06-21 12:25:38,5140,SRV-FILE-HQ,n.barzilai,3,WKS-HQ-04,,,,\\SRV-FILE-HQ\Finance
2026-06-21 12:29:47,4624,SRV-DC-01,m.saban,3,WKS-IT-09,,,,
2026-06-21 12:32:29,4624,SRV-FILE-HQ,o.raviv,3,WKS-HQ-07,,,,
2026-06-21 12:34:19,4769,SRV-DC-01,u.regev,,WKS-HQ-28,cifs_svc,,,CIFS/srv-file-hq.northgate.local
2026-06-21 12:36:39,4624,SRV-FILE-HQ,g.ben-ari,3,WKS-PAY-30,,,,
2026-06-21 12:40:26,4688,WKS-IT-29,f.zohar,,,,chrome.exe,chrome.exe --restore-last-session,
2026-06-21 12:43:09,4624,SRV-FILE-HQ,y.segev,3,WKS-HQ-19,,,,
2026-06-21 12:43:11,5140,SRV-FILE-HQ,y.segev,3,WKS-HQ-19,,,,\\SRV-FILE-HQ\Logistics
2026-06-21 13:27:17,4624,SRV-POSMGT,z.amar,3,WKS-HQ-25,,,,
2026-06-21 13:28:29,4624,SRV-FILE-HQ,o.raviv,3,WKS-HQ-07,,,,
2026-06-21 13:32:08,4624,SRV-POSMGT,i.golan,3,WKS-HQ-22,,,,
2026-06-21 13:36:17,4769,SRV-DC-01,r.avni,,WKS-HQ-14,cifs_svc,,,CIFS/srv-file-hq.northgate.local
2026-06-21 13:39:09,4769,SRV-DC-01,g.shemesh,,WKS-HQ-06,mssqlsvc_svc,,,MSSQLSvc/srv-cardproc.northgate.local:1433
2026-06-21 14:00:06,4769,SRV-DC-01,m.tal,,WKS-HQ-18,mssqlsvc_svc,,,MSSQLSvc/srv-posmgt.northgate.local:1433
2026-06-21 14:07:10,4769,SRV-DC-01,a.mizrahi,,WKS-IT-01,mssqlsvc_svc,,,MSSQLSvc/srv-posmgt.northgate.local:1433
2026-06-21 14:09:08,4769,SRV-DC-01,i.golan,,WKS-HQ-22,cifs_svc,,,CIFS/srv-file-hq.northgate.local
2026-06-21 14:16:17,4769,SRV-DC-01,z.amar,,WKS-HQ-25,mssqlsvc_svc,,,MSSQLSvc/srv-cardproc.northgate.local:1433
2026-06-21 14:16:36,4624,SRV-CARDPROC,t.hadar,3,WKS-PAY-12,,,,
2026-06-21 14:18:33,4769,SRV-DC-01,n.hazan,,WKS-HQ-15,http_svc,,,HTTP/web-supplier.northgate.local
2026-06-21 14:26:47,4769,SRV-DC-01,m.saban,,WKS-IT-09,cifs_svc,,,CIFS/srv-file-hq.northgate.local
2026-06-21 14:37:35,4769,SRV-DC-01,e.katz,,WKS-SEC-03,mssqlsvc_svc,,,MSSQLSvc/srv-cardproc.northgate.local:1433
2026-06-21 14:42:38,4769,SRV-DC-01,k.oz,,WKS-HQ-20,http_svc,,,HTTP/web-supplier.northgate.local
2026-06-21 14:43:02,4624,SRV-DC-01,h.peretz,3,WKS-IT-08,,,,
2026-06-21 14:45:36,4769,SRV-DC-01,n.barzilai,,WKS-HQ-04,cifs_svc,,,CIFS/srv-file-hq.northgate.local
2026-06-21 14:46:26,4624,SRV-FILE-HQ,f.zohar,3,WKS-IT-29,,,,
2026-06-21 14:57:17,4769,SRV-DC-01,z.amar,,WKS-HQ-25,mssqlsvc_svc,,,MSSQLSvc/srv-cardproc.northgate.local:1433
2026-06-21 14:59:36,4624,SRV-FILE-HQ,n.barzilai,3,WKS-HQ-04,,,,
2026-06-21 14:59:38,5140,SRV-FILE-HQ,n.barzilai,3,WKS-HQ-04,,,,\\SRV-FILE-HQ\Finance
2026-06-21 14:59:47,4624,SRV-FILE-HQ,m.saban,3,WKS-IT-09,,,,
2026-06-21 14:59:49,5140,SRV-FILE-HQ,m.saban,3,WKS-IT-09,,,,\\SRV-FILE-HQ\IT
2026-06-21 15:04:20,4769,SRV-DC-01,l.beit,,WKS-HQ-13,cifs_svc,,,CIFS/srv-file-hq.northgate.local
2026-06-21 15:11:40,4688,WKS-HQ-16,e.shalom,,,,teams.exe,teams.exe --system-initiated,
2026-06-21 15:18:08,4624,SRV-FILE-HQ,i.golan,3,WKS-HQ-22,,,,
2026-06-21 15:18:53,4624,SRV-POSMGT,p.stein,3,WKS-HQ-26,,,,
2026-06-21 15:20:20,4769,SRV-DC-01,l.beit,,WKS-HQ-13,mssqlsvc_svc,,,MSSQLSvc/srv-posmgt.northgate.local:1433
2026-06-21 15:30:59,4769,SRV-DC-01,d.levi,,WKS-SEC-10,mssqlsvc_svc,,,MSSQLSvc/srv-cardproc.northgate.local:1433
2026-06-21 15:32:20,4624,SRV-FILE-HQ,l.beit,3,WKS-HQ-13,,,,
2026-06-21 15:33:20,4769,SRV-DC-01,l.beit,,WKS-HQ-13,cifs_svc,,,CIFS/srv-file-hq.northgate.local
2026-06-21 15:35:35,4624,SRV-DC-01,e.katz,3,WKS-SEC-03,,,,
2026-06-21 15:35:37,5140,SRV-DC-01,e.katz,3,WKS-SEC-03,,,,\\SRV-DC-01\IT
2026-06-21 15:38:39,4769,SRV-DC-01,g.ben-ari,,WKS-PAY-30,mssqlsvc_svc,,,MSSQLSvc/srv-cardproc.northgate.local:1433
2026-06-21 15:40:02,4769,SRV-DC-01,h.peretz,,WKS-IT-08,mssqlsvc_svc,,,MSSQLSvc/srv-posmgt.northgate.local:1433
2026-06-21 15:40:03,4634,WKS-HQ-25,z.amar,2,,,,,
2026-06-21 15:40:36,4688,WKS-PAY-12,t.hadar,,,,winword.exe,winword.exe /w,
2026-06-21 15:43:13,4634,WKS-HQ-26,p.stein,2,,,,,
2026-06-21 15:46:26,4624,SRV-DC-01,f.zohar,3,WKS-IT-29,,,,
2026-06-21 15:49:19,4634,WKS-HQ-24,v.harel,2,,,,,
2026-06-21 16:01:29,4769,SRV-DC-01,o.raviv,,WKS-HQ-07,mssqlsvc_svc,,,MSSQLSvc/srv-posmgt.northgate.local:1433
2026-06-21 16:03:29,4769,SRV-DC-01,o.raviv,,WKS-HQ-07,mssqlsvc_svc,,,MSSQLSvc/srv-cardproc.northgate.local:1433
2026-06-21 16:05:59,4624,SRV-FILE-HQ,d.levi,3,WKS-SEC-10,,,,
2026-06-21 16:06:01,5140,SRV-FILE-HQ,d.levi,3,WKS-SEC-10,,,,\\SRV-FILE-HQ\IT
2026-06-21 16:09:59,4624,SRV-DC-01,d.levi,3,WKS-SEC-10,,,,
2026-06-21 16:10:01,5140,SRV-DC-01,d.levi,3,WKS-SEC-10,,,,\\SRV-DC-01\IT
2026-06-21 16:10:08,4624,SRV-FILE-HQ,i.golan,3,WKS-HQ-22,,,,
2026-06-21 16:12:10,4624,SRV-FILE-HQ,a.mizrahi,3,WKS-IT-01,,,,
2026-06-21 16:12:40,4624,SRV-FILE-HQ,e.shalom,3,WKS-HQ-16,,,,
2026-06-21 16:12:42,5140,SRV-FILE-HQ,e.shalom,3,WKS-HQ-16,,,,\\SRV-FILE-HQ\Finance
2026-06-21 16:15:19,4634,WKS-HQ-23,s.mor,2,,,,,
2026-06-21 16:27:38,4634,WKS-HQ-20,k.oz,2,,,,,
2026-06-21 16:28:27,4624,SRV-FILE-HQ,s.mor,3,WKS-HQ-23,,,,
2026-06-21 16:34:09,4624,SRV-FILE-HQ,y.segev,3,WKS-HQ-19,,,,
2026-06-21 16:34:35,4769,SRV-DC-01,e.katz,,WKS-SEC-03,cifs_svc,,,CIFS/srv-file-hq.northgate.local
2026-06-21 16:36:20,4624,SRV-FILE-HQ,l.beit,3,WKS-HQ-13,,,,
2026-06-21 16:45:47,4624,SRV-FILE-HQ,m.saban,3,WKS-IT-09,,,,
2026-06-21 16:45:57,4634,WKS-PAY-30,g.ben-ari,2,,,,,
2026-06-21 16:47:59,4634,WKS-PAY-11,s.arbel,2,,,,,
2026-06-21 16:58:42,4634,WKS-IT-01,a.mizrahi,2,,,,,
2026-06-21 17:04:28,4634,WKS-PAY-02,r.stern,2,,,,,
2026-06-21 17:14:25,4634,WKS-IT-08,h.peretz,2,,,,,
2026-06-21 17:15:05,4624,SRV-FILE-HQ,c.barak,3,WKS-HQ-27,,,,
2026-06-21 17:15:07,5140,SRV-FILE-HQ,c.barak,3,WKS-HQ-27,,,,\\SRV-FILE-HQ\Marketing
2026-06-21 17:18:33,4769,SRV-DC-01,n.hazan,,WKS-HQ-15,mssqlsvc_svc,,,MSSQLSvc/srv-cardproc.northgate.local:1433
2026-06-21 17:26:16,4634,WKS-HQ-15,n.hazan,2,,,,,
2026-06-21 17:27:29,4634,WKS-HQ-22,i.golan,2,,,,,
2026-06-21 17:32:17,4634,WKS-IT-29,f.zohar,2,,,,,
2026-06-21 17:33:59,4634,WKS-IT-09,m.saban,2,,,,,
2026-06-21 17:35:54,4634,WKS-HQ-17,a.dahan,2,,,,,
2026-06-21 17:37:21,4634,WKS-HQ-13,l.beit,2,,,,,
2026-06-21 17:38:09,4634,WKS-HQ-28,u.regev,2,,,,,
2026-06-21 17:48:22,4634,WKS-SEC-03,e.katz,2,,,,,
2026-06-21 17:50:27,4634,WKS-SEC-10,d.levi,2,,,,,
2026-06-21 18:00:28,4634,WKS-HQ-04,n.barzilai,2,,,,,
2026-06-21 18:03:52,4634,WKS-HQ-16,e.shalom,2,,,,,
2026-06-21 18:13:31,4634,WKS-HQ-19,y.segev,2,,,,,
2026-06-21 18:14:55,4634,WKS-HQ-14,r.avni,2,,,,,
2026-06-21 18:18:58,4634,WKS-HQ-06,g.shemesh,2,,,,,
2026-06-21 18:34:37,4634,WKS-HQ-18,m.tal,2,,,,,
2026-06-21 18:49:18,4634,WKS-HQ-07,o.raviv,2,,,,,
2026-06-21 18:50:11,4634,WKS-HQ-27,c.barak,2,,,,,
2026-06-21 18:56:10,4634,WKS-PAY-12,t.hadar,2,,,,,
2026-06-22 07:23:56,4624,WKS-HQ-25,z.amar,2,WKS-HQ-25,,,,
2026-06-22 07:34:29,4624,WKS-HQ-22,i.golan,2,WKS-HQ-22,,,,
2026-06-22 07:39:19,4624,WKS-PAY-30,g.ben-ari,2,WKS-PAY-30,,,,
2026-06-22 07:45:56,4624,SRV-POSMGT,z.amar,3,WKS-HQ-25,,,,
2026-06-22 07:46:41,4624,WKS-PAY-11,s.arbel,2,WKS-PAY-11,,,,
2026-06-22 07:49:52,4624,WKS-PAY-02,r.stern,2,WKS-PAY-02,,,,
2026-06-22 07:50:04,4624,WKS-HQ-24,v.harel,2,WKS-HQ-24,,,,
2026-06-22 07:52:00,4624,WKS-HQ-26,p.stein,2,WKS-HQ-26,,,,
2026-06-22 07:58:40,4624,WKS-HQ-16,e.shalom,2,WKS-HQ-16,,,,
2026-06-22 08:00:31,4624,WKS-SEC-03,e.katz,2,WKS-SEC-03,,,,
2026-06-22 08:06:40,4624,WKS-HQ-23,s.mor,2,WKS-HQ-23,,,,
2026-06-22 08:11:29,4624,SRV-POSMGT,i.golan,3,WKS-HQ-22,,,,
2026-06-22 08:12:37,4624,WKS-IT-01,a.mizrahi,2,WKS-IT-01,,,,
2026-06-22 08:12:38,4672,WKS-IT-01,a.mizrahi,2,,,,,
2026-06-22 08:15:14,4624,WKS-HQ-19,y.segev,2,WKS-HQ-19,,,,
2026-06-22 08:19:05,4624,WKS-IT-09,m.saban,2,WKS-IT-09,,,,
2026-06-22 08:22:27,4624,WKS-IT-08,h.peretz,2,WKS-IT-08,,,,
2026-06-22 08:24:19,4624,WKS-HQ-20,k.oz,2,WKS-HQ-20,,,,
2026-06-22 08:30:13,4624,WKS-HQ-13,l.beit,2,WKS-HQ-13,,,,
2026-06-22 08:30:19,4769,SRV-DC-01,k.oz,,WKS-HQ-20,mssqlsvc_svc,,,MSSQLSvc/srv-cardproc.northgate.local:1433
2026-06-22 08:39:18,4624,WKS-HQ-05,y.oren,2,WKS-HQ-05,,,,
2026-06-22 08:43:42,4624,WKS-HQ-27,c.barak,2,WKS-HQ-27,,,,
2026-06-22 08:44:06,4624,WKS-IT-29,f.zohar,2,WKS-IT-29,,,,
2026-06-22 08:47:52,4624,WKS-SEC-10,d.levi,2,WKS-SEC-10,,,,
2026-06-22 08:48:11,4624,WKS-HQ-06,g.shemesh,2,WKS-HQ-06,,,,
2026-06-22 08:48:27,4769,SRV-DC-01,h.peretz,,WKS-IT-08,mssqlsvc_svc,,,MSSQLSvc/srv-posmgt.northgate.local:1433
2026-06-22 08:51:15,4624,WKS-HQ-18,m.tal,2,WKS-HQ-18,,,,
2026-06-22 08:52:15,4624,WKS-HQ-04,n.barzilai,2,WKS-HQ-04,,,,
2026-06-22 08:52:40,4624,WKS-HQ-14,r.avni,2,WKS-HQ-14,,,,
2026-06-22 08:55:12,4624,WKS-HQ-21,b.naim,2,WKS-HQ-21,,,,
2026-06-22 08:56:52,4624,WKS-HQ-15,n.hazan,2,WKS-HQ-15,,,,
2026-06-22 08:57:37,4769,SRV-DC-01,a.mizrahi,,WKS-IT-01,cifs_svc,,,CIFS/srv-file-hq.northgate.local
2026-06-22 09:02:29,4624,SRV-POSMGT,i.golan,3,WKS-HQ-22,,,,
2026-06-22 09:12:55,4624,WKS-HQ-17,a.dahan,2,WKS-HQ-17,,,,
2026-06-22 09:13:50,4624,WKS-PAY-12,t.hadar,2,WKS-PAY-12,,,,
2026-06-22 09:17:00,4624,SRV-FILE-HQ,p.stein,3,WKS-HQ-26,,,,
2026-06-22 09:17:17,4624,WKS-HQ-07,o.raviv,2,WKS-HQ-07,,,,
2026-06-22 09:31:52,4624,SRV-FILE-HQ,d.levi,3,WKS-SEC-10,,,,
2026-06-22 09:40:00,4769,SRV-DC-01,p.stein,,WKS-HQ-26,cifs_svc,,,CIFS/srv-file-hq.northgate.local
2026-06-22 09:42:40,4624,SRV-FILE-HQ,s.mor,3,WKS-HQ-23,,,,
2026-06-22 09:42:42,5140,SRV-FILE-HQ,s.mor,3,WKS-HQ-23,,,,\\SRV-FILE-HQ\Branches
2026-06-22 09:48:40,4688,WKS-HQ-16,e.shalom,,,,winword.exe,winword.exe /w,
2026-06-22 09:53:05,4769,SRV-DC-01,m.saban,,WKS-IT-09,mssqlsvc_svc,,,MSSQLSvc/srv-cardproc.northgate.local:1433
2026-06-22 09:53:52,4624,SRV-FILE-HQ,n.hazan,3,WKS-HQ-15,,,,
2026-06-22 09:55:18,4624,SRV-FILE-HQ,y.oren,3,WKS-HQ-05,,,,
2026-06-22 09:57:15,4624,SRV-FILE-HQ,n.barzilai,3,WKS-HQ-04,,,,
2026-06-22 09:57:17,5140,SRV-FILE-HQ,n.barzilai,3,WKS-HQ-04,,,,\\SRV-FILE-HQ\Finance
2026-06-22 10:00:52,4769,SRV-DC-01,d.levi,,WKS-SEC-10,cifs_svc,,,CIFS/srv-file-hq.northgate.local
2026-06-22 10:01:52,4624,SRV-FILE-HQ,r.stern,3,WKS-PAY-02,,,,
2026-06-22 10:04:05,4769,SRV-DC-01,m.saban,,WKS-IT-09,mssqlsvc_svc,,,MSSQLSvc/srv-cardproc.northgate.local:1433
2026-06-22 10:12:15,4769,SRV-DC-01,n.barzilai,,WKS-HQ-04,cifs_svc,,,CIFS/srv-file-hq.northgate.local
2026-06-22 10:20:55,4769,SRV-DC-01,a.dahan,,WKS-HQ-17,cifs_svc,,,CIFS/srv-file-hq.northgate.local
2026-06-22 10:29:18,4769,SRV-DC-01,y.oren,,WKS-HQ-05,mssqlsvc_svc,,,MSSQLSvc/srv-cardproc.northgate.local:1433
2026-06-22 10:29:52,4769,SRV-DC-01,d.levi,,WKS-SEC-10,mssqlsvc_svc,,,MSSQLSvc/srv-cardproc.northgate.local:1433
2026-06-22 10:52:06,4688,WKS-IT-29,f.zohar,,,,teams.exe,teams.exe --system-initiated,
2026-06-22 10:57:37,4624,SRV-DC-01,a.mizrahi,3,WKS-IT-01,,,,
2026-06-22 10:57:39,5140,SRV-DC-01,a.mizrahi,3,WKS-IT-01,,,,\\SRV-DC-01\IT
2026-06-22 10:58:50,4624,SRV-FILE-HQ,t.hadar,3,WKS-PAY-12,,,,
2026-06-22 10:58:52,5140,SRV-FILE-HQ,t.hadar,3,WKS-PAY-12,,,,\\SRV-FILE-HQ\Payments
2026-06-22 10:59:27,4769,SRV-DC-01,h.peretz,,WKS-IT-08,mssqlsvc_svc,,,MSSQLSvc/srv-cardproc.northgate.local:1433
2026-06-22 11:01:52,4624,SRV-CARDPROC,r.stern,3,WKS-PAY-02,,,,
2026-06-22 11:01:54,5140,SRV-CARDPROC,r.stern,3,WKS-PAY-02,,,,\\SRV-CARDPROC\Payments
2026-06-22 11:04:15,4624,SRV-FILE-HQ,m.tal,3,WKS-HQ-18,,,,
2026-06-22 11:17:52,4624,SRV-FILE-HQ,d.levi,3,WKS-SEC-10,,,,
2026-06-22 11:17:52,4769,SRV-DC-01,d.levi,,WKS-SEC-10,cifs_svc,,,CIFS/srv-file-hq.northgate.local
2026-06-22 11:18:17,4769,SRV-DC-01,o.raviv,,WKS-HQ-07,http_svc,,,HTTP/web-supplier.northgate.local
2026-06-22 11:19:04,4769,SRV-DC-01,v.harel,,WKS-HQ-24,mssqlsvc_svc,,,MSSQLSvc/srv-posmgt.northgate.local:1433
2026-06-22 11:20:37,4624,SRV-FILE-HQ,a.mizrahi,3,WKS-IT-01,,,,
2026-06-22 11:23:40,4769,SRV-DC-01,s.mor,,WKS-HQ-23,mssqlsvc_svc,,,MSSQLSvc/srv-cardproc.northgate.local:1433
2026-06-22 11:31:41,4624,SRV-CARDPROC,s.arbel,3,WKS-PAY-11,,,,
2026-06-22 11:36:29,4624,SRV-POSMGT,i.golan,3,WKS-HQ-22,,,,
2026-06-22 11:40:27,4769,SRV-DC-01,h.peretz,,WKS-IT-08,mssqlsvc_svc,,,MSSQLSvc/srv-posmgt.northgate.local:1433
2026-06-22 11:50:29,4624,SRV-POSMGT,i.golan,3,WKS-HQ-22,,,,
2026-06-22 11:51:40,4624,SRV-FILE-HQ,r.avni,3,WKS-HQ-14,,,,
2026-06-22 11:53:17,4624,SRV-FILE-HQ,o.raviv,3,WKS-HQ-07,,,,
2026-06-22 12:19:52,4688,WKS-HQ-15,n.hazan,,,,teams.exe,teams.exe --system-initiated,
2026-06-22 12:29:00,4624,SRV-POSMGT,p.stein,3,WKS-HQ-26,,,,
2026-06-22 12:32:11,4688,WKS-HQ-06,g.shemesh,,,,excel.exe,excel.exe /dde,
2026-06-22 12:32:56,4624,SRV-FILE-HQ,z.amar,3,WKS-HQ-25,,,,
2026-06-22 12:48:50,4624,SRV-CARDPROC,t.hadar,3,WKS-PAY-12,,,,
2026-06-22 12:48:52,5140,SRV-CARDPROC,t.hadar,3,WKS-PAY-12,,,,\\SRV-CARDPROC\Payments
2026-06-22 12:50:00,4624,SRV-POSMGT,p.stein,3,WKS-HQ-26,,,,
2026-06-22 12:56:05,4624,SRV-DC-01,m.saban,3,WKS-IT-09,,,,
2026-06-22 12:56:15,4769,SRV-DC-01,n.barzilai,,WKS-HQ-04,http_svc,,,HTTP/web-supplier.northgate.local
2026-06-22 12:59:42,4624,SRV-FILE-HQ,c.barak,3,WKS-HQ-27,,,,
2026-06-22 12:59:44,5140,SRV-FILE-HQ,c.barak,3,WKS-HQ-27,,,,\\SRV-FILE-HQ\Marketing
2026-06-22 13:04:42,4769,SRV-DC-01,c.barak,,WKS-HQ-27,mssqlsvc_svc,,,MSSQLSvc/srv-cardproc.northgate.local:1433
2026-06-22 13:10:13,4624,SRV-FILE-HQ,l.beit,3,WKS-HQ-13,,,,
2026-06-22 13:14:06,4769,SRV-DC-01,f.zohar,,WKS-IT-29,mssqlsvc_svc,,,MSSQLSvc/srv-posmgt.northgate.local:1433
2026-06-22 13:15:19,4624,SRV-FILE-HQ,g.ben-ari,3,WKS-PAY-30,,,,
2026-06-22 13:19:52,4624,SRV-DC-01,d.levi,3,WKS-SEC-10,,,,
2026-06-22 13:42:19,4688,WKS-HQ-20,k.oz,,,,winword.exe,winword.exe /w,
2026-06-22 13:43:15,4624,SRV-FILE-HQ,m.tal,3,WKS-HQ-18,,,,
2026-06-22 13:44:04,4624,SRV-POSMGT,v.harel,3,WKS-HQ-24,,,,
2026-06-22 13:44:06,5140,SRV-POSMGT,v.harel,3,WKS-HQ-24,,,,\\SRV-POSMGT\Branches
2026-06-22 13:46:52,4769,SRV-DC-01,r.stern,,WKS-PAY-02,mssqlsvc_svc,,,MSSQLSvc/srv-posmgt.northgate.local:1433
2026-06-22 13:49:31,4624,SRV-DC-01,e.katz,3,WKS-SEC-03,,,,
2026-06-22 13:49:33,5140,SRV-DC-01,e.katz,3,WKS-SEC-03,,,,\\SRV-DC-01\IT
2026-06-22 13:54:40,4769,SRV-DC-01,e.shalom,,WKS-HQ-16,mssqlsvc_svc,,,MSSQLSvc/srv-posmgt.northgate.local:1433
2026-06-22 13:58:56,4769,SRV-DC-01,z.amar,,WKS-HQ-25,cifs_svc,,,CIFS/srv-file-hq.northgate.local
2026-06-22 14:10:50,4624,SRV-CARDPROC,t.hadar,3,WKS-PAY-12,,,,
2026-06-22 14:10:52,5140,SRV-CARDPROC,t.hadar,3,WKS-PAY-12,,,,\\SRV-CARDPROC\Payments
2026-06-22 14:12:40,4769,SRV-DC-01,s.mor,,WKS-HQ-23,http_svc,,,HTTP/web-supplier.northgate.local
2026-06-22 14:13:52,4624,SRV-FILE-HQ,r.stern,3,WKS-PAY-02,,,,
2026-06-22 14:17:17,4624,SRV-FILE-HQ,o.raviv,3,WKS-HQ-07,,,,
2026-06-22 14:17:19,5140,SRV-FILE-HQ,o.raviv,3,WKS-HQ-07,,,,\\SRV-FILE-HQ\Finance
2026-06-22 14:19:05,4624,SRV-DC-01,m.saban,3,WKS-IT-09,,,,
2026-06-22 14:19:07,5140,SRV-DC-01,m.saban,3,WKS-IT-09,,,,\\SRV-DC-01\IT
2026-06-22 14:20:19,4624,SRV-FILE-HQ,k.oz,3,WKS-HQ-20,,,,
2026-06-22 14:28:04,4769,SRV-DC-01,v.harel,,WKS-HQ-24,mssqlsvc_svc,,,MSSQLSvc/srv-posmgt.northgate.local:1433
2026-06-22 14:43:11,4769,SRV-DC-01,g.shemesh,,WKS-HQ-06,http_svc,,,HTTP/web-supplier.northgate.local
2026-06-22 14:49:40,4624,SRV-FILE-HQ,r.avni,3,WKS-HQ-14,,,,
2026-06-22 14:54:40,4624,SRV-FILE-HQ,r.avni,3,WKS-HQ-14,,,,
2026-06-22 14:56:14,4624,SRV-FILE-HQ,y.segev,3,WKS-HQ-19,,,,
2026-06-22 15:01:55,4769,SRV-DC-01,a.dahan,,WKS-HQ-17,mssqlsvc_svc,,,MSSQLSvc/srv-cardproc.northgate.local:1433
2026-06-22 15:05:42,4769,SRV-DC-01,c.barak,,WKS-HQ-27,cifs_svc,,,CIFS/srv-file-hq.northgate.local
2026-06-22 15:09:37,4624,SRV-FILE-HQ,a.mizrahi,3,WKS-IT-01,,,,
2026-06-22 15:19:04,4624,SRV-FILE-HQ,v.harel,3,WKS-HQ-24,,,,
2026-06-22 15:19:06,5140,SRV-FILE-HQ,v.harel,3,WKS-HQ-24,,,,\\SRV-FILE-HQ\Branches
2026-06-22 15:19:37,4769,SRV-DC-01,a.mizrahi,,WKS-IT-01,http_svc,,,HTTP/web-supplier.northgate.local
2026-06-22 15:22:06,4624,SRV-DC-01,f.zohar,3,WKS-IT-29,,,,
2026-06-22 15:22:40,4769,SRV-DC-01,r.avni,,WKS-HQ-14,cifs_svc,,,CIFS/srv-file-hq.northgate.local
2026-06-22 15:22:52,4624,SRV-DC-01,d.levi,3,WKS-SEC-10,,,,
2026-06-22 15:28:40,4624,SRV-FILE-HQ,s.mor,3,WKS-HQ-23,,,,
2026-06-22 15:28:42,5140,SRV-FILE-HQ,s.mor,3,WKS-HQ-23,,,,\\SRV-FILE-HQ\Branches
2026-06-22 15:29:31,4769,SRV-DC-01,e.katz,,WKS-SEC-03,cifs_svc,,,CIFS/srv-file-hq.northgate.local
2026-06-22 15:34:27,4624,SRV-DC-01,h.peretz,3,WKS-IT-08,,,,
2026-06-22 15:34:29,5140,SRV-DC-01,h.peretz,3,WKS-IT-08,,,,\\SRV-DC-01\IT
2026-06-22 15:40:12,4769,SRV-DC-01,b.naim,,WKS-HQ-21,mssqlsvc_svc,,,MSSQLSvc/srv-posmgt.northgate.local:1433
2026-06-22 15:40:52,4624,SRV-FILE-HQ,n.hazan,3,WKS-HQ-15,,,,
2026-06-22 15:40:54,5140,SRV-FILE-HQ,n.hazan,3,WKS-HQ-15,,,,\\SRV-FILE-HQ\Finance
2026-06-22 15:42:02,4634,WKS-HQ-25,z.amar,2,,,,,
2026-06-22 15:46:41,4624,SRV-FILE-HQ,s.arbel,3,WKS-PAY-11,,,,
2026-06-22 15:46:55,4624,SRV-FILE-HQ,a.dahan,3,WKS-HQ-17,,,,
2026-06-22 15:46:57,5140,SRV-FILE-HQ,a.dahan,3,WKS-HQ-17,,,,\\SRV-FILE-HQ\HR
2026-06-22 15:47:50,4769,SRV-DC-01,t.hadar,,WKS-PAY-12,http_svc,,,HTTP/web-supplier.northgate.local
2026-06-22 15:48:19,4624,SRV-FILE-HQ,g.ben-ari,3,WKS-PAY-30,,,,
2026-06-22 16:01:27,4624,SRV-FILE-HQ,h.peretz,3,WKS-IT-08,,,,
2026-06-22 16:01:29,5140,SRV-FILE-HQ,h.peretz,3,WKS-IT-08,,,,\\SRV-FILE-HQ\IT
2026-06-22 16:03:00,4769,SRV-DC-01,p.stein,,WKS-HQ-26,mssqlsvc_svc,,,MSSQLSvc/srv-cardproc.northgate.local:1433
2026-06-22 16:04:11,4634,WKS-SEC-03,e.katz,2,,,,,
2026-06-22 16:06:27,4688,WKS-IT-08,h.peretz,,,,chrome.exe,chrome.exe --restore-last-session,
2026-06-22 16:11:02,4634,WKS-PAY-11,s.arbel,2,,,,,
2026-06-22 16:15:13,4769,SRV-DC-01,l.beit,,WKS-HQ-13,cifs_svc,,,CIFS/srv-file-hq.northgate.local
2026-06-22 16:17:23,4634,WKS-HQ-16,e.shalom,2,,,,,
2026-06-22 16:20:31,4769,SRV-DC-01,e.katz,,WKS-SEC-03,mssqlsvc_svc,,,MSSQLSvc/srv-cardproc.northgate.local:1433
2026-06-22 16:23:52,4624,SRV-FILE-HQ,r.stern,3,WKS-PAY-02,,,,
2026-06-22 16:24:13,4624,SRV-FILE-HQ,l.beit,3,WKS-HQ-13,,,,
2026-06-22 16:24:17,4624,SRV-FILE-HQ,o.raviv,3,WKS-HQ-07,,,,
2026-06-22 16:40:27,4634,WKS-IT-08,h.peretz,2,,,,,
2026-06-22 16:44:56,4634,WKS-PAY-30,g.ben-ari,2,,,,,
2026-06-22 16:46:12,4769,SRV-DC-01,b.naim,,WKS-HQ-21,mssqlsvc_svc,,,MSSQLSvc/srv-cardproc.northgate.local:1433
2026-06-22 16:49:15,4688,WKS-HQ-04,n.barzilai,,,,teams.exe,teams.exe --system-initiated,
2026-06-22 16:55:52,4769,SRV-DC-01,n.hazan,,WKS-HQ-15,cifs_svc,,,CIFS/srv-file-hq.northgate.local
2026-06-22 16:57:52,4769,SRV-DC-01,n.hazan,,WKS-HQ-15,mssqlsvc_svc,,,MSSQLSvc/srv-posmgt.northgate.local:1433
2026-06-22 17:03:05,4634,WKS-HQ-05,y.oren,2,,,,,
2026-06-22 17:06:26,4634,WKS-PAY-02,r.stern,2,,,,,
2026-06-22 17:10:12,4634,WKS-HQ-24,v.harel,2,,,,,
2026-06-22 17:11:39,4634,WKS-HQ-27,c.barak,2,,,,,
2026-06-22 17:12:52,4634,WKS-HQ-18,m.tal,2,,,,,
2026-06-22 17:18:20,4634,WKS-HQ-20,k.oz,2,,,,,
2026-06-22 17:18:55,4634,WKS-HQ-07,o.raviv,2,,,,,
2026-06-22 17:22:38,4634,WKS-PAY-12,t.hadar,2,,,,,
2026-06-22 17:25:53,4634,WKS-HQ-14,r.avni,2,,,,,
2026-06-22 17:26:27,4634,WKS-HQ-22,i.golan,2,,,,,
2026-06-22 17:32:29,4634,WKS-HQ-13,l.beit,2,,,,,
2026-06-22 17:37:14,4634,WKS-IT-01,a.mizrahi,2,,,,,
2026-06-22 17:40:49,4634,WKS-HQ-23,s.mor,2,,,,,
2026-06-22 17:42:23,4634,WKS-HQ-26,p.stein,2,,,,,
2026-06-22 18:00:25,4634,WKS-HQ-19,y.segev,2,,,,,
2026-06-22 18:12:46,4634,WKS-HQ-06,g.shemesh,2,,,,,
2026-06-22 18:15:52,4634,WKS-SEC-10,d.levi,2,,,,,
2026-06-22 18:19:17,4634,WKS-IT-09,m.saban,2,,,,,
2026-06-22 18:27:58,4634,WKS-HQ-15,n.hazan,2,,,,,
2026-06-22 18:47:23,4634,WKS-HQ-04,n.barzilai,2,,,,,
2026-06-22 18:50:14,4634,WKS-IT-29,f.zohar,2,,,,,
2026-06-22 19:00:44,4634,WKS-HQ-21,b.naim,2,,,,,
2026-06-22 19:25:06,4634,WKS-HQ-17,a.dahan,2,,,,,
2026-06-23 07:03:18,4624,WKS-HQ-22,i.golan,2,WKS-HQ-22,,,,
2026-06-23 07:15:48,4624,WKS-HQ-23,s.mor,2,WKS-HQ-23,,,,
2026-06-23 07:29:34,4624,WKS-HQ-25,z.amar,2,WKS-HQ-25,,,,
2026-06-23 07:46:51,4624,WKS-PAY-02,r.stern,2,WKS-PAY-02,,,,
2026-06-23 07:47:10,4624,WKS-HQ-24,v.harel,2,WKS-HQ-24,,,,
2026-06-23 07:52:32,4624,WKS-HQ-26,p.stein,2,WKS-HQ-26,,,,
2026-06-23 08:00:32,4624,WKS-HQ-19,y.segev,2,WKS-HQ-19,,,,
2026-06-23 08:02:10,4624,WKS-SEC-03,e.katz,2,WKS-SEC-03,,,,
2026-06-23 08:03:22,4624,WKS-IT-09,m.saban,2,WKS-IT-09,,,,
2026-06-23 08:09:19,4624,WKS-PAY-11,s.arbel,2,WKS-PAY-11,,,,
2026-06-23 08:11:10,4769,SRV-DC-01,e.katz,,WKS-SEC-03,cifs_svc,,,CIFS/srv-file-hq.northgate.local
2026-06-23 08:12:30,4624,WKS-PAY-30,g.ben-ari,2,WKS-PAY-30,,,,
2026-06-23 08:15:25,4624,WKS-PAY-12,t.hadar,2,WKS-PAY-12,,,,
2026-06-23 08:15:38,4624,WKS-IT-01,a.mizrahi,2,WKS-IT-01,,,,
2026-06-23 08:15:39,4672,WKS-IT-01,a.mizrahi,2,,,,,
2026-06-23 08:19:10,4624,SRV-FILE-HQ,v.harel,3,WKS-HQ-24,,,,
2026-06-23 08:19:12,5140,SRV-FILE-HQ,v.harel,3,WKS-HQ-24,,,,\\SRV-FILE-HQ\Branches
2026-06-23 08:21:20,4624,WKS-HQ-28,u.regev,2,WKS-HQ-28,,,,
2026-06-23 08:23:20,4769,SRV-DC-01,u.regev,,WKS-HQ-28,http_svc,,,HTTP/web-supplier.northgate.local
2026-06-23 08:26:57,4624,WKS-IT-29,f.zohar,2,WKS-IT-29,,,,
2026-06-23 08:29:16,4624,WKS-HQ-20,k.oz,2,WKS-HQ-20,,,,
2026-06-23 08:32:48,4624,WKS-HQ-18,m.tal,2,WKS-HQ-18,,,,
2026-06-23 08:36:38,4624,WKS-HQ-14,r.avni,2,WKS-HQ-14,,,,
2026-06-23 08:36:48,4688,WKS-HQ-18,m.tal,,,,teams.exe,teams.exe --system-initiated,
2026-06-23 08:40:08,4624,WKS-HQ-16,e.shalom,2,WKS-HQ-16,,,,
2026-06-23 08:45:21,4624,WKS-HQ-21,b.naim,2,WKS-HQ-21,,,,
2026-06-23 08:47:32,4769,SRV-DC-01,p.stein,,WKS-HQ-26,mssqlsvc_svc,,,MSSQLSvc/srv-posmgt.northgate.local:1433
2026-06-23 08:51:20,4624,SRV-FILE-HQ,u.regev,3,WKS-HQ-28,,,,
2026-06-23 08:53:16,4769,SRV-DC-01,k.oz,,WKS-HQ-20,http_svc,,,HTTP/web-supplier.northgate.local
2026-06-23 08:55:19,4624,WKS-HQ-13,l.beit,2,WKS-HQ-13,,,,
2026-06-23 08:58:44,4624,WKS-HQ-05,y.oren,2,WKS-HQ-05,,,,
2026-06-23 09:00:26,4624,WKS-HQ-17,a.dahan,2,WKS-HQ-17,,,,
2026-06-23 09:01:01,4624,WKS-HQ-04,n.barzilai,2,WKS-HQ-04,,,,
2026-06-23 09:02:05,4624,WKS-SEC-10,d.levi,2,WKS-SEC-10,,,,
2026-06-23 09:06:19,4624,WKS-HQ-27,c.barak,2,WKS-HQ-27,,,,
2026-06-23 09:07:10,4769,SRV-DC-01,e.katz,,WKS-SEC-03,http_svc,,,HTTP/web-supplier.northgate.local
2026-06-23 09:10:06,4624,WKS-HQ-15,n.hazan,2,WKS-HQ-15,,,,
2026-06-23 09:12:38,4769,SRV-DC-01,a.mizrahi,,WKS-IT-01,cifs_svc,,,CIFS/srv-file-hq.northgate.local
2026-06-23 09:13:38,4624,SRV-FILE-HQ,a.mizrahi,3,WKS-IT-01,,,,
2026-06-23 09:13:59,4624,WKS-HQ-07,o.raviv,2,WKS-HQ-07,,,,
2026-06-23 09:14:10,4769,SRV-DC-01,v.harel,,WKS-HQ-24,mssqlsvc_svc,,,MSSQLSvc/srv-cardproc.northgate.local:1433
2026-06-23 09:19:30,4688,WKS-PAY-30,g.ben-ari,,,,outlook.exe,outlook.exe /recycle,
2026-06-23 09:27:19,4624,SRV-FILE-HQ,c.barak,3,WKS-HQ-27,,,,
2026-06-23 09:29:51,4769,SRV-DC-01,r.stern,,WKS-PAY-02,mssqlsvc_svc,,,MSSQLSvc/srv-cardproc.northgate.local:1433
2026-06-23 09:38:25,4624,SRV-CARDPROC,t.hadar,3,WKS-PAY-12,,,,
2026-06-23 09:38:27,5140,SRV-CARDPROC,t.hadar,3,WKS-PAY-12,,,,\\SRV-CARDPROC\Payments
2026-06-23 09:38:48,4624,WKS-HQ-06,g.shemesh,2,WKS-HQ-06,,,,
2026-06-23 09:39:19,4688,WKS-HQ-27,c.barak,,,,winword.exe,winword.exe /w,
2026-06-23 09:52:21,4624,SRV-FILE-HQ,b.naim,3,WKS-HQ-21,,,,
2026-06-23 09:52:32,4624,SRV-FILE-HQ,y.segev,3,WKS-HQ-19,,,,
2026-06-23 09:52:34,5140,SRV-FILE-HQ,y.segev,3,WKS-HQ-19,,,,\\SRV-FILE-HQ\Logistics
2026-06-23 09:52:48,4769,SRV-DC-01,s.mor,,WKS-HQ-23,cifs_svc,,,CIFS/srv-file-hq.northgate.local
2026-06-23 10:08:01,4624,SRV-FILE-HQ,n.barzilai,3,WKS-HQ-04,,,,
2026-06-23 10:10:34,4624,SRV-FILE-HQ,z.amar,3,WKS-HQ-25,,,,
2026-06-23 10:10:36,5140,SRV-FILE-HQ,z.amar,3,WKS-HQ-25,,,,\\SRV-FILE-HQ\Branches
2026-06-23 10:14:10,4769,SRV-DC-01,e.katz,,WKS-SEC-03,http_svc,,,HTTP/web-supplier.northgate.local
2026-06-23 10:18:59,4769,SRV-DC-01,o.raviv,,WKS-HQ-07,cifs_svc,,,CIFS/srv-file-hq.northgate.local
2026-06-23 10:20:34,4624,SRV-POSMGT,z.amar,3,WKS-HQ-25,,,,
2026-06-23 10:20:36,5140,SRV-POSMGT,z.amar,3,WKS-HQ-25,,,,\\SRV-POSMGT\Branches
2026-06-23 10:21:22,4624,SRV-FILE-HQ,m.saban,3,WKS-IT-09,,,,
2026-06-23 10:35:19,4769,SRV-DC-01,s.arbel,,WKS-PAY-11,http_svc,,,HTTP/web-supplier.northgate.local
2026-06-23 10:36:25,4624,SRV-CARDPROC,t.hadar,3,WKS-PAY-12,,,,
2026-06-23 10:36:27,5140,SRV-CARDPROC,t.hadar,3,WKS-PAY-12,,,,\\SRV-CARDPROC\Payments
2026-06-23 10:43:22,4769,SRV-DC-01,m.saban,,WKS-IT-09,cifs_svc,,,CIFS/srv-file-hq.northgate.local
2026-06-23 10:44:16,4624,SRV-FILE-HQ,k.oz,3,WKS-HQ-20,,,,
2026-06-23 10:44:18,5140,SRV-FILE-HQ,k.oz,3,WKS-HQ-20,,,,\\SRV-FILE-HQ\Logistics
2026-06-23 10:48:34,4769,SRV-DC-01,z.amar,,WKS-HQ-25,mssqlsvc_svc,,,MSSQLSvc/srv-posmgt.northgate.local:1433
2026-06-23 10:53:22,4769,SRV-DC-01,m.saban,,WKS-IT-09,cifs_svc,,,CIFS/srv-file-hq.northgate.local
2026-06-23 10:58:32,4769,SRV-DC-01,p.stein,,WKS-HQ-26,http_svc,,,HTTP/web-supplier.northgate.local
2026-06-23 11:02:08,4624,SRV-FILE-HQ,e.shalom,3,WKS-HQ-16,,,,
2026-06-23 11:15:10,4624,SRV-POSMGT,v.harel,3,WKS-HQ-24,,,,
2026-06-23 11:16:26,4769,SRV-DC-01,a.dahan,,WKS-HQ-17,cifs_svc,,,CIFS/srv-file-hq.northgate.local
2026-06-23 11:19:22,4769,SRV-DC-01,m.saban,,WKS-IT-09,cifs_svc,,,CIFS/srv-file-hq.northgate.local
2026-06-23 11:21:21,4624,SRV-FILE-HQ,b.naim,3,WKS-HQ-21,,,,
2026-06-23 11:21:23,5140,SRV-FILE-HQ,b.naim,3,WKS-HQ-21,,,,\\SRV-FILE-HQ\Logistics
2026-06-23 11:30:08,4624,SRV-FILE-HQ,e.shalom,3,WKS-HQ-16,,,,
2026-06-23 11:34:44,4769,SRV-DC-01,y.oren,,WKS-HQ-05,cifs_svc,,,CIFS/srv-file-hq.northgate.local
2026-06-23 11:35:25,4769,SRV-DC-01,t.hadar,,WKS-PAY-12,http_svc,,,HTTP/web-supplier.northgate.local
2026-06-23 11:59:06,4624,SRV-FILE-HQ,n.hazan,3,WKS-HQ-15,,,,
2026-06-23 11:59:08,5140,SRV-FILE-HQ,n.hazan,3,WKS-HQ-15,,,,\\SRV-FILE-HQ\Finance
2026-06-23 12:15:16,4769,SRV-DC-01,k.oz,,WKS-HQ-20,http_svc,,,HTTP/web-supplier.northgate.local
2026-06-23 12:21:30,4769,SRV-DC-01,g.ben-ari,,WKS-PAY-30,mssqlsvc_svc,,,MSSQLSvc/srv-cardproc.northgate.local:1433
2026-06-23 12:28:20,4624,SRV-FILE-HQ,u.regev,3,WKS-HQ-28,,,,
2026-06-23 12:43:34,4769,SRV-DC-01,z.amar,,WKS-HQ-25,http_svc,,,HTTP/web-supplier.northgate.local
2026-06-23 12:45:10,4624,SRV-FILE-HQ,v.harel,3,WKS-HQ-24,,,,
2026-06-23 12:49:10,4624,SRV-DC-01,e.katz,3,WKS-SEC-03,,,,
2026-06-23 12:55:19,4769,SRV-DC-01,l.beit,,WKS-HQ-13,cifs_svc,,,CIFS/srv-file-hq.northgate.local
2026-06-23 12:55:34,4624,SRV-FILE-HQ,z.amar,3,WKS-HQ-25,,,,
2026-06-23 12:55:36,5140,SRV-FILE-HQ,z.amar,3,WKS-HQ-25,,,,\\SRV-FILE-HQ\Branches
2026-06-23 13:30:08,4688,WKS-HQ-16,e.shalom,,,,chrome.exe,chrome.exe --restore-last-session,
2026-06-23 13:32:30,4624,SRV-FILE-HQ,g.ben-ari,3,WKS-PAY-30,,,,
2026-06-23 13:34:05,4624,SRV-FILE-HQ,d.levi,3,WKS-SEC-10,,,,
2026-06-23 13:39:38,4624,SRV-FILE-HQ,r.avni,3,WKS-HQ-14,,,,
2026-06-23 13:39:40,5140,SRV-FILE-HQ,r.avni,3,WKS-HQ-14,,,,\\SRV-FILE-HQ\Procurement
2026-06-23 13:45:22,4624,SRV-FILE-HQ,m.saban,3,WKS-IT-09,,,,
2026-06-23 13:46:32,4769,SRV-DC-01,y.segev,,WKS-HQ-19,http_svc,,,HTTP/web-supplier.northgate.local
2026-06-23 14:03:48,4624,SRV-FILE-HQ,g.shemesh,3,WKS-HQ-06,,,,
2026-06-23 14:05:10,4624,SRV-POSMGT,v.harel,3,WKS-HQ-24,,,,
2026-06-23 14:07:34,4769,SRV-DC-01,z.amar,,WKS-HQ-25,mssqlsvc_svc,,,MSSQLSvc/srv-posmgt.northgate.local:1433
2026-06-23 14:10:26,4688,WKS-HQ-17,a.dahan,,,,outlook.exe,outlook.exe /recycle,
2026-06-23 14:11:16,4624,SRV-FILE-HQ,k.oz,3,WKS-HQ-20,,,,
2026-06-23 14:11:22,4624,SRV-DC-01,m.saban,3,WKS-IT-09,,,,
2026-06-23 14:19:21,4624,SRV-FILE-HQ,b.naim,3,WKS-HQ-21,,,,
2026-06-23 14:19:51,4624,SRV-CARDPROC,r.stern,3,WKS-PAY-02,,,,
2026-06-23 14:19:53,5140,SRV-CARDPROC,r.stern,3,WKS-PAY-02,,,,\\SRV-CARDPROC\Payments
2026-06-23 14:20:19,4624,SRV-FILE-HQ,s.arbel,3,WKS-PAY-11,,,,
2026-06-23 14:20:21,5140,SRV-FILE-HQ,s.arbel,3,WKS-PAY-11,,,,\\SRV-FILE-HQ\Payments
2026-06-23 14:25:30,4769,SRV-DC-01,g.ben-ari,,WKS-PAY-30,mssqlsvc_svc,,,MSSQLSvc/srv-cardproc.northgate.local:1433
2026-06-23 14:25:48,4769,SRV-DC-01,m.tal,,WKS-HQ-18,mssqlsvc_svc,,,MSSQLSvc/srv-posmgt.northgate.local:1433
2026-06-23 14:29:26,4769,SRV-DC-01,a.dahan,,WKS-HQ-17,cifs_svc,,,CIFS/srv-file-hq.northgate.local
2026-06-23 14:49:32,4769,SRV-DC-01,p.stein,,WKS-HQ-26,mssqlsvc_svc,,,MSSQLSvc/srv-cardproc.northgate.local:1433
2026-06-23 14:53:20,4769,SRV-DC-01,u.regev,,WKS-HQ-28,http_svc,,,HTTP/web-supplier.northgate.local
2026-06-23 14:58:18,4624,SRV-FILE-HQ,i.golan,3,WKS-HQ-22,,,,
2026-06-23 15:11:48,4624,SRV-FILE-HQ,m.tal,3,WKS-HQ-18,,,,
2026-06-23 15:18:01,4769,SRV-DC-01,n.barzilai,,WKS-HQ-04,cifs_svc,,,CIFS/srv-file-hq.northgate.local
2026-06-23 15:18:19,4769,SRV-DC-01,c.barak,,WKS-HQ-27,mssqlsvc_svc,,,MSSQLSvc/srv-cardproc.northgate.local:1433
2026-06-23 15:20:22,4624,SRV-DC-01,m.saban,3,WKS-IT-09,,,,
2026-06-23 15:20:24,5140,SRV-DC-01,m.saban,3,WKS-IT-09,,,,\\SRV-DC-01\IT
2026-06-23 15:29:25,4769,SRV-DC-01,t.hadar,,WKS-PAY-12,http_svc,,,HTTP/web-supplier.northgate.local
2026-06-23 15:35:06,4624,SRV-FILE-HQ,n.hazan,3,WKS-HQ-15,,,,
2026-06-23 15:47:19,4624,SRV-FILE-HQ,s.arbel,3,WKS-PAY-11,,,,
2026-06-23 15:47:48,4624,SRV-POSMGT,s.mor,3,WKS-HQ-23,,,,
2026-06-23 15:47:50,5140,SRV-POSMGT,s.mor,3,WKS-HQ-23,,,,\\SRV-POSMGT\Branches
2026-06-23 15:54:20,4624,SRV-FILE-HQ,u.regev,3,WKS-HQ-28,,,,
2026-06-23 15:54:22,5140,SRV-FILE-HQ,u.regev,3,WKS-HQ-28,,,,\\SRV-FILE-HQ\Marketing
2026-06-23 15:55:01,4769,SRV-DC-01,n.barzilai,,WKS-HQ-04,mssqlsvc_svc,,,MSSQLSvc/srv-cardproc.northgate.local:1433
2026-06-23 15:59:57,4624,SRV-FILE-HQ,f.zohar,3,WKS-IT-29,,,,
2026-06-23 16:00:38,4624,SRV-FILE-HQ,a.mizrahi,3,WKS-IT-01,,,,
2026-06-23 16:02:18,4634,WKS-HQ-19,y.segev,2,,,,,
2026-06-23 16:12:06,4769,SRV-DC-01,n.hazan,,WKS-HQ-15,cifs_svc,,,CIFS/srv-file-hq.northgate.local
2026-06-23 16:32:32,4624,SRV-FILE-HQ,p.stein,3,WKS-HQ-26,,,,
2026-06-23 16:32:34,5140,SRV-FILE-HQ,p.stein,3,WKS-HQ-26,,,,\\SRV-FILE-HQ\Branches
2026-06-23 16:33:28,4634,WKS-HQ-25,z.amar,2,,,,,
2026-06-23 16:35:32,4634,WKS-HQ-22,i.golan,2,,,,,
2026-06-23 16:36:32,4634,WKS-HQ-23,s.mor,2,,,,,
2026-06-23 16:37:19,4624,SRV-FILE-HQ,l.beit,3,WKS-HQ-13,,,,
2026-06-23 16:37:26,4624,SRV-FILE-HQ,a.dahan,3,WKS-HQ-17,,,,
2026-06-23 16:42:25,4634,WKS-PAY-11,s.arbel,2,,,,,
2026-06-23 16:44:18,4634,WKS-HQ-26,p.stein,2,,,,,
2026-06-23 16:44:44,4624,SRV-FILE-HQ,y.oren,3,WKS-HQ-05,,,,
2026-06-23 16:46:01,4634,WKS-HQ-24,v.harel,2,,,,,
2026-06-23 16:46:26,4634,WKS-PAY-30,g.ben-ari,2,,,,,
2026-06-23 16:53:51,4634,WKS-PAY-02,r.stern,2,,,,,
2026-06-23 16:58:47,4634,WKS-PAY-12,t.hadar,2,,,,,
2026-06-23 17:03:01,4624,SRV-FILE-HQ,n.barzilai,3,WKS-HQ-04,,,,
2026-06-23 17:04:26,4634,WKS-IT-01,a.mizrahi,2,,,,,
2026-06-23 17:08:19,4624,SRV-FILE-HQ,l.beit,3,WKS-HQ-13,,,,
2026-06-23 17:08:21,5140,SRV-FILE-HQ,l.beit,3,WKS-HQ-13,,,,\\SRV-FILE-HQ\Vendors
2026-06-23 17:11:49,4634,WKS-HQ-20,k.oz,2,,,,,
2026-06-23 17:16:01,4624,SRV-FILE-HQ,n.barzilai,3,WKS-HQ-04,,,,
2026-06-23 17:22:48,4624,SRV-FILE-HQ,g.shemesh,3,WKS-HQ-06,,,,
2026-06-23 17:22:50,5140,SRV-FILE-HQ,g.shemesh,3,WKS-HQ-06,,,,\\SRV-FILE-HQ\Finance
2026-06-23 17:26:06,4624,SRV-FILE-HQ,n.hazan,3,WKS-HQ-15,,,,
2026-06-23 17:26:08,5140,SRV-FILE-HQ,n.hazan,3,WKS-HQ-15,,,,\\SRV-FILE-HQ\Finance
2026-06-23 17:29:17,4634,WKS-HQ-18,m.tal,2,,,,,
2026-06-23 17:30:05,4624,SRV-DC-01,d.levi,3,WKS-SEC-10,,,,
2026-06-23 17:33:27,4634,WKS-IT-09,m.saban,2,,,,,
2026-06-23 17:36:45,4634,WKS-HQ-17,a.dahan,2,,,,,
2026-06-23 17:42:19,4634,WKS-SEC-03,e.katz,2,,,,,
2026-06-23 17:44:56,4634,WKS-HQ-13,l.beit,2,,,,,
2026-06-23 18:12:25,4634,WKS-IT-29,f.zohar,2,,,,,
2026-06-23 18:19:31,4634,WKS-HQ-07,o.raviv,2,,,,,
2026-06-23 18:20:01,4634,WKS-HQ-28,u.regev,2,,,,,
2026-06-23 18:22:10,4634,WKS-HQ-04,n.barzilai,2,,,,,
2026-06-23 18:24:58,4634,WKS-HQ-06,g.shemesh,2,,,,,
2026-06-23 18:25:47,4634,WKS-HQ-14,r.avni,2,,,,,
2026-06-23 18:27:56,4634,WKS-HQ-16,e.shalom,2,,,,,
2026-06-23 18:34:34,4634,WKS-SEC-10,d.levi,2,,,,,
2026-06-23 18:38:40,4634,WKS-HQ-21,b.naim,2,,,,,
2026-06-23 18:48:15,4634,WKS-HQ-15,n.hazan,2,,,,,
2026-06-23 18:53:50,4634,WKS-HQ-27,c.barak,2,,,,,
2026-06-23 19:12:12,4634,WKS-HQ-05,y.oren,2,,,,,
2026-06-24 07:09:13,4624,WKS-HQ-26,p.stein,2,WKS-HQ-26,,,,
2026-06-24 07:28:04,4624,WKS-HQ-25,z.amar,2,WKS-HQ-25,,,,
2026-06-24 07:32:40,4624,WKS-HQ-22,i.golan,2,WKS-HQ-22,,,,
2026-06-24 07:47:40,4769,SRV-DC-01,i.golan,,WKS-HQ-22,http_svc,,,HTTP/web-supplier.northgate.local
2026-06-24 07:55:05,4624,WKS-PAY-11,s.arbel,2,WKS-PAY-11,,,,
2026-06-24 07:58:03,4625,WKS-PAY-02,r.stern,2,WKS-PAY-02,,,,
2026-06-24 07:58:56,4624,WKS-PAY-02,r.stern,2,WKS-PAY-02,,,,
2026-06-24 08:03:00,4624,WKS-HQ-24,v.harel,2,WKS-HQ-24,,,,
2026-06-24 08:03:39,4624,WKS-HQ-19,y.segev,2,WKS-HQ-19,,,,
2026-06-24 08:04:13,4769,SRV-DC-01,p.stein,,WKS-HQ-26,mssqlsvc_svc,,,MSSQLSvc/srv-posmgt.northgate.local:1433
2026-06-24 08:07:28,4624,WKS-HQ-16,e.shalom,2,WKS-HQ-16,,,,
2026-06-24 08:13:36,4624,WKS-IT-01,a.mizrahi,2,WKS-IT-01,,,,
2026-06-24 08:13:37,4672,WKS-IT-01,a.mizrahi,2,,,,,
2026-06-24 08:17:40,4624,WKS-HQ-21,b.naim,2,WKS-HQ-21,,,,
2026-06-24 08:22:05,4769,SRV-DC-01,s.arbel,,WKS-PAY-11,cifs_svc,,,CIFS/srv-file-hq.northgate.local
2026-06-24 08:23:38,4624,WKS-HQ-20,k.oz,2,WKS-HQ-20,,,,
2026-06-24 08:26:12,4624,WKS-SEC-03,e.katz,2,WKS-SEC-03,,,,
2026-06-24 08:32:13,4769,SRV-DC-01,p.stein,,WKS-HQ-26,cifs_svc,,,CIFS/srv-file-hq.northgate.local
2026-06-24 08:33:19,4624,WKS-HQ-14,r.avni,2,WKS-HQ-14,,,,
2026-06-24 08:37:13,4624,SRV-FILE-HQ,p.stein,3,WKS-HQ-26,,,,
2026-06-24 08:37:15,5140,SRV-FILE-HQ,p.stein,3,WKS-HQ-26,,,,\\SRV-FILE-HQ\Branches
2026-06-24 08:37:40,4769,SRV-DC-01,i.golan,,WKS-HQ-22,cifs_svc,,,CIFS/srv-file-hq.northgate.local
2026-06-24 08:38:58,4624,WKS-IT-08,h.peretz,2,WKS-IT-08,,,,
2026-06-24 08:40:52,4624,WKS-HQ-07,o.raviv,2,WKS-HQ-07,,,,
2026-06-24 08:41:13,4624,SRV-POSMGT,p.stein,3,WKS-HQ-26,,,,
2026-06-24 08:41:15,5140,SRV-POSMGT,p.stein,3,WKS-HQ-26,,,,\\SRV-POSMGT\Branches
2026-06-24 08:42:58,4624,WKS-SEC-10,d.levi,2,WKS-SEC-10,,,,
2026-06-24 08:44:12,4624,WKS-HQ-06,g.shemesh,2,WKS-HQ-06,,,,
2026-06-24 08:44:49,4624,WKS-HQ-13,l.beit,2,WKS-HQ-13,,,,
2026-06-24 08:45:53,4624,WKS-HQ-05,y.oren,2,WKS-HQ-05,,,,
2026-06-24 08:46:38,4624,SRV-FILE-HQ,k.oz,3,WKS-HQ-20,,,,
2026-06-24 08:46:40,5140,SRV-FILE-HQ,k.oz,3,WKS-HQ-20,,,,\\SRV-FILE-HQ\Logistics
2026-06-24 08:47:45,4624,WKS-PAY-30,g.ben-ari,2,WKS-PAY-30,,,,
2026-06-24 08:48:24,4624,WKS-HQ-27,c.barak,2,WKS-HQ-27,,,,
2026-06-24 08:49:25,4624,WKS-HQ-18,m.tal,2,WKS-HQ-18,,,,
2026-06-24 08:52:09,4624,WKS-HQ-28,u.regev,2,WKS-HQ-28,,,,
2026-06-24 08:53:09,4624,WKS-IT-29,f.zohar,2,WKS-IT-29,,,,
2026-06-24 08:55:56,4624,SRV-FILE-HQ,r.stern,3,WKS-PAY-02,,,,
2026-06-24 08:55:58,5140,SRV-FILE-HQ,r.stern,3,WKS-PAY-02,,,,\\SRV-FILE-HQ\Payments
2026-06-24 08:58:30,4624,WKS-HQ-04,n.barzilai,2,WKS-HQ-04,,,,
2026-06-24 08:59:00,4624,WKS-HQ-17,a.dahan,2,WKS-HQ-17,,,,
2026-06-24 08:59:34,4624,WKS-PAY-12,t.hadar,2,WKS-PAY-12,,,,
2026-06-24 09:07:09,4624,SRV-FILE-HQ,u.regev,3,WKS-HQ-28,,,,
2026-06-24 09:07:11,5140,SRV-FILE-HQ,u.regev,3,WKS-HQ-28,,,,\\SRV-FILE-HQ\Marketing
2026-06-24 09:16:38,4769,SRV-DC-01,k.oz,,WKS-HQ-20,mssqlsvc_svc,,,MSSQLSvc/srv-cardproc.northgate.local:1433
2026-06-24 09:17:00,4624,SRV-FILE-HQ,a.dahan,3,WKS-HQ-17,,,,
2026-06-24 09:21:30,4769,SRV-DC-01,n.barzilai,,WKS-HQ-04,mssqlsvc_svc,,,MSSQLSvc/srv-cardproc.northgate.local:1433
2026-06-24 09:21:36,4769,SRV-DC-01,a.mizrahi,,WKS-IT-01,cifs_svc,,,CIFS/srv-file-hq.northgate.local
2026-06-24 09:22:00,4769,SRV-DC-01,v.harel,,WKS-HQ-24,cifs_svc,,,CIFS/srv-file-hq.northgate.local
2026-06-24 09:28:36,4624,SRV-DC-01,a.mizrahi,3,WKS-IT-01,,,,
2026-06-24 09:29:45,4624,SRV-FILE-HQ,g.ben-ari,3,WKS-PAY-30,,,,
2026-06-24 09:33:58,4624,SRV-DC-01,d.levi,3,WKS-SEC-10,,,,
2026-06-24 09:35:40,4624,SRV-FILE-HQ,i.golan,3,WKS-HQ-22,,,,
2026-06-24 09:37:34,4624,SRV-CARDPROC,t.hadar,3,WKS-PAY-12,,,,
2026-06-24 09:37:36,5140,SRV-CARDPROC,t.hadar,3,WKS-PAY-12,,,,\\SRV-CARDPROC\Payments
2026-06-24 09:38:49,4769,SRV-DC-01,l.beit,,WKS-HQ-13,cifs_svc,,,CIFS/srv-file-hq.northgate.local
2026-06-24 09:44:40,4624,SRV-FILE-HQ,b.naim,3,WKS-HQ-21,,,,
2026-06-24 09:44:42,5140,SRV-FILE-HQ,b.naim,3,WKS-HQ-21,,,,\\SRV-FILE-HQ\Logistics
2026-06-24 10:10:40,4769,SRV-DC-01,b.naim,,WKS-HQ-21,http_svc,,,HTTP/web-supplier.northgate.local
2026-06-24 10:33:38,4769,SRV-DC-01,k.oz,,WKS-HQ-20,cifs_svc,,,CIFS/srv-file-hq.northgate.local
2026-06-24 10:37:04,4624,SRV-FILE-HQ,z.amar,3,WKS-HQ-25,,,,
2026-06-24 10:44:49,4624,SRV-FILE-HQ,l.beit,3,WKS-HQ-13,,,,
2026-06-24 10:48:49,4769,SRV-DC-01,l.beit,,WKS-HQ-13,mssqlsvc_svc,,,MSSQLSvc/srv-posmgt.northgate.local:1433
2026-06-24 10:54:13,4624,SRV-POSMGT,p.stein,3,WKS-HQ-26,,,,
2026-06-24 11:03:04,4624,SRV-FILE-HQ,z.amar,3,WKS-HQ-25,,,,
2026-06-24 11:03:06,5140,SRV-FILE-HQ,z.amar,3,WKS-HQ-25,,,,\\SRV-FILE-HQ\Branches
2026-06-24 11:05:39,4769,SRV-DC-01,y.segev,,WKS-HQ-19,cifs_svc,,,CIFS/srv-file-hq.northgate.local
2026-06-24 11:08:09,4688,WKS-HQ-28,u.regev,,,,winword.exe,winword.exe /w,
2026-06-24 11:08:36,4769,SRV-DC-01,a.mizrahi,,WKS-IT-01,mssqlsvc_svc,,,MSSQLSvc/srv-posmgt.northgate.local:1433
2026-06-24 11:08:58,4769,SRV-DC-01,h.peretz,,WKS-IT-08,mssqlsvc_svc,,,MSSQLSvc/srv-posmgt.northgate.local:1433
2026-06-24 11:13:13,4769,SRV-DC-01,p.stein,,WKS-HQ-26,mssqlsvc_svc,,,MSSQLSvc/srv-posmgt.northgate.local:1433
2026-06-24 11:22:25,4624,SRV-FILE-HQ,m.tal,3,WKS-HQ-18,,,,
2026-06-24 11:26:40,4624,SRV-FILE-HQ,i.golan,3,WKS-HQ-22,,,,
2026-06-24 11:26:42,5140,SRV-FILE-HQ,i.golan,3,WKS-HQ-22,,,,\\SRV-FILE-HQ\Branches
2026-06-24 11:27:00,4624,SRV-FILE-HQ,a.dahan,3,WKS-HQ-17,,,,
2026-06-24 11:31:30,4624,SRV-FILE-HQ,n.barzilai,3,WKS-HQ-04,,,,
2026-06-24 11:39:04,4624,SRV-POSMGT,z.amar,3,WKS-HQ-25,,,,
2026-06-24 11:50:09,4769,SRV-DC-01,u.regev,,WKS-HQ-28,cifs_svc,,,CIFS/srv-file-hq.northgate.local
2026-06-24 12:01:00,4769,SRV-DC-01,v.harel,,WKS-HQ-24,mssqlsvc_svc,,,MSSQLSvc/srv-cardproc.northgate.local:1433
2026-06-24 12:02:12,4624,SRV-FILE-HQ,e.katz,3,WKS-SEC-03,,,,
2026-06-24 12:02:14,5140,SRV-FILE-HQ,e.katz,3,WKS-SEC-03,,,,\\SRV-FILE-HQ\IT
2026-06-24 12:08:40,4624,SRV-POSMGT,i.golan,3,WKS-HQ-22,,,,
2026-06-24 12:08:42,5140,SRV-POSMGT,i.golan,3,WKS-HQ-22,,,,\\SRV-POSMGT\Branches
2026-06-24 12:09:24,4624,SRV-FILE-HQ,c.barak,3,WKS-HQ-27,,,,
2026-06-24 12:13:04,4769,SRV-DC-01,z.amar,,WKS-HQ-25,cifs_svc,,,CIFS/srv-file-hq.northgate.local
2026-06-24 12:14:12,4624,SRV-DC-01,e.katz,3,WKS-SEC-03,,,,
2026-06-24 12:14:49,4624,SRV-FILE-HQ,l.beit,3,WKS-HQ-13,,,,
2026-06-24 12:14:51,5140,SRV-FILE-HQ,l.beit,3,WKS-HQ-13,,,,\\SRV-FILE-HQ\Vendors
2026-06-24 12:22:00,4624,SRV-POSMGT,v.harel,3,WKS-HQ-24,,,,
2026-06-24 12:36:58,4624,SRV-FILE-HQ,h.peretz,3,WKS-IT-08,,,,
2026-06-24 12:37:00,5140,SRV-FILE-HQ,h.peretz,3,WKS-IT-08,,,,\\SRV-FILE-HQ\IT
2026-06-24 12:42:58,4688,WKS-IT-08,h.peretz,,,,chrome.exe,chrome.exe --restore-last-session,
2026-06-24 12:43:40,4769,SRV-DC-01,b.naim,,WKS-HQ-21,http_svc,,,HTTP/web-supplier.northgate.local
2026-06-24 12:45:09,4769,SRV-DC-01,f.zohar,,WKS-IT-29,http_svc,,,HTTP/web-supplier.northgate.local
2026-06-24 12:50:00,4769,SRV-DC-01,v.harel,,WKS-HQ-24,http_svc,,,HTTP/web-supplier.northgate.local
2026-06-24 12:52:58,4688,WKS-SEC-10,d.levi,,,,outlook.exe,outlook.exe /recycle,
2026-06-24 12:59:24,4769,SRV-DC-01,c.barak,,WKS-HQ-27,cifs_svc,,,CIFS/srv-file-hq.northgate.local
2026-06-24 13:17:36,4769,SRV-DC-01,a.mizrahi,,WKS-IT-01,http_svc,,,HTTP/web-supplier.northgate.local
2026-06-24 13:26:24,4769,SRV-DC-01,c.barak,,WKS-HQ-27,mssqlsvc_svc,,,MSSQLSvc/srv-posmgt.northgate.local:1433
2026-06-24 13:41:25,4769,SRV-DC-01,m.tal,,WKS-HQ-18,http_svc,,,HTTP/web-supplier.northgate.local
2026-06-24 13:50:58,4624,SRV-DC-01,d.levi,3,WKS-SEC-10,,,,
2026-06-24 13:51:09,4769,SRV-DC-01,u.regev,,WKS-HQ-28,http_svc,,,HTTP/web-supplier.northgate.local
2026-06-24 13:51:58,4624,SRV-DC-01,h.peretz,3,WKS-IT-08,,,,
2026-06-24 13:58:58,4769,SRV-DC-01,d.levi,,WKS-SEC-10,mssqlsvc_svc,,,MSSQLSvc/srv-cardproc.northgate.local:1433
2026-06-24 14:00:25,4769,SRV-DC-01,m.tal,,WKS-HQ-18,mssqlsvc_svc,,,MSSQLSvc/srv-cardproc.northgate.local:1433
2026-06-24 14:08:05,4769,SRV-DC-01,s.arbel,,WKS-PAY-11,mssqlsvc_svc,,,MSSQLSvc/srv-cardproc.northgate.local:1433
2026-06-24 14:12:13,4769,SRV-DC-01,p.stein,,WKS-HQ-26,mssqlsvc_svc,,,MSSQLSvc/srv-posmgt.northgate.local:1433
2026-06-24 14:13:24,4624,SRV-FILE-HQ,c.barak,3,WKS-HQ-27,,,,
2026-06-24 14:15:39,4688,WKS-HQ-19,y.segev,,,,teams.exe,teams.exe --system-initiated,
2026-06-24 14:27:52,4624,SRV-FILE-HQ,o.raviv,3,WKS-HQ-07,,,,
2026-06-24 14:27:54,5140,SRV-FILE-HQ,o.raviv,3,WKS-HQ-07,,,,\\SRV-FILE-HQ\Finance
2026-06-24 14:33:58,4624,SRV-FILE-HQ,d.levi,3,WKS-SEC-10,,,,
2026-06-24 14:48:36,4624,SRV-DC-01,a.mizrahi,3,WKS-IT-01,,,,
2026-06-24 14:48:52,4624,SRV-FILE-HQ,o.raviv,3,WKS-HQ-07,,,,
2026-06-24 14:48:54,5140,SRV-FILE-HQ,o.raviv,3,WKS-HQ-07,,,,\\SRV-FILE-HQ\Finance
2026-06-24 15:11:09,4624,SRV-FILE-HQ,u.regev,3,WKS-HQ-28,,,,
2026-06-24 15:31:58,4769,SRV-DC-01,d.levi,,WKS-SEC-10,http_svc,,,HTTP/web-supplier.northgate.local
2026-06-24 15:32:53,4769,SRV-DC-01,y.oren,,WKS-HQ-05,http_svc,,,HTTP/web-supplier.northgate.local
2026-06-24 15:32:56,4624,SRV-CARDPROC,r.stern,3,WKS-PAY-02,,,,
2026-06-24 15:32:58,5140,SRV-CARDPROC,r.stern,3,WKS-PAY-02,,,,\\SRV-CARDPROC\Payments
2026-06-24 15:37:39,4624,SRV-FILE-HQ,y.segev,3,WKS-HQ-19,,,,
2026-06-24 15:43:34,4769,SRV-DC-01,t.hadar,,WKS-PAY-12,http_svc,,,HTTP/web-supplier.northgate.local
2026-06-24 15:50:00,4624,SRV-FILE-HQ,v.harel,3,WKS-HQ-24,,,,
2026-06-24 15:50:02,5140,SRV-FILE-HQ,v.harel,3,WKS-HQ-24,,,,\\SRV-FILE-HQ\Branches
2026-06-24 15:51:00,4769,SRV-DC-01,v.harel,,WKS-HQ-24,mssqlsvc_svc,,,MSSQLSvc/srv-posmgt.northgate.local:1433
2026-06-24 15:56:40,4624,SRV-FILE-HQ,b.naim,3,WKS-HQ-21,,,,
2026-06-24 15:57:09,4624,SRV-DC-01,f.zohar,3,WKS-IT-29,,,,
2026-06-24 16:03:30,4634,WKS-PAY-02,r.stern,2,,,,,
2026-06-24 16:07:05,4624,SRV-FILE-HQ,s.arbel,3,WKS-PAY-11,,,,
2026-06-24 16:09:45,4769,SRV-DC-01,g.ben-ari,,WKS-PAY-30,http_svc,,,HTTP/web-supplier.northgate.local
2026-06-24 16:15:40,4634,WKS-HQ-26,p.stein,2,,,,,
2026-06-24 16:25:44,4634,WKS-HQ-24,v.harel,2,,,,,
2026-06-24 16:30:32,4634,WKS-HQ-19,y.segev,2,,,,,
2026-06-24 16:35:43,4634,WKS-HQ-21,b.naim,2,,,,,
2026-06-24 16:37:30,4624,SRV-FILE-HQ,n.barzilai,3,WKS-HQ-04,,,,
2026-06-24 16:50:19,4624,SRV-FILE-HQ,r.avni,3,WKS-HQ-14,,,,
2026-06-24 16:50:21,5140,SRV-FILE-HQ,r.avni,3,WKS-HQ-14,,,,\\SRV-FILE-HQ\Procurement
2026-06-24 16:51:24,4624,SRV-FILE-HQ,c.barak,3,WKS-HQ-27,,,,
2026-06-24 16:59:15,4634,WKS-PAY-30,g.ben-ari,2,,,,,
2026-06-24 17:04:17,4634,WKS-HQ-18,m.tal,2,,,,,
2026-06-24 17:10:31,4634,WKS-PAY-11,s.arbel,2,,,,,
2026-06-24 17:15:00,4634,WKS-HQ-07,o.raviv,2,,,,,
2026-06-24 17:15:23,4634,WKS-HQ-27,c.barak,2,,,,,
2026-06-24 17:15:53,4634,WKS-HQ-28,u.regev,2,,,,,
2026-06-24 17:18:00,4634,WKS-HQ-14,r.avni,2,,,,,
2026-06-24 17:21:52,4634,WKS-SEC-10,d.levi,2,,,,,
2026-06-24 17:24:56,4634,WKS-HQ-25,z.amar,2,,,,,
2026-06-24 17:31:34,4624,SRV-FILE-HQ,t.hadar,3,WKS-PAY-12,,,,
2026-06-24 17:35:40,4634,WKS-HQ-22,i.golan,2,,,,,
2026-06-24 17:36:18,4634,WKS-HQ-04,n.barzilai,2,,,,,
2026-06-24 17:37:26,4634,WKS-IT-29,f.zohar,2,,,,,
2026-06-24 17:45:21,4634,WKS-PAY-12,t.hadar,2,,,,,
2026-06-24 17:46:07,4634,WKS-SEC-03,e.katz,2,,,,,
2026-06-24 17:56:22,4634,WKS-HQ-16,e.shalom,2,,,,,
2026-06-24 17:58:02,4634,WKS-HQ-13,l.beit,2,,,,,
2026-06-24 18:05:31,4634,WKS-IT-08,h.peretz,2,,,,,
2026-06-24 18:11:42,4634,WKS-IT-01,a.mizrahi,2,,,,,
2026-06-24 18:13:15,4634,WKS-HQ-20,k.oz,2,,,,,
2026-06-24 18:39:24,4634,WKS-HQ-05,y.oren,2,,,,,
2026-06-24 18:45:33,4634,WKS-HQ-17,a.dahan,2,,,,,
2026-06-24 18:57:58,4634,WKS-HQ-06,g.shemesh,2,,,,,
2026-06-25 07:01:13,4624,WKS-HQ-25,z.amar,2,WKS-HQ-25,,,,
2026-06-25 07:23:11,4624,WKS-HQ-26,p.stein,2,WKS-HQ-26,,,,
2026-06-25 07:45:38,4624,WKS-HQ-23,s.mor,2,WKS-HQ-23,,,,
2026-06-25 07:55:21,4624,WKS-HQ-22,i.golan,2,WKS-HQ-22,,,,
2026-06-25 08:01:37,4624,WKS-PAY-30,g.ben-ari,2,WKS-PAY-30,,,,
2026-06-25 08:04:11,4624,WKS-IT-01,a.mizrahi,2,WKS-IT-01,,,,
2026-06-25 08:04:12,4672,WKS-IT-01,a.mizrahi,2,,,,,
2026-06-25 08:07:09,4624,WKS-HQ-21,b.naim,2,WKS-HQ-21,,,,
2026-06-25 08:08:16,4625,WKS-HQ-24,v.harel,2,WKS-HQ-24,,,,
2026-06-25 08:12:08,4624,WKS-HQ-24,v.harel,2,WKS-HQ-24,,,,
2026-06-25 08:16:06,4624,WKS-SEC-03,e.katz,2,WKS-SEC-03,,,,
2026-06-25 08:19:02,4624,WKS-PAY-11,s.arbel,2,WKS-PAY-11,,,,
2026-06-25 08:20:24,4624,WKS-HQ-16,e.shalom,2,WKS-HQ-16,,,,
2026-06-25 08:21:16,4624,WKS-HQ-20,k.oz,2,WKS-HQ-20,,,,
2026-06-25 08:22:11,4769,SRV-DC-01,a.mizrahi,,WKS-IT-01,http_svc,,,HTTP/web-supplier.northgate.local
2026-06-25 08:23:02,4624,WKS-PAY-02,r.stern,2,WKS-PAY-02,,,,
2026-06-25 08:28:15,4624,WKS-IT-29,f.zohar,2,WKS-IT-29,,,,
2026-06-25 08:29:43,4624,WKS-IT-08,h.peretz,2,WKS-IT-08,,,,
2026-06-25 08:31:50,4624,WKS-HQ-19,y.segev,2,WKS-HQ-19,,,,
2026-06-25 08:35:22,4624,WKS-HQ-28,u.regev,2,WKS-HQ-28,,,,
2026-06-25 08:36:30,4624,WKS-HQ-13,l.beit,2,WKS-HQ-13,,,,
2026-06-25 08:39:44,4624,WKS-HQ-06,g.shemesh,2,WKS-HQ-06,,,,
2026-06-25 08:43:32,4624,WKS-SEC-10,d.levi,2,WKS-SEC-10,,,,
2026-06-25 08:43:47,4624,WKS-IT-09,m.saban,2,WKS-IT-09,,,,
2026-06-25 08:44:00,4624,WKS-HQ-27,c.barak,2,WKS-HQ-27,,,,
2026-06-25 08:48:02,4624,SRV-FILE-HQ,s.arbel,3,WKS-PAY-11,,,,
2026-06-25 08:49:11,4624,SRV-DC-01,a.mizrahi,3,WKS-IT-01,,,,
2026-06-25 08:49:13,5140,SRV-DC-01,a.mizrahi,3,WKS-IT-01,,,,\\SRV-DC-01\IT
2026-06-25 08:50:51,4624,WKS-PAY-12,t.hadar,2,WKS-PAY-12,,,,
2026-06-25 08:56:02,4769,SRV-DC-01,s.arbel,,WKS-PAY-11,mssqlsvc_svc,,,MSSQLSvc/srv-cardproc.northgate.local:1433
2026-06-25 08:56:18,4624,WKS-HQ-14,r.avni,2,WKS-HQ-14,,,,
2026-06-25 08:58:00,4624,WKS-HQ-18,m.tal,2,WKS-HQ-18,,,,
2026-06-25 09:00:08,4769,SRV-DC-01,v.harel,,WKS-HQ-24,mssqlsvc_svc,,,MSSQLSvc/srv-cardproc.northgate.local:1433
2026-06-25 09:00:21,4769,SRV-DC-01,i.golan,,WKS-HQ-22,cifs_svc,,,CIFS/srv-file-hq.northgate.local
2026-06-25 09:01:03,4624,WKS-HQ-17,a.dahan,2,WKS-HQ-17,,,,
2026-06-25 09:03:30,4769,SRV-DC-01,l.beit,,WKS-HQ-13,http_svc,,,HTTP/web-supplier.northgate.local
2026-06-25 09:08:03,4769,SRV-DC-01,a.dahan,,WKS-HQ-17,http_svc,,,HTTP/web-supplier.northgate.local
2026-06-25 09:13:18,4769,SRV-DC-01,r.avni,,WKS-HQ-14,cifs_svc,,,CIFS/srv-file-hq.northgate.local
2026-06-25 09:14:38,4624,SRV-POSMGT,s.mor,3,WKS-HQ-23,,,,
2026-06-25 09:17:58,4624,WKS-HQ-15,n.hazan,2,WKS-HQ-15,,,,
2026-06-25 09:19:09,4624,WKS-HQ-04,n.barzilai,2,WKS-HQ-04,,,,
2026-06-25 09:19:18,4624,SRV-FILE-HQ,r.avni,3,WKS-HQ-14,,,,
2026-06-25 09:19:20,5140,SRV-FILE-HQ,r.avni,3,WKS-HQ-14,,,,\\SRV-FILE-HQ\Vendors
2026-06-25 09:20:38,4769,SRV-DC-01,s.mor,,WKS-HQ-23,mssqlsvc_svc,,,MSSQLSvc/srv-cardproc.northgate.local:1433
2026-06-25 09:21:02,4769,SRV-DC-01,r.stern,,WKS-PAY-02,mssqlsvc_svc,,,MSSQLSvc/srv-cardproc.northgate.local:1433
2026-06-25 09:23:47,4688,WKS-IT-09,m.saban,,,,excel.exe,excel.exe /dde,
2026-06-25 09:30:03,4624,SRV-FILE-HQ,a.dahan,3,WKS-HQ-17,,,,
2026-06-25 09:36:47,4769,SRV-DC-01,m.saban,,WKS-IT-09,mssqlsvc_svc,,,MSSQLSvc/srv-cardproc.northgate.local:1433
2026-06-25 09:44:16,4688,WKS-HQ-20,k.oz,,,,outlook.exe,outlook.exe /recycle,
2026-06-25 09:58:50,4624,SRV-FILE-HQ,y.segev,3,WKS-HQ-19,,,,
2026-06-25 10:15:37,4769,SRV-DC-01,g.ben-ari,,WKS-PAY-30,mssqlsvc_svc,,,MSSQLSvc/srv-posmgt.northgate.local:1433
2026-06-25 10:24:00,4769,SRV-DC-01,m.tal,,WKS-HQ-18,mssqlsvc_svc,,,MSSQLSvc/srv-posmgt.northgate.local:1433
2026-06-25 10:26:11,4769,SRV-DC-01,p.stein,,WKS-HQ-26,http_svc,,,HTTP/web-supplier.northgate.local
2026-06-25 10:28:11,4624,SRV-POSMGT,p.stein,3,WKS-HQ-26,,,,
2026-06-25 10:30:00,4769,SRV-DC-01,m.tal,,WKS-HQ-18,cifs_svc,,,CIFS/srv-file-hq.northgate.local
2026-06-25 10:32:32,4624,SRV-DC-01,d.levi,3,WKS-SEC-10,,,,
2026-06-25 10:32:34,5140,SRV-DC-01,d.levi,3,WKS-SEC-10,,,,\\SRV-DC-01\IT
2026-06-25 10:42:44,4769,SRV-DC-01,g.shemesh,,WKS-HQ-06,mssqlsvc_svc,,,MSSQLSvc/srv-cardproc.northgate.local:1433
2026-06-25 10:45:11,4624,SRV-FILE-HQ,a.mizrahi,3,WKS-IT-01,,,,
2026-06-25 10:45:13,5140,SRV-FILE-HQ,a.mizrahi,3,WKS-IT-01,,,,\\SRV-FILE-HQ\IT
2026-06-25 10:47:11,4769,SRV-DC-01,a.mizrahi,,WKS-IT-01,mssqlsvc_svc,,,MSSQLSvc/srv-cardproc.northgate.local:1433
2026-06-25 10:50:58,4769,SRV-DC-01,n.hazan,,WKS-HQ-15,mssqlsvc_svc,,,MSSQLSvc/srv-cardproc.northgate.local:1433
2026-06-25 10:55:09,4624,SRV-FILE-HQ,n.barzilai,3,WKS-HQ-04,,,,
2026-06-25 10:55:11,5140,SRV-FILE-HQ,n.barzilai,3,WKS-HQ-04,,,,\\SRV-FILE-HQ\Finance
2026-06-25 11:09:43,4624,SRV-DC-01,h.peretz,3,WKS-IT-08,,,,
2026-06-25 11:13:22,4769,SRV-DC-01,u.regev,,WKS-HQ-28,mssqlsvc_svc,,,MSSQLSvc/srv-cardproc.northgate.local:1433
2026-06-25 11:23:30,4624,SRV-FILE-HQ,l.beit,3,WKS-HQ-13,,,,
2026-06-25 11:26:22,4624,SRV-FILE-HQ,u.regev,3,WKS-HQ-28,,,,
2026-06-25 11:54:02,4624,SRV-CARDPROC,r.stern,3,WKS-PAY-02,,,,
2026-06-25 12:09:08,4624,SRV-POSMGT,v.harel,3,WKS-HQ-24,,,,
2026-06-25 12:25:02,4688,WKS-PAY-11,s.arbel,,,,chrome.exe,chrome.exe --restore-last-session,
2026-06-25 12:25:58,4769,SRV-DC-01,n.hazan,,WKS-HQ-15,mssqlsvc_svc,,,MSSQLSvc/srv-cardproc.northgate.local:1433
2026-06-25 12:35:37,4624,SRV-FILE-HQ,g.ben-ari,3,WKS-PAY-30,,,,
2026-06-25 12:36:11,4624,SRV-FILE-HQ,p.stein,3,WKS-HQ-26,,,,
2026-06-25 12:43:03,4624,SRV-FILE-HQ,a.dahan,3,WKS-HQ-17,,,,
2026-06-25 12:44:32,4624,SRV-FILE-HQ,d.levi,3,WKS-SEC-10,,,,
2026-06-25 12:44:34,5140,SRV-FILE-HQ,d.levi,3,WKS-SEC-10,,,,\\SRV-FILE-HQ\IT
2026-06-25 12:51:51,4769,SRV-DC-01,t.hadar,,WKS-PAY-12,http_svc,,,HTTP/web-supplier.northgate.local
2026-06-25 12:54:51,4624,SRV-FILE-HQ,t.hadar,3,WKS-PAY-12,,,,
2026-06-25 12:58:58,4624,SRV-FILE-HQ,n.hazan,3,WKS-HQ-15,,,,
2026-06-25 12:59:00,5140,SRV-FILE-HQ,n.hazan,3,WKS-HQ-15,,,,\\SRV-FILE-HQ\Finance
2026-06-25 13:04:06,4769,SRV-DC-01,e.katz,,WKS-SEC-03,cifs_svc,,,CIFS/srv-file-hq.northgate.local
2026-06-25 13:06:06,4688,WKS-SEC-03,e.katz,,,,winword.exe,winword.exe /w,
2026-06-25 13:13:09,4624,SRV-FILE-HQ,n.barzilai,3,WKS-HQ-04,,,,
2026-06-25 13:28:43,4769,SRV-DC-01,h.peretz,,WKS-IT-08,mssqlsvc_svc,,,MSSQLSvc/srv-cardproc.northgate.local:1433
2026-06-25 13:34:47,4769,SRV-DC-01,m.saban,,WKS-IT-09,http_svc,,,HTTP/web-supplier.northgate.local
2026-06-25 13:39:11,4624,SRV-FILE-HQ,a.mizrahi,3,WKS-IT-01,,,,
2026-06-25 13:45:21,4624,SRV-FILE-HQ,i.golan,3,WKS-HQ-22,,,,
2026-06-25 13:46:02,4769,SRV-DC-01,r.stern,,WKS-PAY-02,cifs_svc,,,CIFS/srv-file-hq.northgate.local
2026-06-25 13:53:00,4769,SRV-DC-01,m.tal,,WKS-HQ-18,mssqlsvc_svc,,,MSSQLSvc/srv-posmgt.northgate.local:1433
2026-06-25 13:56:22,4769,SRV-DC-01,u.regev,,WKS-HQ-28,http_svc,,,HTTP/web-supplier.northgate.local
2026-06-25 13:56:51,4688,WKS-PAY-12,t.hadar,,,,winword.exe,winword.exe /w,
2026-06-25 14:03:58,4624,SRV-FILE-HQ,n.hazan,3,WKS-HQ-15,,,,
2026-06-25 14:09:00,4624,SRV-FILE-HQ,m.tal,3,WKS-HQ-18,,,,
2026-06-25 14:09:02,5140,SRV-FILE-HQ,m.tal,3,WKS-HQ-18,,,,\\SRV-FILE-HQ\HR
2026-06-25 14:11:09,4769,SRV-DC-01,b.naim,,WKS-HQ-21,mssqlsvc_svc,,,MSSQLSvc/srv-cardproc.northgate.local:1433
2026-06-25 14:11:32,4624,SRV-FILE-HQ,d.levi,3,WKS-SEC-10,,,,
2026-06-25 14:11:34,5140,SRV-FILE-HQ,d.levi,3,WKS-SEC-10,,,,\\SRV-FILE-HQ\IT
2026-06-25 14:12:32,4769,SRV-DC-01,d.levi,,WKS-SEC-10,http_svc,,,HTTP/web-supplier.northgate.local
2026-06-25 14:13:09,4624,SRV-FILE-HQ,b.naim,3,WKS-HQ-21,,,,
2026-06-25 14:15:50,4624,SRV-FILE-HQ,y.segev,3,WKS-HQ-19,,,,
2026-06-25 14:15:52,5140,SRV-FILE-HQ,y.segev,3,WKS-HQ-19,,,,\\SRV-FILE-HQ\Logistics
2026-06-25 14:18:11,4624,SRV-FILE-HQ,p.stein,3,WKS-HQ-26,,,,
2026-06-25 14:18:13,5140,SRV-FILE-HQ,p.stein,3,WKS-HQ-26,,,,\\SRV-FILE-HQ\Branches
2026-06-25 14:18:16,4624,SRV-FILE-HQ,k.oz,3,WKS-HQ-20,,,,
2026-06-25 14:18:18,5140,SRV-FILE-HQ,k.oz,3,WKS-HQ-20,,,,\\SRV-FILE-HQ\Logistics
2026-06-25 14:20:32,4769,SRV-DC-01,d.levi,,WKS-SEC-10,mssqlsvc_svc,,,MSSQLSvc/srv-cardproc.northgate.local:1433
2026-06-25 14:22:18,4769,SRV-DC-01,r.avni,,WKS-HQ-14,mssqlsvc_svc,,,MSSQLSvc/srv-posmgt.northgate.local:1433
2026-06-25 14:22:47,4624,SRV-DC-01,m.saban,3,WKS-IT-09,,,,
2026-06-25 14:26:13,4688,WKS-HQ-25,z.amar,,,,excel.exe,excel.exe /dde,
2026-06-25 14:28:51,4769,SRV-DC-01,t.hadar,,WKS-PAY-12,http_svc,,,HTTP/web-supplier.northgate.local
2026-06-25 14:32:43,4624,SRV-FILE-HQ,h.peretz,3,WKS-IT-08,,,,
2026-06-25 14:35:13,4624,SRV-POSMGT,z.amar,3,WKS-HQ-25,,,,
2026-06-25 14:42:30,4624,SRV-FILE-HQ,l.beit,3,WKS-HQ-13,,,,
2026-06-25 14:42:32,5140,SRV-FILE-HQ,l.beit,3,WKS-HQ-13,,,,\\SRV-FILE-HQ\Procurement
2026-06-25 14:43:38,4624,SRV-FILE-HQ,s.mor,3,WKS-HQ-23,,,,
2026-06-25 14:43:40,5140,SRV-FILE-HQ,s.mor,3,WKS-HQ-23,,,,\\SRV-FILE-HQ\Branches
2026-06-25 15:02:30,4624,SRV-FILE-HQ,l.beit,3,WKS-HQ-13,,,,
2026-06-25 15:02:51,4769,SRV-DC-01,t.hadar,,WKS-PAY-12,mssqlsvc_svc,,,MSSQLSvc/srv-cardproc.northgate.local:1433
2026-06-25 15:07:11,4769,SRV-DC-01,a.mizrahi,,WKS-IT-01,http_svc,,,HTTP/web-supplier.northgate.local
2026-06-25 15:08:30,4769,SRV-DC-01,l.beit,,WKS-HQ-13,http_svc,,,HTTP/web-supplier.northgate.local
2026-06-25 15:16:02,4769,SRV-DC-01,s.arbel,,WKS-PAY-11,http_svc,,,HTTP/web-supplier.northgate.local
2026-06-25 15:16:22,4688,WKS-HQ-28,u.regev,,,,outlook.exe,outlook.exe /recycle,
2026-06-25 15:25:44,4624,SRV-FILE-HQ,g.shemesh,3,WKS-HQ-06,,,,
2026-06-25 15:26:22,4769,SRV-DC-01,u.regev,,WKS-HQ-28,mssqlsvc_svc,,,MSSQLSvc/srv-posmgt.northgate.local:1433
2026-06-25 15:27:18,4688,WKS-HQ-14,r.avni,,,,excel.exe,excel.exe /dde,
2026-06-25 15:28:13,4624,SRV-FILE-HQ,z.amar,3,WKS-HQ-25,,,,
2026-06-25 15:28:15,5140,SRV-FILE-HQ,z.amar,3,WKS-HQ-25,,,,\\SRV-FILE-HQ\Branches
2026-06-25 15:31:44,4624,SRV-FILE-HQ,g.shemesh,3,WKS-HQ-06,,,,
2026-06-25 15:31:46,5140,SRV-FILE-HQ,g.shemesh,3,WKS-HQ-06,,,,\\SRV-FILE-HQ\Finance
2026-06-25 15:32:16,4624,SRV-FILE-HQ,k.oz,3,WKS-HQ-20,,,,
2026-06-25 15:32:18,5140,SRV-FILE-HQ,k.oz,3,WKS-HQ-20,,,,\\SRV-FILE-HQ\Logistics
2026-06-25 15:33:51,4624,SRV-CARDPROC,t.hadar,3,WKS-PAY-12,,,,
2026-06-25 15:54:15,4769,SRV-DC-01,f.zohar,,WKS-IT-29,mssqlsvc_svc,,,MSSQLSvc/srv-cardproc.northgate.local:1433
2026-06-25 15:55:18,4624,SRV-FILE-HQ,r.avni,3,WKS-HQ-14,,,,
2026-06-25 15:55:51,4624,SRV-FILE-HQ,t.hadar,3,WKS-PAY-12,,,,
2026-06-25 15:57:30,4769,SRV-DC-01,l.beit,,WKS-HQ-13,http_svc,,,HTTP/web-supplier.northgate.local
2026-06-25 16:02:09,4769,SRV-DC-01,b.naim,,WKS-HQ-21,http_svc,,,HTTP/web-supplier.northgate.local
2026-06-25 16:11:24,4624,SRV-FILE-HQ,e.shalom,3,WKS-HQ-16,,,,
2026-06-25 16:15:54,4634,WKS-IT-01,a.mizrahi,2,,,,,
2026-06-25 16:16:47,4769,SRV-DC-01,m.saban,,WKS-IT-09,http_svc,,,HTTP/web-supplier.northgate.local
2026-06-25 16:19:02,4624,SRV-CARDPROC,s.arbel,3,WKS-PAY-11,,,,
2026-06-25 16:19:04,5140,SRV-CARDPROC,s.arbel,3,WKS-PAY-11,,,,\\SRV-CARDPROC\Payments
2026-06-25 16:21:26,4634,WKS-HQ-25,z.amar,2,,,,,
2026-06-25 16:21:48,4634,WKS-PAY-30,g.ben-ari,2,,,,,
2026-06-25 16:24:50,4769,SRV-DC-01,y.segev,,WKS-HQ-19,http_svc,,,HTTP/web-supplier.northgate.local
2026-06-25 16:31:21,4624,SRV-POSMGT,i.golan,3,WKS-HQ-22,,,,
2026-06-25 16:40:51,4634,WKS-PAY-11,s.arbel,2,,,,,
2026-06-25 16:41:50,4624,SRV-FILE-HQ,y.segev,3,WKS-HQ-19,,,,
2026-06-25 16:41:52,5140,SRV-FILE-HQ,y.segev,3,WKS-HQ-19,,,,\\SRV-FILE-HQ\Logistics
2026-06-25 16:42:43,4624,SRV-FILE-HQ,h.peretz,3,WKS-IT-08,,,,
2026-06-25 16:45:34,4634,WKS-HQ-24,v.harel,2,,,,,
2026-06-25 16:47:54,4634,WKS-HQ-19,y.segev,2,,,,,
2026-06-25 16:48:06,4624,SRV-DC-01,e.katz,3,WKS-SEC-03,,,,
2026-06-25 16:49:16,4624,SRV-FILE-HQ,k.oz,3,WKS-HQ-20,,,,
2026-06-25 16:52:24,4634,WKS-HQ-22,i.golan,2,,,,,
2026-06-25 16:53:15,4624,SRV-FILE-HQ,f.zohar,3,WKS-IT-29,,,,
2026-06-25 16:55:00,4634,WKS-IT-08,h.peretz,2,,,,,
2026-06-25 16:59:46,4634,WKS-HQ-14,r.avni,2,,,,,
2026-06-25 17:00:55,4634,WKS-HQ-18,m.tal,2,,,,,
2026-06-25 17:02:54,4634,WKS-HQ-26,p.stein,2,,,,,
2026-06-25 17:04:00,4769,SRV-DC-01,c.barak,,WKS-HQ-27,mssqlsvc_svc,,,MSSQLSvc/srv-posmgt.northgate.local:1433
2026-06-25 17:05:47,4624,SRV-FILE-HQ,m.saban,3,WKS-IT-09,,,,
2026-06-25 17:05:49,5140,SRV-FILE-HQ,m.saban,3,WKS-IT-09,,,,\\SRV-FILE-HQ\IT
2026-06-25 17:06:10,4634,WKS-HQ-20,k.oz,2,,,,,
2026-06-25 17:06:59,4634,WKS-HQ-06,g.shemesh,2,,,,,
2026-06-25 17:09:22,4624,SRV-FILE-HQ,u.regev,3,WKS-HQ-28,,,,
2026-06-25 17:09:24,5140,SRV-FILE-HQ,u.regev,3,WKS-HQ-28,,,,\\SRV-FILE-HQ\Marketing
2026-06-25 17:11:52,4634,WKS-IT-09,m.saban,2,,,,,
2026-06-25 17:19:00,4624,SRV-FILE-HQ,c.barak,3,WKS-HQ-27,,,,
2026-06-25 17:19:02,5140,SRV-FILE-HQ,c.barak,3,WKS-HQ-27,,,,\\SRV-FILE-HQ\Marketing
2026-06-25 17:19:56,4634,WKS-HQ-13,l.beit,2,,,,,
2026-06-25 17:22:46,4634,WKS-SEC-03,e.katz,2,,,,,
2026-06-25 17:26:53,4634,WKS-PAY-12,t.hadar,2,,,,,
2026-06-25 17:33:52,4634,WKS-HQ-15,n.hazan,2,,,,,
2026-06-25 17:36:43,4634,WKS-HQ-21,b.naim,2,,,,,
2026-06-25 17:37:26,4634,WKS-IT-29,f.zohar,2,,,,,
2026-06-25 17:41:20,4634,WKS-HQ-04,n.barzilai,2,,,,,
2026-06-25 17:43:51,4634,WKS-PAY-02,r.stern,2,,,,,
2026-06-25 17:44:30,4634,WKS-SEC-10,d.levi,2,,,,,
2026-06-25 17:47:21,4634,WKS-HQ-16,e.shalom,2,,,,,
2026-06-25 17:52:52,4634,WKS-HQ-23,s.mor,2,,,,,
2026-06-25 18:20:36,4634,WKS-HQ-28,u.regev,2,,,,,
2026-06-25 18:55:38,4634,WKS-HQ-27,c.barak,2,,,,,
2026-06-25 19:13:09,4634,WKS-HQ-17,a.dahan,2,,,,,
2026-06-27 07:50:53,4624,WKS-HQ-24,v.harel,2,WKS-HQ-24,,,,
2026-06-27 08:38:40,4624,WKS-HQ-19,y.segev,2,WKS-HQ-19,,,,
2026-06-27 08:55:40,4769,SRV-DC-01,y.segev,,WKS-HQ-19,mssqlsvc_svc,,,MSSQLSvc/srv-posmgt.northgate.local:1433
2026-06-27 09:02:53,4624,SRV-FILE-HQ,v.harel,3,WKS-HQ-24,,,,
2026-06-27 09:19:37,4624,WKS-HQ-04,n.barzilai,2,WKS-HQ-04,,,,
2026-06-27 09:25:40,4769,SRV-DC-01,y.segev,,WKS-HQ-19,cifs_svc,,,CIFS/srv-file-hq.northgate.local
2026-06-27 11:11:40,4624,SRV-FILE-HQ,y.segev,3,WKS-HQ-19,,,,
2026-06-27 11:40:53,4688,WKS-HQ-24,v.harel,,,,excel.exe,excel.exe /dde,
2026-06-27 11:57:37,4769,SRV-DC-01,n.barzilai,,WKS-HQ-04,http_svc,,,HTTP/web-supplier.northgate.local
2026-06-27 12:33:53,4769,SRV-DC-01,v.harel,,WKS-HQ-24,cifs_svc,,,CIFS/srv-file-hq.northgate.local
2026-06-27 12:37:53,4624,SRV-FILE-HQ,v.harel,3,WKS-HQ-24,,,,
2026-06-27 13:21:37,4624,SRV-FILE-HQ,n.barzilai,3,WKS-HQ-04,,,,
2026-06-27 13:58:53,4769,SRV-DC-01,v.harel,,WKS-HQ-24,http_svc,,,HTTP/web-supplier.northgate.local
2026-06-27 14:00:40,4624,SRV-FILE-HQ,y.segev,3,WKS-HQ-19,,,,
2026-06-27 14:00:42,5140,SRV-FILE-HQ,y.segev,3,WKS-HQ-19,,,,\\SRV-FILE-HQ\Logistics
2026-06-27 14:47:37,4624,SRV-FILE-HQ,n.barzilai,3,WKS-HQ-04,,,,
2026-06-27 15:27:53,4769,SRV-DC-01,v.harel,,WKS-HQ-24,cifs_svc,,,CIFS/srv-file-hq.northgate.local
2026-06-27 15:32:53,4769,SRV-DC-01,v.harel,,WKS-HQ-24,cifs_svc,,,CIFS/srv-file-hq.northgate.local
2026-06-27 15:50:55,4634,WKS-HQ-24,v.harel,2,,,,,
2026-06-27 16:24:37,4769,SRV-DC-01,n.barzilai,,WKS-HQ-04,http_svc,,,HTTP/web-supplier.northgate.local
2026-06-27 16:29:53,4624,SRV-POSMGT,v.harel,3,WKS-HQ-24,,,,
2026-06-27 16:29:55,5140,SRV-POSMGT,v.harel,3,WKS-HQ-24,,,,\\SRV-POSMGT\Branches
2026-06-27 18:54:32,4634,WKS-HQ-19,y.segev,2,,,,,
2026-06-27 19:16:54,4634,WKS-HQ-04,n.barzilai,2,,,,,
2026-06-28 06:45:15,4624,WKS-HQ-25,z.amar,2,WKS-HQ-25,,,,
2026-06-28 07:26:20,4624,WKS-PAY-02,r.stern,2,WKS-PAY-02,,,,
2026-06-28 07:35:33,4624,WKS-HQ-22,i.golan,2,WKS-HQ-22,,,,
2026-06-28 07:43:59,4624,WKS-HQ-23,s.mor,2,WKS-HQ-23,,,,
2026-06-28 07:51:35,4624,WKS-HQ-24,v.harel,2,WKS-HQ-24,,,,
2026-06-28 07:56:51,4624,WKS-SEC-03,e.katz,2,WKS-SEC-03,,,,
2026-06-28 07:57:07,4624,WKS-HQ-20,k.oz,2,WKS-HQ-20,,,,
2026-06-28 07:59:35,4624,SRV-FILE-HQ,v.harel,3,WKS-HQ-24,,,,
2026-06-28 07:59:37,5140,SRV-FILE-HQ,v.harel,3,WKS-HQ-24,,,,\\SRV-FILE-HQ\Branches
2026-06-28 08:02:59,4624,SRV-FILE-HQ,s.mor,3,WKS-HQ-23,,,,
2026-06-28 08:03:01,5140,SRV-FILE-HQ,s.mor,3,WKS-HQ-23,,,,\\SRV-FILE-HQ\Branches
2026-06-28 08:10:15,4624,SRV-POSMGT,z.amar,3,WKS-HQ-25,,,,
2026-06-28 08:12:43,4624,WKS-PAY-11,s.arbel,2,WKS-PAY-11,,,,
2026-06-28 08:16:56,4624,WKS-PAY-30,g.ben-ari,2,WKS-PAY-30,,,,
2026-06-28 08:17:36,4624,WKS-HQ-19,y.segev,2,WKS-HQ-19,,,,
2026-06-28 08:21:56,4624,WKS-IT-09,m.saban,2,WKS-IT-09,,,,
2026-06-28 08:31:28,4624,WKS-HQ-26,p.stein,2,WKS-HQ-26,,,,
2026-06-28 08:32:50,4624,WKS-IT-08,h.peretz,2,WKS-IT-08,,,,
2026-06-28 08:33:36,4624,WKS-HQ-28,u.regev,2,WKS-HQ-28,,,,
2026-06-28 08:36:25,4624,WKS-SEC-10,d.levi,2,WKS-SEC-10,,,,
2026-06-28 08:43:09,4624,WKS-HQ-16,e.shalom,2,WKS-HQ-16,,,,
2026-06-28 08:43:35,4624,SRV-POSMGT,v.harel,3,WKS-HQ-24,,,,
2026-06-28 08:43:37,5140,SRV-POSMGT,v.harel,3,WKS-HQ-24,,,,\\SRV-POSMGT\Branches
2026-06-28 08:43:59,4624,WKS-HQ-05,y.oren,2,WKS-HQ-05,,,,
2026-06-28 08:44:48,4624,WKS-HQ-14,r.avni,2,WKS-HQ-14,,,,
2026-06-28 08:48:31,4624,WKS-HQ-15,n.hazan,2,WKS-HQ-15,,,,
2026-06-28 08:50:36,4769,SRV-DC-01,u.regev,,WKS-HQ-28,cifs_svc,,,CIFS/srv-file-hq.northgate.local
2026-06-28 08:51:56,4624,SRV-FILE-HQ,m.saban,3,WKS-IT-09,,,,
2026-06-28 08:53:32,4624,WKS-HQ-04,n.barzilai,2,WKS-HQ-04,,,,
2026-06-28 08:54:25,4624,SRV-FILE-HQ,d.levi,3,WKS-SEC-10,,,,
2026-06-28 08:54:54,4624,WKS-HQ-27,c.barak,2,WKS-HQ-27,,,,
2026-06-28 08:54:56,4624,SRV-FILE-HQ,g.ben-ari,3,WKS-PAY-30,,,,
2026-06-28 08:57:50,4624,WKS-HQ-13,l.beit,2,WKS-HQ-13,,,,
2026-06-28 09:02:33,4624,SRV-FILE-HQ,i.golan,3,WKS-HQ-22,,,,
2026-06-28 09:02:59,4624,SRV-FILE-HQ,y.oren,3,WKS-HQ-05,,,,
2026-06-28 09:03:42,4624,WKS-HQ-06,g.shemesh,2,WKS-HQ-06,,,,
2026-06-28 09:06:20,4688,WKS-PAY-02,r.stern,,,,chrome.exe,chrome.exe --restore-last-session,
2026-06-28 09:14:17,4624,WKS-HQ-18,m.tal,2,WKS-HQ-18,,,,
2026-06-28 09:15:48,4624,SRV-FILE-HQ,r.avni,3,WKS-HQ-14,,,,
2026-06-28 09:18:31,4624,SRV-FILE-HQ,n.hazan,3,WKS-HQ-15,,,,
2026-06-28 09:22:50,4624,WKS-HQ-07,o.raviv,2,WKS-HQ-07,,,,
2026-06-28 09:31:09,4624,SRV-FILE-HQ,e.shalom,3,WKS-HQ-16,,,,
2026-06-28 09:34:59,4624,SRV-POSMGT,s.mor,3,WKS-HQ-23,,,,
2026-06-28 09:39:09,4624,SRV-FILE-HQ,e.shalom,3,WKS-HQ-16,,,,
2026-06-28 09:41:59,4769,SRV-DC-01,y.oren,,WKS-HQ-05,http_svc,,,HTTP/web-supplier.northgate.local
2026-06-28 09:43:25,4769,SRV-DC-01,d.levi,,WKS-SEC-10,http_svc,,,HTTP/web-supplier.northgate.local
2026-06-28 09:47:50,4624,SRV-FILE-HQ,l.beit,3,WKS-HQ-13,,,,
2026-06-28 09:52:59,4769,SRV-DC-01,y.oren,,WKS-HQ-05,mssqlsvc_svc,,,MSSQLSvc/srv-posmgt.northgate.local:1433
2026-06-28 10:02:56,4624,SRV-DC-01,m.saban,3,WKS-IT-09,,,,
2026-06-28 10:05:36,4624,SRV-FILE-HQ,u.regev,3,WKS-HQ-28,,,,
2026-06-28 10:12:07,4624,SRV-FILE-HQ,k.oz,3,WKS-HQ-20,,,,
2026-06-28 10:12:09,5140,SRV-FILE-HQ,k.oz,3,WKS-HQ-20,,,,\\SRV-FILE-HQ\Logistics
2026-06-28 10:12:50,4624,SRV-FILE-HQ,l.beit,3,WKS-HQ-13,,,,
2026-06-28 10:21:25,4769,SRV-DC-01,d.levi,,WKS-SEC-10,http_svc,,,HTTP/web-supplier.northgate.local
2026-06-28 10:25:36,4624,SRV-FILE-HQ,u.regev,3,WKS-HQ-28,,,,
2026-06-28 10:25:38,5140,SRV-FILE-HQ,u.regev,3,WKS-HQ-28,,,,\\SRV-FILE-HQ\Marketing
2026-06-28 10:34:33,4769,SRV-DC-01,i.golan,,WKS-HQ-22,http_svc,,,HTTP/web-supplier.northgate.local
2026-06-28 10:37:20,4769,SRV-DC-01,r.stern,,WKS-PAY-02,mssqlsvc_svc,,,MSSQLSvc/srv-posmgt.northgate.local:1433
2026-06-28 10:44:50,4769,SRV-DC-01,h.peretz,,WKS-IT-08,mssqlsvc_svc,,,MSSQLSvc/srv-posmgt.northgate.local:1433
2026-06-28 10:48:51,4624,SRV-DC-01,e.katz,3,WKS-SEC-03,,,,
2026-06-28 10:49:36,4769,SRV-DC-01,y.segev,,WKS-HQ-19,cifs_svc,,,CIFS/srv-file-hq.northgate.local
2026-06-28 10:56:25,4624,SRV-FILE-HQ,d.levi,3,WKS-SEC-10,,,,
2026-06-28 11:05:33,4688,WKS-HQ-22,i.golan,,,,winword.exe,winword.exe /w,
2026-06-28 11:17:50,4769,SRV-DC-01,o.raviv,,WKS-HQ-07,http_svc,,,HTTP/web-supplier.northgate.local
2026-06-28 11:18:17,4624,SRV-FILE-HQ,m.tal,3,WKS-HQ-18,,,,
2026-06-28 11:18:19,5140,SRV-FILE-HQ,m.tal,3,WKS-HQ-18,,,,\\SRV-FILE-HQ\HR
2026-06-28 11:19:15,4624,SRV-FILE-HQ,z.amar,3,WKS-HQ-25,,,,
2026-06-28 11:28:32,4624,SRV-FILE-HQ,n.barzilai,3,WKS-HQ-04,,,,
2026-06-28 11:28:34,5140,SRV-FILE-HQ,n.barzilai,3,WKS-HQ-04,,,,\\SRV-FILE-HQ\Finance
2026-06-28 11:40:36,4769,SRV-DC-01,u.regev,,WKS-HQ-28,cifs_svc,,,CIFS/srv-file-hq.northgate.local
2026-06-28 11:40:50,4769,SRV-DC-01,l.beit,,WKS-HQ-13,http_svc,,,HTTP/web-supplier.northgate.local
2026-06-28 11:42:33,4624,SRV-FILE-HQ,i.golan,3,WKS-HQ-22,,,,
2026-06-28 11:45:07,4769,SRV-DC-01,k.oz,,WKS-HQ-20,mssqlsvc_svc,,,MSSQLSvc/srv-posmgt.northgate.local:1433
2026-06-28 11:50:51,4624,SRV-FILE-HQ,e.katz,3,WKS-SEC-03,,,,
2026-06-28 11:53:56,4769,SRV-DC-01,g.ben-ari,,WKS-PAY-30,http_svc,,,HTTP/web-supplier.northgate.local
2026-06-28 11:54:20,4624,SRV-CARDPROC,r.stern,3,WKS-PAY-02,,,,
2026-06-28 11:54:22,5140,SRV-CARDPROC,r.stern,3,WKS-PAY-02,,,,\\SRV-CARDPROC\Payments
2026-06-28 12:19:17,4769,SRV-DC-01,m.tal,,WKS-HQ-18,http_svc,,,HTTP/web-supplier.northgate.local
2026-06-28 12:23:07,4769,SRV-DC-01,k.oz,,WKS-HQ-20,mssqlsvc_svc,,,MSSQLSvc/srv-posmgt.northgate.local:1433
2026-06-28 12:41:25,4769,SRV-DC-01,d.levi,,WKS-SEC-10,http_svc,,,HTTP/web-supplier.northgate.local
2026-06-28 12:47:17,4624,SRV-FILE-HQ,m.tal,3,WKS-HQ-18,,,,
2026-06-28 12:48:32,4624,SRV-FILE-HQ,n.barzilai,3,WKS-HQ-04,,,,
2026-06-28 12:49:50,4624,SRV-FILE-HQ,h.peretz,3,WKS-IT-08,,,,
2026-06-28 12:49:52,5140,SRV-FILE-HQ,h.peretz,3,WKS-IT-08,,,,\\SRV-FILE-HQ\IT
2026-06-28 12:52:33,4769,SRV-DC-01,i.golan,,WKS-HQ-22,mssqlsvc_svc,,,MSSQLSvc/srv-posmgt.northgate.local:1433
2026-06-28 12:52:56,4769,SRV-DC-01,m.saban,,WKS-IT-09,http_svc,,,HTTP/web-supplier.northgate.local
2026-06-28 12:58:43,4624,SRV-CARDPROC,s.arbel,3,WKS-PAY-11,,,,
2026-06-28 12:58:45,5140,SRV-CARDPROC,s.arbel,3,WKS-PAY-11,,,,\\SRV-CARDPROC\Payments
2026-06-28 13:10:50,4624,SRV-FILE-HQ,h.peretz,3,WKS-IT-08,,,,
2026-06-28 13:10:52,5140,SRV-FILE-HQ,h.peretz,3,WKS-IT-08,,,,\\SRV-FILE-HQ\IT
2026-06-28 13:10:59,4769,SRV-DC-01,s.mor,,WKS-HQ-23,mssqlsvc_svc,,,MSSQLSvc/srv-posmgt.northgate.local:1433
2026-06-28 13:12:32,4624,SRV-FILE-HQ,n.barzilai,3,WKS-HQ-04,,,,
2026-06-28 13:18:32,4624,SRV-FILE-HQ,n.barzilai,3,WKS-HQ-04,,,,
2026-06-28 13:23:48,4624,SRV-FILE-HQ,r.avni,3,WKS-HQ-14,,,,
2026-06-28 13:28:59,4624,SRV-FILE-HQ,y.oren,3,WKS-HQ-05,,,,
2026-06-28 13:29:01,5140,SRV-FILE-HQ,y.oren,3,WKS-HQ-05,,,,\\SRV-FILE-HQ\Procurement
2026-06-28 13:30:07,4688,WKS-HQ-20,k.oz,,,,excel.exe,excel.exe /dde,
2026-06-28 13:37:50,4769,SRV-DC-01,h.peretz,,WKS-IT-08,http_svc,,,HTTP/web-supplier.northgate.local
2026-06-28 13:44:20,4769,SRV-DC-01,r.stern,,WKS-PAY-02,cifs_svc,,,CIFS/srv-file-hq.northgate.local
2026-06-28 13:45:36,4624,SRV-FILE-HQ,y.segev,3,WKS-HQ-19,,,,
2026-06-28 13:52:31,4624,SRV-FILE-HQ,n.hazan,3,WKS-HQ-15,,,,
2026-06-28 13:52:33,5140,SRV-FILE-HQ,n.hazan,3,WKS-HQ-15,,,,\\SRV-FILE-HQ\Finance
2026-06-28 13:59:48,4769,SRV-DC-01,r.avni,,WKS-HQ-14,mssqlsvc_svc,,,MSSQLSvc/srv-posmgt.northgate.local:1433
2026-06-28 14:04:48,4769,SRV-DC-01,r.avni,,WKS-HQ-14,mssqlsvc_svc,,,MSSQLSvc/srv-cardproc.northgate.local:1433
2026-06-28 14:13:28,4769,SRV-DC-01,p.stein,,WKS-HQ-26,cifs_svc,,,CIFS/srv-file-hq.northgate.local
2026-06-28 14:13:50,4769,SRV-DC-01,h.peretz,,WKS-IT-08,mssqlsvc_svc,,,MSSQLSvc/srv-posmgt.northgate.local:1433
2026-06-28 14:15:31,4769,SRV-DC-01,n.hazan,,WKS-HQ-15,mssqlsvc_svc,,,MSSQLSvc/srv-cardproc.northgate.local:1433
2026-06-28 14:15:56,4624,SRV-DC-01,m.saban,3,WKS-IT-09,,,,
2026-06-28 14:15:58,5140,SRV-DC-01,m.saban,3,WKS-IT-09,,,,\\SRV-DC-01\IT
2026-06-28 14:22:56,4769,SRV-DC-01,m.saban,,WKS-IT-09,http_svc,,,HTTP/web-supplier.northgate.local
2026-06-28 14:28:35,4769,SRV-DC-01,v.harel,,WKS-HQ-24,mssqlsvc_svc,,,MSSQLSvc/srv-posmgt.northgate.local:1433
2026-06-28 14:31:33,4769,SRV-DC-01,i.golan,,WKS-HQ-22,http_svc,,,HTTP/web-supplier.northgate.local
2026-06-28 14:38:56,4624,SRV-DC-01,m.saban,3,WKS-IT-09,,,,
2026-06-28 14:45:33,4624,SRV-POSMGT,i.golan,3,WKS-HQ-22,,,,
2026-06-28 14:45:35,5140,SRV-POSMGT,i.golan,3,WKS-HQ-22,,,,\\SRV-POSMGT\Branches
2026-06-28 14:46:28,4769,SRV-DC-01,p.stein,,WKS-HQ-26,cifs_svc,,,CIFS/srv-file-hq.northgate.local
2026-06-28 14:48:50,4769,SRV-DC-01,o.raviv,,WKS-HQ-07,mssqlsvc_svc,,,MSSQLSvc/srv-cardproc.northgate.local:1433
2026-06-28 14:55:25,4624,SRV-FILE-HQ,d.levi,3,WKS-SEC-10,,,,
2026-06-28 14:55:27,5140,SRV-FILE-HQ,d.levi,3,WKS-SEC-10,,,,\\SRV-FILE-HQ\IT
2026-06-28 15:01:43,4624,SRV-CARDPROC,s.arbel,3,WKS-PAY-11,,,,
2026-06-28 15:04:50,4624,SRV-FILE-HQ,h.peretz,3,WKS-IT-08,,,,
2026-06-28 15:06:36,4624,SRV-FILE-HQ,y.segev,3,WKS-HQ-19,,,,
2026-06-28 15:20:15,4624,SRV-POSMGT,z.amar,3,WKS-HQ-25,,,,
2026-06-28 15:20:17,5140,SRV-POSMGT,z.amar,3,WKS-HQ-25,,,,\\SRV-POSMGT\Branches
2026-06-28 15:30:31,4624,SRV-FILE-HQ,n.hazan,3,WKS-HQ-15,,,,
2026-06-28 15:38:28,4624,SRV-POSMGT,p.stein,3,WKS-HQ-26,,,,
2026-06-28 15:39:28,4624,SRV-FILE-HQ,p.stein,3,WKS-HQ-26,,,,
2026-06-28 15:44:54,4769,SRV-DC-01,c.barak,,WKS-HQ-27,mssqlsvc_svc,,,MSSQLSvc/srv-posmgt.northgate.local:1433
2026-06-28 15:46:17,4769,SRV-DC-01,m.tal,,WKS-HQ-18,mssqlsvc_svc,,,MSSQLSvc/srv-cardproc.northgate.local:1433
2026-06-28 15:53:50,4624,SRV-FILE-HQ,l.beit,3,WKS-HQ-13,,,,
2026-06-28 15:53:52,5140,SRV-FILE-HQ,l.beit,3,WKS-HQ-13,,,,\\SRV-FILE-HQ\Procurement
2026-06-28 16:00:36,4624,SRV-FILE-HQ,u.regev,3,WKS-HQ-28,,,,
2026-06-28 16:03:05,4634,WKS-SEC-03,e.katz,2,,,,,
2026-06-28 16:18:09,4688,WKS-HQ-16,e.shalom,,,,chrome.exe,chrome.exe --restore-last-session,
2026-06-28 16:28:32,4634,WKS-HQ-23,s.mor,2,,,,,
2026-06-28 16:36:35,4634,WKS-HQ-19,y.segev,2,,,,,
2026-06-28 16:48:09,4769,SRV-DC-01,e.shalom,,WKS-HQ-16,mssqlsvc_svc,,,MSSQLSvc/srv-cardproc.northgate.local:1433
2026-06-28 16:51:38,4634,WKS-IT-09,m.saban,2,,,,,
2026-06-28 16:52:50,4624,SRV-FILE-HQ,l.beit,3,WKS-HQ-13,,,,
2026-06-28 17:01:26,4634,WKS-HQ-05,y.oren,2,,,,,
2026-06-28 17:01:47,4634,WKS-SEC-10,d.levi,2,,,,,
2026-06-28 17:01:48,4624,SRV-FILE-HQ,r.avni,3,WKS-HQ-14,,,,
2026-06-28 17:05:50,4624,SRV-FILE-HQ,l.beit,3,WKS-HQ-13,,,,
2026-06-28 17:05:55,4634,WKS-HQ-25,z.amar,2,,,,,
2026-06-28 17:09:28,4634,WKS-PAY-02,r.stern,2,,,,,
2026-06-28 17:26:20,4634,WKS-HQ-15,n.hazan,2,,,,,
2026-06-28 17:26:39,4634,WKS-PAY-11,s.arbel,2,,,,,
2026-06-28 17:35:18,4634,WKS-PAY-30,g.ben-ari,2,,,,,
2026-06-28 17:44:51,4634,WKS-HQ-22,i.golan,2,,,,,
2026-06-28 17:50:17,4624,SRV-FILE-HQ,m.tal,3,WKS-HQ-18,,,,
2026-06-28 17:50:19,5140,SRV-FILE-HQ,m.tal,3,WKS-HQ-18,,,,\\SRV-FILE-HQ\HR
2026-06-28 17:53:55,4634,WKS-HQ-04,n.barzilai,2,,,,,
2026-06-28 17:54:22,4634,WKS-HQ-28,u.regev,2,,,,,
2026-06-28 17:55:16,4634,WKS-HQ-26,p.stein,2,,,,,
2026-06-28 17:56:59,4634,WKS-HQ-20,k.oz,2,,,,,
2026-06-28 18:04:26,4634,WKS-IT-08,h.peretz,2,,,,,
2026-06-28 18:08:00,4634,WKS-HQ-16,e.shalom,2,,,,,
2026-06-28 18:13:40,4634,WKS-HQ-24,v.harel,2,,,,,
2026-06-28 18:36:44,4634,WKS-HQ-13,l.beit,2,,,,,
2026-06-28 18:45:37,4634,WKS-HQ-14,r.avni,2,,,,,
2026-06-28 18:59:22,4634,WKS-HQ-27,c.barak,2,,,,,
2026-06-28 19:00:26,4634,WKS-HQ-07,o.raviv,2,,,,,
2026-06-28 19:16:56,4634,WKS-HQ-06,g.shemesh,2,,,,,
2026-06-28 19:19:53,4634,WKS-HQ-18,m.tal,2,,,,,
2026-06-29 07:12:28,4624,WKS-HQ-25,z.amar,2,WKS-HQ-25,,,,
2026-06-29 07:29:05,4624,WKS-HQ-22,i.golan,2,WKS-HQ-22,,,,
2026-06-29 07:29:43,4624,WKS-HQ-26,p.stein,2,WKS-HQ-26,,,,
2026-06-29 07:36:47,4625,WKS-HQ-23,s.mor,2,WKS-HQ-23,,,,
2026-06-29 07:38:28,4624,WKS-HQ-23,s.mor,2,WKS-HQ-23,,,,
2026-06-29 07:43:47,4624,WKS-HQ-16,e.shalom,2,WKS-HQ-16,,,,
2026-06-29 07:47:37,4624,WKS-PAY-02,r.stern,2,WKS-PAY-02,,,,
2026-06-29 08:00:13,4624,WKS-HQ-24,v.harel,2,WKS-HQ-24,,,,
2026-06-29 08:03:38,4624,WKS-SEC-03,e.katz,2,WKS-SEC-03,,,,
2026-06-29 08:03:42,4624,WKS-PAY-30,g.ben-ari,2,WKS-PAY-30,,,,
2026-06-29 08:06:14,4624,WKS-PAY-11,s.arbel,2,WKS-PAY-11,,,,
2026-06-29 08:07:17,4624,WKS-IT-01,a.mizrahi,2,WKS-IT-01,,,,
2026-06-29 08:07:18,4672,WKS-IT-01,a.mizrahi,2,,,,,
2026-06-29 08:08:47,4624,SRV-FILE-HQ,e.shalom,3,WKS-HQ-16,,,,
2026-06-29 08:08:49,5140,SRV-FILE-HQ,e.shalom,3,WKS-HQ-16,,,,\\SRV-FILE-HQ\Finance
2026-06-29 08:11:28,4769,SRV-DC-01,z.amar,,WKS-HQ-25,mssqlsvc_svc,,,MSSQLSvc/srv-cardproc.northgate.local:1433
2026-06-29 08:13:17,4624,WKS-HQ-14,r.avni,2,WKS-HQ-14,,,,
2026-06-29 08:15:17,4624,SRV-FILE-HQ,a.mizrahi,3,WKS-IT-01,,,,
2026-06-29 08:15:19,5140,SRV-FILE-HQ,a.mizrahi,3,WKS-IT-01,,,,\\SRV-FILE-HQ\IT
2026-06-29 08:24:05,4624,WKS-HQ-20,k.oz,2,WKS-HQ-20,,,,
2026-06-29 08:25:01,4624,WKS-IT-29,f.zohar,2,WKS-IT-29,,,,
2026-06-29 08:28:05,4769,SRV-DC-01,k.oz,,WKS-HQ-20,cifs_svc,,,CIFS/srv-file-hq.northgate.local
2026-06-29 08:30:28,4769,SRV-DC-01,z.amar,,WKS-HQ-25,http_svc,,,HTTP/web-supplier.northgate.local
2026-06-29 08:30:39,4624,WKS-HQ-19,y.segev,2,WKS-HQ-19,,,,
2026-06-29 08:37:37,4769,SRV-DC-01,r.stern,,WKS-PAY-02,mssqlsvc_svc,,,MSSQLSvc/srv-cardproc.northgate.local:1433
2026-06-29 08:38:01,4624,SRV-FILE-HQ,f.zohar,3,WKS-IT-29,,,,
2026-06-29 08:38:58,4624,WKS-HQ-05,y.oren,2,WKS-HQ-05,,,,
2026-06-29 08:39:26,4624,WKS-HQ-28,u.regev,2,WKS-HQ-28,,,,
2026-06-29 08:43:01,4688,WKS-IT-29,f.zohar,,,,outlook.exe,outlook.exe /recycle,
2026-06-29 08:43:18,4624,WKS-SEC-10,d.levi,2,WKS-SEC-10,,,,
2026-06-29 08:47:26,4624,WKS-HQ-13,l.beit,2,WKS-HQ-13,,,,
2026-06-29 08:52:12,4624,WKS-HQ-27,c.barak,2,WKS-HQ-27,,,,
2026-06-29 08:56:06,4624,WKS-IT-08,h.peretz,2,WKS-IT-08,,,,
2026-06-29 08:57:43,4769,SRV-DC-01,p.stein,,WKS-HQ-26,http_svc,,,HTTP/web-supplier.northgate.local
2026-06-29 08:58:18,4769,SRV-DC-01,d.levi,,WKS-SEC-10,mssqlsvc_svc,,,MSSQLSvc/srv-cardproc.northgate.local:1433
2026-06-29 08:58:24,4624,WKS-HQ-17,a.dahan,2,WKS-HQ-17,,,,
2026-06-29 09:00:01,4624,WKS-HQ-07,o.raviv,2,WKS-HQ-07,,,,
2026-06-29 09:00:51,4624,WKS-HQ-18,m.tal,2,WKS-HQ-18,,,,
2026-06-29 09:02:33,4624,WKS-PAY-12,t.hadar,2,WKS-PAY-12,,,,
2026-06-29 09:04:39,4624,SRV-FILE-HQ,y.segev,3,WKS-HQ-19,,,,
2026-06-29 09:07:17,4769,SRV-DC-01,a.mizrahi,,WKS-IT-01,cifs_svc,,,CIFS/srv-file-hq.northgate.local
2026-06-29 09:08:36,4624,WKS-HQ-06,g.shemesh,2,WKS-HQ-06,,,,
2026-06-29 09:12:07,4624,WKS-HQ-15,n.hazan,2,WKS-HQ-15,,,,
2026-06-29 09:14:26,4769,SRV-DC-01,u.regev,,WKS-HQ-28,mssqlsvc_svc,,,MSSQLSvc/srv-cardproc.northgate.local:1433
2026-06-29 09:16:42,4769,SRV-DC-01,g.ben-ari,,WKS-PAY-30,http_svc,,,HTTP/web-supplier.northgate.local
2026-06-29 09:22:37,4624,SRV-FILE-HQ,r.stern,3,WKS-PAY-02,,,,
2026-06-29 09:22:39,5140,SRV-FILE-HQ,r.stern,3,WKS-PAY-02,,,,\\SRV-FILE-HQ\Payments
2026-06-29 09:23:05,4769,SRV-DC-01,i.golan,,WKS-HQ-22,mssqlsvc_svc,,,MSSQLSvc/srv-posmgt.northgate.local:1433
2026-06-29 09:31:26,4624,SRV-FILE-HQ,u.regev,3,WKS-HQ-28,,,,
2026-06-29 09:34:26,4688,WKS-HQ-28,u.regev,,,,outlook.exe,outlook.exe /recycle,
2026-06-29 09:41:38,4624,WKS-HQ-04,n.barzilai,2,WKS-HQ-04,,,,
2026-06-29 09:46:26,4769,SRV-DC-01,u.regev,,WKS-HQ-28,mssqlsvc_svc,,,MSSQLSvc/srv-posmgt.northgate.local:1433
2026-06-29 09:48:06,4624,SRV-DC-01,h.peretz,3,WKS-IT-08,,,,
2026-06-29 09:48:08,5140,SRV-DC-01,h.peretz,3,WKS-IT-08,,,,\\SRV-DC-01\IT
2026-06-29 09:51:43,4769,SRV-DC-01,p.stein,,WKS-HQ-26,http_svc,,,HTTP/web-supplier.northgate.local
2026-06-29 09:57:12,4624,SRV-FILE-HQ,c.barak,3,WKS-HQ-27,,,,
2026-06-29 09:57:14,5140,SRV-FILE-HQ,c.barak,3,WKS-HQ-27,,,,\\SRV-FILE-HQ\Marketing
2026-06-29 10:01:26,4769,SRV-DC-01,l.beit,,WKS-HQ-13,cifs_svc,,,CIFS/srv-file-hq.northgate.local
2026-06-29 10:08:43,4624,SRV-FILE-HQ,p.stein,3,WKS-HQ-26,,,,
2026-06-29 10:28:13,4624,SRV-POSMGT,v.harel,3,WKS-HQ-24,,,,
2026-06-29 10:31:26,4769,SRV-DC-01,l.beit,,WKS-HQ-13,http_svc,,,HTTP/web-supplier.northgate.local
2026-06-29 10:38:28,4624,SRV-FILE-HQ,z.amar,3,WKS-HQ-25,,,,
2026-06-29 10:38:30,5140,SRV-FILE-HQ,z.amar,3,WKS-HQ-25,,,,\\SRV-FILE-HQ\Branches
2026-06-29 10:46:17,4624,SRV-DC-01,a.mizrahi,3,WKS-IT-01,,,,
2026-06-29 10:48:38,4769,SRV-DC-01,e.katz,,WKS-SEC-03,http_svc,,,HTTP/web-supplier.northgate.local
2026-06-29 10:50:26,4624,SRV-FILE-HQ,u.regev,3,WKS-HQ-28,,,,
2026-06-29 10:51:47,4769,SRV-DC-01,e.shalom,,WKS-HQ-16,mssqlsvc_svc,,,MSSQLSvc/srv-cardproc.northgate.local:1433
2026-06-29 10:54:42,4624,SRV-CARDPROC,g.ben-ari,3,WKS-PAY-30,,,,
2026-06-29 10:58:17,4624,SRV-FILE-HQ,r.avni,3,WKS-HQ-14,,,,
2026-06-29 10:58:19,5140,SRV-FILE-HQ,r.avni,3,WKS-HQ-14,,,,\\SRV-FILE-HQ\Procurement
2026-06-29 11:02:42,4769,SRV-DC-01,g.ben-ari,,WKS-PAY-30,cifs_svc,,,CIFS/srv-file-hq.northgate.local
2026-06-29 11:04:33,4769,SRV-DC-01,t.hadar,,WKS-PAY-12,cifs_svc,,,CIFS/srv-file-hq.northgate.local
2026-06-29 11:12:05,4624,SRV-FILE-HQ,i.golan,3,WKS-HQ-22,,,,
2026-06-29 11:14:43,4624,SRV-FILE-HQ,p.stein,3,WKS-HQ-26,,,,
2026-06-29 11:21:07,4624,SRV-FILE-HQ,n.hazan,3,WKS-HQ-15,,,,
2026-06-29 11:30:28,4624,SRV-FILE-HQ,z.amar,3,WKS-HQ-25,,,,
2026-06-29 11:32:42,4624,SRV-FILE-HQ,g.ben-ari,3,WKS-PAY-30,,,,
2026-06-29 11:32:44,5140,SRV-FILE-HQ,g.ben-ari,3,WKS-PAY-30,,,,\\SRV-FILE-HQ\Payments
2026-06-29 11:42:18,4624,SRV-DC-01,d.levi,3,WKS-SEC-10,,,,
2026-06-29 11:42:20,5140,SRV-DC-01,d.levi,3,WKS-SEC-10,,,,\\SRV-DC-01\IT
2026-06-29 11:44:07,4688,WKS-HQ-15,n.hazan,,,,chrome.exe,chrome.exe --restore-last-session,
2026-06-29 11:50:39,4624,SRV-FILE-HQ,y.segev,3,WKS-HQ-19,,,,
2026-06-29 11:52:37,4624,SRV-FILE-HQ,r.stern,3,WKS-PAY-02,,,,
2026-06-29 11:57:18,4624,SRV-DC-01,d.levi,3,WKS-SEC-10,,,,
2026-06-29 11:58:13,4769,SRV-DC-01,v.harel,,WKS-HQ-24,cifs_svc,,,CIFS/srv-file-hq.northgate.local
2026-06-29 12:14:38,4624,SRV-FILE-HQ,n.barzilai,3,WKS-HQ-04,,,,
2026-06-29 12:30:07,4624,SRV-FILE-HQ,n.hazan,3,WKS-HQ-15,,,,
2026-06-29 12:39:58,4769,SRV-DC-01,y.oren,,WKS-HQ-05,http_svc,,,HTTP/web-supplier.northgate.local
2026-06-29 12:44:39,4769,SRV-DC-01,y.segev,,WKS-HQ-19,http_svc,,,HTTP/web-supplier.northgate.local
2026-06-29 12:48:07,4769,SRV-DC-01,n.hazan,,WKS-HQ-15,mssqlsvc_svc,,,MSSQLSvc/srv-posmgt.northgate.local:1433
2026-06-29 13:09:17,4624,SRV-FILE-HQ,a.mizrahi,3,WKS-IT-01,,,,
2026-06-29 13:09:19,5140,SRV-FILE-HQ,a.mizrahi,3,WKS-IT-01,,,,\\SRV-FILE-HQ\IT
2026-06-29 13:12:26,4624,SRV-FILE-HQ,l.beit,3,WKS-HQ-13,,,,
2026-06-29 13:14:33,4624,SRV-FILE-HQ,t.hadar,3,WKS-PAY-12,,,,
2026-06-29 13:31:39,4624,SRV-FILE-HQ,y.segev,3,WKS-HQ-19,,,,
2026-06-29 13:34:26,4769,SRV-DC-01,u.regev,,WKS-HQ-28,cifs_svc,,,CIFS/srv-file-hq.northgate.local
2026-06-29 13:36:58,4624,SRV-FILE-HQ,y.oren,3,WKS-HQ-05,,,,
2026-06-29 13:37:00,5140,SRV-FILE-HQ,y.oren,3,WKS-HQ-05,,,,\\SRV-FILE-HQ\Procurement
2026-06-29 13:49:26,4624,SRV-FILE-HQ,l.beit,3,WKS-HQ-13,,,,
2026-06-29 13:50:13,4624,SRV-FILE-HQ,v.harel,3,WKS-HQ-24,,,,
2026-06-29 13:54:18,4624,SRV-FILE-HQ,d.levi,3,WKS-SEC-10,,,,
2026-06-29 13:54:20,5140,SRV-FILE-HQ,d.levi,3,WKS-SEC-10,,,,\\SRV-FILE-HQ\IT
2026-06-29 13:56:38,4624,SRV-FILE-HQ,e.katz,3,WKS-SEC-03,,,,
2026-06-29 14:13:33,4769,SRV-DC-01,t.hadar,,WKS-PAY-12,cifs_svc,,,CIFS/srv-file-hq.northgate.local
2026-06-29 14:19:33,4624,SRV-CARDPROC,t.hadar,3,WKS-PAY-12,,,,
2026-06-29 14:21:13,4688,WKS-HQ-24,v.harel,,,,outlook.exe,outlook.exe /recycle,
2026-06-29 14:23:14,4624,SRV-FILE-HQ,s.arbel,3,WKS-PAY-11,,,,
2026-06-29 14:25:33,4624,SRV-FILE-HQ,t.hadar,3,WKS-PAY-12,,,,
2026-06-29 14:25:51,4769,SRV-DC-01,m.tal,,WKS-HQ-18,mssqlsvc_svc,,,MSSQLSvc/srv-cardproc.northgate.local:1433
2026-06-29 14:31:43,4769,SRV-DC-01,p.stein,,WKS-HQ-26,cifs_svc,,,CIFS/srv-file-hq.northgate.local
2026-06-29 14:34:13,4624,SRV-FILE-HQ,v.harel,3,WKS-HQ-24,,,,
2026-06-29 14:46:28,4769,SRV-DC-01,z.amar,,WKS-HQ-25,cifs_svc,,,CIFS/srv-file-hq.northgate.local
2026-06-29 14:47:06,4769,SRV-DC-01,h.peretz,,WKS-IT-08,http_svc,,,HTTP/web-supplier.northgate.local
2026-06-29 14:59:26,4624,SRV-FILE-HQ,l.beit,3,WKS-HQ-13,,,,
2026-06-29 15:03:05,4769,SRV-DC-01,k.oz,,WKS-HQ-20,cifs_svc,,,CIFS/srv-file-hq.northgate.local
2026-06-29 15:12:17,4688,WKS-HQ-14,r.avni,,,,chrome.exe,chrome.exe --restore-last-session,
2026-06-29 15:12:38,4769,SRV-DC-01,e.katz,,WKS-SEC-03,mssqlsvc_svc,,,MSSQLSvc/srv-posmgt.northgate.local:1433
2026-06-29 15:13:37,4688,WKS-PAY-02,r.stern,,,,winword.exe,winword.exe /w,
2026-06-29 15:19:26,4624,SRV-FILE-HQ,l.beit,3,WKS-HQ-13,,,,
2026-06-29 15:26:05,4769,SRV-DC-01,i.golan,,WKS-HQ-22,cifs_svc,,,CIFS/srv-file-hq.northgate.local
2026-06-29 15:34:36,4624,SRV-FILE-HQ,g.shemesh,3,WKS-HQ-06,,,,
2026-06-29 15:48:43,4624,SRV-POSMGT,p.stein,3,WKS-HQ-26,,,,
2026-06-29 15:48:45,5140,SRV-POSMGT,p.stein,3,WKS-HQ-26,,,,\\SRV-POSMGT\Branches
2026-06-29 15:50:21,4634,WKS-HQ-25,z.amar,2,,,,,
2026-06-29 15:50:37,4634,WKS-HQ-22,i.golan,2,,,,,
2026-06-29 15:51:37,4624,SRV-FILE-HQ,r.stern,3,WKS-PAY-02,,,,
2026-06-29 15:55:06,4624,SRV-FILE-HQ,h.peretz,3,WKS-IT-08,,,,
2026-06-29 16:00:17,4634,WKS-HQ-16,e.shalom,2,,,,,
2026-06-29 16:03:38,4624,SRV-FILE-HQ,e.katz,3,WKS-SEC-03,,,,
2026-06-29 16:03:40,5140,SRV-FILE-HQ,e.katz,3,WKS-SEC-03,,,,\\SRV-FILE-HQ\IT
2026-06-29 16:04:24,4769,SRV-DC-01,a.dahan,,WKS-HQ-17,mssqlsvc_svc,,,MSSQLSvc/srv-cardproc.northgate.local:1433
2026-06-29 16:05:05,4624,SRV-FILE-HQ,i.golan,3,WKS-HQ-22,,,,
2026-06-29 16:11:14,4624,SRV-FILE-HQ,s.arbel,3,WKS-PAY-11,,,,
2026-06-29 16:19:19,4634,WKS-HQ-23,s.mor,2,,,,,
2026-06-29 16:20:39,4634,WKS-HQ-24,v.harel,2,,,,,
2026-06-29 16:37:55,4634,WKS-IT-29,f.zohar,2,,,,,
2026-06-29 16:39:19,4634,WKS-HQ-14,r.avni,2,,,,,
2026-06-29 16:43:01,4624,SRV-DC-01,f.zohar,3,WKS-IT-29,,,,
2026-06-29 16:43:03,5140,SRV-DC-01,f.zohar,3,WKS-IT-29,,,,\\SRV-DC-01\IT
2026-06-29 16:44:12,4624,SRV-FILE-HQ,c.barak,3,WKS-HQ-27,,,,
2026-06-29 16:44:14,5140,SRV-FILE-HQ,c.barak,3,WKS-HQ-27,,,,\\SRV-FILE-HQ\Marketing
2026-06-29 16:47:24,4624,SRV-FILE-HQ,a.dahan,3,WKS-HQ-17,,,,
2026-06-29 16:48:58,4769,SRV-DC-01,y.oren,,WKS-HQ-05,mssqlsvc_svc,,,MSSQLSvc/srv-posmgt.northgate.local:1433
2026-06-29 16:52:58,4634,WKS-PAY-02,r.stern,2,,,,,
2026-06-29 16:53:01,4624,SRV-FILE-HQ,o.raviv,3,WKS-HQ-07,,,,
2026-06-29 16:53:03,5140,SRV-FILE-HQ,o.raviv,3,WKS-HQ-07,,,,\\SRV-FILE-HQ\Finance
2026-06-29 16:55:26,4634,WKS-HQ-27,c.barak,2,,,,,
2026-06-29 16:58:37,4634,WKS-IT-01,a.mizrahi,2,,,,,
2026-06-29 16:59:07,4624,SRV-FILE-HQ,n.hazan,3,WKS-HQ-15,,,,
2026-06-29 17:02:26,4624,SRV-FILE-HQ,u.regev,3,WKS-HQ-28,,,,
2026-06-29 17:02:43,4634,WKS-HQ-07,o.raviv,2,,,,,
2026-06-29 17:05:05,4634,WKS-PAY-12,t.hadar,2,,,,,
2026-06-29 17:09:38,4624,SRV-FILE-HQ,n.barzilai,3,WKS-HQ-04,,,,
2026-06-29 17:12:37,4634,WKS-HQ-05,y.oren,2,,,,,
2026-06-29 17:18:01,4769,SRV-DC-01,o.raviv,,WKS-HQ-07,http_svc,,,HTTP/web-supplier.northgate.local
2026-06-29 17:18:54,4634,WKS-SEC-03,e.katz,2,,,,,
2026-06-29 17:27:01,4624,SRV-FILE-HQ,o.raviv,3,WKS-HQ-07,,,,
2026-06-29 17:32:30,4634,WKS-HQ-19,y.segev,2,,,,,
2026-06-29 17:34:39,4634,WKS-HQ-13,l.beit,2,,,,,
2026-06-29 17:35:48,4634,WKS-HQ-17,a.dahan,2,,,,,
2026-06-29 17:40:36,4634,WKS-HQ-26,p.stein,2,,,,,
2026-06-29 17:44:26,4634,WKS-HQ-28,u.regev,2,,,,,
2026-06-29 17:47:42,4634,WKS-PAY-11,s.arbel,2,,,,,
2026-06-29 17:54:03,4634,WKS-IT-08,h.peretz,2,,,,,
2026-06-29 17:56:48,4634,WKS-HQ-04,n.barzilai,2,,,,,
2026-06-29 18:10:32,4634,WKS-PAY-30,g.ben-ari,2,,,,,
2026-06-29 18:16:11,4634,WKS-HQ-06,g.shemesh,2,,,,,
2026-06-29 18:29:47,4634,WKS-HQ-15,n.hazan,2,,,,,
2026-06-29 18:35:17,4634,WKS-HQ-20,k.oz,2,,,,,
2026-06-29 18:36:28,4634,WKS-SEC-10,d.levi,2,,,,,
2026-06-29 18:47:38,4634,WKS-HQ-18,m.tal,2,,,,,
2026-06-30 06:52:13,4624,WKS-HQ-25,z.amar,2,WKS-HQ-25,,,,
2026-06-30 06:59:13,4624,SRV-FILE-HQ,z.amar,3,WKS-HQ-25,,,,
2026-06-30 06:59:15,5140,SRV-FILE-HQ,z.amar,3,WKS-HQ-25,,,,\\SRV-FILE-HQ\Branches
2026-06-30 07:18:59,4624,WKS-HQ-23,s.mor,2,WKS-HQ-23,,,,
2026-06-30 07:37:54,4624,WKS-HQ-26,p.stein,2,WKS-HQ-26,,,,
2026-06-30 07:56:29,4624,WKS-HQ-22,i.golan,2,WKS-HQ-22,,,,
2026-06-30 08:00:29,4624,WKS-HQ-24,v.harel,2,WKS-HQ-24,,,,
2026-06-30 08:10:10,4624,WKS-PAY-11,s.arbel,2,WKS-PAY-11,,,,
2026-06-30 08:14:39,4624,WKS-PAY-02,r.stern,2,WKS-PAY-02,,,,
2026-06-30 08:21:09,4624,WKS-HQ-20,k.oz,2,WKS-HQ-20,,,,
2026-06-30 08:22:10,4769,SRV-DC-01,s.arbel,,WKS-PAY-11,mssqlsvc_svc,,,MSSQLSvc/srv-cardproc.northgate.local:1433
2026-06-30 08:23:52,4624,WKS-HQ-19,y.segev,2,WKS-HQ-19,,,,
2026-06-30 08:24:14,4624,WKS-SEC-03,e.katz,2,WKS-SEC-03,,,,
2026-06-30 08:24:39,4624,WKS-HQ-16,e.shalom,2,WKS-HQ-16,,,,
2026-06-30 08:24:49,4624,WKS-HQ-05,y.oren,2,WKS-HQ-05,,,,
2026-06-30 08:32:45,4624,WKS-HQ-04,n.barzilai,2,WKS-HQ-04,,,,
2026-06-30 08:33:22,4624,WKS-HQ-13,l.beit,2,WKS-HQ-13,,,,
2026-06-30 08:37:57,4624,WKS-HQ-21,b.naim,2,WKS-HQ-21,,,,
2026-06-30 08:40:08,4624,WKS-HQ-28,u.regev,2,WKS-HQ-28,,,,
2026-06-30 08:40:52,4624,SRV-FILE-HQ,y.segev,3,WKS-HQ-19,,,,
2026-06-30 08:45:47,4624,WKS-IT-08,h.peretz,2,WKS-IT-08,,,,
2026-06-30 08:47:04,4624,WKS-PAY-12,t.hadar,2,WKS-PAY-12,,,,
2026-06-30 08:51:39,4624,WKS-IT-01,a.mizrahi,2,WKS-IT-01,,,,
2026-06-30 08:51:40,4672,WKS-IT-01,a.mizrahi,2,,,,,
2026-06-30 08:55:52,4624,SRV-FILE-HQ,y.segev,3,WKS-HQ-19,,,,
2026-06-30 08:58:36,4624,WKS-IT-29,f.zohar,2,WKS-IT-29,,,,
2026-06-30 09:00:25,4624,WKS-HQ-18,m.tal,2,WKS-HQ-18,,,,
2026-06-30 09:02:08,4769,SRV-DC-01,u.regev,,WKS-HQ-28,mssqlsvc_svc,,,MSSQLSvc/srv-posmgt.northgate.local:1433
2026-06-30 09:03:54,4624,WKS-HQ-17,a.dahan,2,WKS-HQ-17,,,,
2026-06-30 09:08:05,4624,WKS-HQ-15,n.hazan,2,WKS-HQ-15,,,,
2026-06-30 09:08:23,4624,WKS-HQ-07,o.raviv,2,WKS-HQ-07,,,,
2026-06-30 09:17:08,4624,WKS-HQ-14,r.avni,2,WKS-HQ-14,,,,
2026-06-30 09:18:45,4769,SRV-DC-01,n.barzilai,,WKS-HQ-04,mssqlsvc_svc,,,MSSQLSvc/srv-cardproc.northgate.local:1433
2026-06-30 09:21:05,4769,SRV-DC-01,n.hazan,,WKS-HQ-15,cifs_svc,,,CIFS/srv-file-hq.northgate.local
2026-06-30 09:21:41,4624,WKS-HQ-06,g.shemesh,2,WKS-HQ-06,,,,
2026-06-30 09:25:10,4624,WKS-HQ-27,c.barak,2,WKS-HQ-27,,,,
2026-06-30 09:29:08,4624,SRV-FILE-HQ,r.avni,3,WKS-HQ-14,,,,
2026-06-30 09:38:47,4624,SRV-DC-01,h.peretz,3,WKS-IT-08,,,,
2026-06-30 09:40:14,4624,SRV-FILE-HQ,e.katz,3,WKS-SEC-03,,,,
2026-06-30 09:42:47,4624,SRV-DC-01,h.peretz,3,WKS-IT-08,,,,
2026-06-30 09:42:49,5140,SRV-DC-01,h.peretz,3,WKS-IT-08,,,,\\SRV-DC-01\IT
2026-06-30 09:46:45,4624,SRV-FILE-HQ,n.barzilai,3,WKS-HQ-04,,,,
2026-06-30 09:55:54,4624,SRV-FILE-HQ,a.dahan,3,WKS-HQ-17,,,,
2026-06-30 09:56:29,4624,SRV-FILE-HQ,v.harel,3,WKS-HQ-24,,,,
2026-06-30 10:00:10,4624,SRV-CARDPROC,s.arbel,3,WKS-PAY-11,,,,
2026-06-30 10:06:09,4769,SRV-DC-01,k.oz,,WKS-HQ-20,http_svc,,,HTTP/web-supplier.northgate.local
2026-06-30 10:09:05,4624,SRV-FILE-HQ,n.hazan,3,WKS-HQ-15,,,,
2026-06-30 10:11:05,4769,SRV-DC-01,n.hazan,,WKS-HQ-15,mssqlsvc_svc,,,MSSQLSvc/srv-cardproc.northgate.local:1433
2026-06-30 10:12:29,4624,SRV-POSMGT,v.harel,3,WKS-HQ-24,,,,
2026-06-30 10:18:10,4624,SRV-CARDPROC,s.arbel,3,WKS-PAY-11,,,,
2026-06-30 10:47:54,4769,SRV-DC-01,p.stein,,WKS-HQ-26,http_svc,,,HTTP/web-supplier.northgate.local
2026-06-30 10:54:10,4624,SRV-FILE-HQ,c.barak,3,WKS-HQ-27,,,,
2026-06-30 10:54:54,4624,SRV-POSMGT,p.stein,3,WKS-HQ-26,,,,
2026-06-30 10:57:29,4624,SRV-POSMGT,i.golan,3,WKS-HQ-22,,,,
2026-06-30 11:04:39,4624,SRV-FILE-HQ,r.stern,3,WKS-PAY-02,,,,
2026-06-30 11:04:41,5140,SRV-FILE-HQ,r.stern,3,WKS-PAY-02,,,,\\SRV-FILE-HQ\Payments
2026-06-30 11:15:57,4769,SRV-DC-01,b.naim,,WKS-HQ-21,mssqlsvc_svc,,,MSSQLSvc/srv-cardproc.northgate.local:1433
2026-06-30 11:26:23,4769,SRV-DC-01,o.raviv,,WKS-HQ-07,cifs_svc,,,CIFS/srv-file-hq.northgate.local
2026-06-30 11:27:10,4688,WKS-HQ-27,c.barak,,,,excel.exe,excel.exe /dde,
2026-06-30 11:30:08,4624,SRV-FILE-HQ,u.regev,3,WKS-HQ-28,,,,
2026-06-30 11:32:04,4624,SRV-CARDPROC,t.hadar,3,WKS-PAY-12,,,,
2026-06-30 11:32:57,4624,SRV-FILE-HQ,b.naim,3,WKS-HQ-21,,,,
2026-06-30 11:32:59,5140,SRV-FILE-HQ,b.naim,3,WKS-HQ-21,,,,\\SRV-FILE-HQ\Logistics
2026-06-30 11:33:39,4769,SRV-DC-01,e.shalom,,WKS-HQ-16,cifs_svc,,,CIFS/srv-file-hq.northgate.local
2026-06-30 11:34:04,4769,SRV-DC-01,t.hadar,,WKS-PAY-12,mssqlsvc_svc,,,MSSQLSvc/srv-posmgt.northgate.local:1433
2026-06-30 11:34:08,4769,SRV-DC-01,u.regev,,WKS-HQ-28,mssqlsvc_svc,,,MSSQLSvc/srv-posmgt.northgate.local:1433
2026-06-30 11:40:04,4769,SRV-DC-01,t.hadar,,WKS-PAY-12,mssqlsvc_svc,,,MSSQLSvc/srv-cardproc.northgate.local:1433
2026-06-30 11:43:54,4769,SRV-DC-01,a.dahan,,WKS-HQ-17,mssqlsvc_svc,,,MSSQLSvc/srv-cardproc.northgate.local:1433
2026-06-30 11:47:57,4624,SRV-FILE-HQ,b.naim,3,WKS-HQ-21,,,,
2026-06-30 11:47:59,5140,SRV-FILE-HQ,b.naim,3,WKS-HQ-21,,,,\\SRV-FILE-HQ\Logistics
2026-06-30 11:49:29,4624,SRV-POSMGT,i.golan,3,WKS-HQ-22,,,,
2026-06-30 11:50:29,4624,SRV-FILE-HQ,i.golan,3,WKS-HQ-22,,,,
2026-06-30 11:50:31,5140,SRV-FILE-HQ,i.golan,3,WKS-HQ-22,,,,\\SRV-FILE-HQ\Branches
2026-06-30 11:50:47,4769,SRV-DC-01,h.peretz,,WKS-IT-08,mssqlsvc_svc,,,MSSQLSvc/srv-cardproc.northgate.local:1433
2026-06-30 11:55:29,4769,SRV-DC-01,v.harel,,WKS-HQ-24,cifs_svc,,,CIFS/srv-file-hq.northgate.local
2026-06-30 12:04:29,4624,SRV-POSMGT,i.golan,3,WKS-HQ-22,,,,
2026-06-30 12:04:31,5140,SRV-POSMGT,i.golan,3,WKS-HQ-22,,,,\\SRV-POSMGT\Branches
2026-06-30 12:14:10,4769,SRV-DC-01,c.barak,,WKS-HQ-27,mssqlsvc_svc,,,MSSQLSvc/srv-cardproc.northgate.local:1433
2026-06-30 12:14:23,4688,WKS-HQ-07,o.raviv,,,,excel.exe,excel.exe /dde,
2026-06-30 12:15:39,4624,SRV-DC-01,a.mizrahi,3,WKS-IT-01,,,,
2026-06-30 12:15:41,5140,SRV-DC-01,a.mizrahi,3,WKS-IT-01,,,,\\SRV-DC-01\IT
2026-06-30 12:54:10,4624,SRV-FILE-HQ,c.barak,3,WKS-HQ-27,,,,
2026-06-30 13:04:10,4624,SRV-FILE-HQ,c.barak,3,WKS-HQ-27,,,,
2026-06-30 13:04:36,4769,SRV-DC-01,f.zohar,,WKS-IT-29,cifs_svc,,,CIFS/srv-file-hq.northgate.local
2026-06-30 13:06:09,4769,SRV-DC-01,k.oz,,WKS-HQ-20,mssqlsvc_svc,,,MSSQLSvc/srv-cardproc.northgate.local:1433
2026-06-30 13:08:49,4624,SRV-FILE-HQ,y.oren,3,WKS-HQ-05,,,,
2026-06-30 13:15:54,4624,SRV-FILE-HQ,a.dahan,3,WKS-HQ-17,,,,
2026-06-30 13:17:10,4624,SRV-FILE-HQ,c.barak,3,WKS-HQ-27,,,,
2026-06-30 13:17:12,5140,SRV-FILE-HQ,c.barak,3,WKS-HQ-27,,,,\\SRV-FILE-HQ\Marketing
2026-06-30 13:20:36,4769,SRV-DC-01,f.zohar,,WKS-IT-29,cifs_svc,,,CIFS/srv-file-hq.northgate.local
2026-06-30 13:32:59,4624,SRV-POSMGT,s.mor,3,WKS-HQ-23,,,,
2026-06-30 13:33:01,5140,SRV-POSMGT,s.mor,3,WKS-HQ-23,,,,\\SRV-POSMGT\Branches
2026-06-30 13:36:41,4624,SRV-FILE-HQ,g.shemesh,3,WKS-HQ-06,,,,
2026-06-30 13:42:39,4624,SRV-CARDPROC,r.stern,3,WKS-PAY-02,,,,
2026-06-30 13:48:54,4624,SRV-FILE-HQ,a.dahan,3,WKS-HQ-17,,,,
2026-06-30 13:48:56,5140,SRV-FILE-HQ,a.dahan,3,WKS-HQ-17,,,,\\SRV-FILE-HQ\HR
2026-06-30 14:00:39,4624,SRV-DC-01,a.mizrahi,3,WKS-IT-01,,,,
2026-06-30 14:00:41,5140,SRV-DC-01,a.mizrahi,3,WKS-IT-01,,,,\\SRV-DC-01\IT
2026-06-30 14:02:13,4624,SRV-POSMGT,z.amar,3,WKS-HQ-25,,,,
2026-06-30 14:02:15,5140,SRV-POSMGT,z.amar,3,WKS-HQ-25,,,,\\SRV-POSMGT\Branches
2026-06-30 14:09:05,4624,SRV-FILE-HQ,n.hazan,3,WKS-HQ-15,,,,
2026-06-30 14:12:23,4769,SRV-DC-01,o.raviv,,WKS-HQ-07,mssqlsvc_svc,,,MSSQLSvc/srv-posmgt.northgate.local:1433
2026-06-30 14:16:29,4769,SRV-DC-01,v.harel,,WKS-HQ-24,mssqlsvc_svc,,,MSSQLSvc/srv-cardproc.northgate.local:1433
2026-06-30 14:18:49,4624,SRV-FILE-HQ,y.oren,3,WKS-HQ-05,,,,
2026-06-30 14:18:51,5140,SRV-FILE-HQ,y.oren,3,WKS-HQ-05,,,,\\SRV-FILE-HQ\Procurement
2026-06-30 14:19:52,4624,SRV-FILE-HQ,y.segev,3,WKS-HQ-19,,,,
2026-06-30 14:22:10,4688,WKS-PAY-11,s.arbel,,,,chrome.exe,chrome.exe --restore-last-session,
2026-06-30 14:29:13,4769,SRV-DC-01,z.amar,,WKS-HQ-25,mssqlsvc_svc,,,MSSQLSvc/srv-posmgt.northgate.local:1433
2026-06-30 14:33:54,4624,SRV-FILE-HQ,p.stein,3,WKS-HQ-26,,,,
2026-06-30 14:38:54,4769,SRV-DC-01,p.stein,,WKS-HQ-26,mssqlsvc_svc,,,MSSQLSvc/srv-cardproc.northgate.local:1433
2026-06-30 14:44:10,4624,SRV-CARDPROC,s.arbel,3,WKS-PAY-11,,,,
2026-06-30 14:44:12,5140,SRV-CARDPROC,s.arbel,3,WKS-PAY-11,,,,\\SRV-CARDPROC\Payments
2026-06-30 14:58:39,4624,SRV-DC-01,a.mizrahi,3,WKS-IT-01,,,,
2026-06-30 14:58:41,5140,SRV-DC-01,a.mizrahi,3,WKS-IT-01,,,,\\SRV-DC-01\IT
2026-06-30 15:07:22,4624,SRV-FILE-HQ,l.beit,3,WKS-HQ-13,,,,
2026-06-30 15:13:54,4624,SRV-FILE-HQ,p.stein,3,WKS-HQ-26,,,,
2026-06-30 15:20:22,4769,SRV-DC-01,l.beit,,WKS-HQ-13,mssqlsvc_svc,,,MSSQLSvc/srv-cardproc.northgate.local:1433
2026-06-30 15:22:29,4624,SRV-FILE-HQ,v.harel,3,WKS-HQ-24,,,,
2026-06-30 15:23:02,4634,WKS-HQ-23,s.mor,2,,,,,
2026-06-30 15:31:39,4769,SRV-DC-01,a.mizrahi,,WKS-IT-01,http_svc,,,HTTP/web-supplier.northgate.local
2026-06-30 15:40:39,4688,WKS-IT-01,a.mizrahi,,,,teams.exe,teams.exe --system-initiated,
2026-06-30 15:46:39,4624,SRV-DC-01,a.mizrahi,3,WKS-IT-01,,,,
2026-06-30 15:47:13,4634,WKS-HQ-25,z.amar,2,,,,,
2026-06-30 15:56:38,4634,WKS-HQ-26,p.stein,2,,,,,
2026-06-30 16:01:39,4688,WKS-PAY-02,r.stern,,,,excel.exe,excel.exe /dde,
2026-06-30 16:13:49,4769,SRV-DC-01,y.oren,,WKS-HQ-05,http_svc,,,HTTP/web-supplier.northgate.local
2026-06-30 16:16:08,4624,SRV-FILE-HQ,u.regev,3,WKS-HQ-28,,,,
2026-06-30 16:20:08,4624,SRV-FILE-HQ,u.regev,3,WKS-HQ-28,,,,
2026-06-30 16:32:25,4769,SRV-DC-01,m.tal,,WKS-HQ-18,mssqlsvc_svc,,,MSSQLSvc/srv-posmgt.northgate.local:1433
2026-06-30 16:32:36,4624,SRV-DC-01,f.zohar,3,WKS-IT-29,,,,
2026-06-30 16:32:38,5140,SRV-DC-01,f.zohar,3,WKS-IT-29,,,,\\SRV-DC-01\IT
2026-06-30 16:40:31,4634,WKS-HQ-24,v.harel,2,,,,,
2026-06-30 16:41:35,4634,WKS-PAY-11,s.arbel,2,,,,,
2026-06-30 16:42:34,4634,WKS-HQ-16,e.shalom,2,,,,,
2026-06-30 16:45:22,4634,WKS-HQ-21,b.naim,2,,,,,
2026-06-30 16:49:39,4624,SRV-FILE-HQ,r.stern,3,WKS-PAY-02,,,,
2026-06-30 16:49:41,5140,SRV-FILE-HQ,r.stern,3,WKS-PAY-02,,,,\\SRV-FILE-HQ\Payments
2026-06-30 16:52:58,4634,WKS-HQ-19,y.segev,2,,,,,
2026-06-30 16:57:57,4769,SRV-DC-01,b.naim,,WKS-HQ-21,mssqlsvc_svc,,,MSSQLSvc/srv-cardproc.northgate.local:1433
2026-06-30 16:58:16,4634,WKS-HQ-04,n.barzilai,2,,,,,
2026-06-30 16:58:47,4634,WKS-IT-01,a.mizrahi,2,,,,,
2026-06-30 17:05:35,4634,WKS-SEC-03,e.katz,2,,,,,
2026-06-30 17:08:05,4688,WKS-HQ-15,n.hazan,,,,outlook.exe,outlook.exe /recycle,
2026-06-30 17:09:38,4634,WKS-HQ-20,k.oz,2,,,,,
2026-06-30 17:19:25,4769,SRV-DC-01,m.tal,,WKS-HQ-18,mssqlsvc_svc,,,MSSQLSvc/srv-cardproc.northgate.local:1433
2026-06-30 17:20:04,4624,SRV-CARDPROC,t.hadar,3,WKS-PAY-12,,,,
2026-06-30 17:20:06,5140,SRV-CARDPROC,t.hadar,3,WKS-PAY-12,,,,\\SRV-CARDPROC\Payments
2026-06-30 17:22:31,4634,WKS-HQ-28,u.regev,2,,,,,
2026-06-30 17:30:30,4634,WKS-HQ-13,l.beit,2,,,,,
2026-06-30 17:49:41,4634,WKS-HQ-22,i.golan,2,,,,,
2026-06-30 17:51:43,4634,WKS-HQ-06,g.shemesh,2,,,,,
2026-06-30 17:59:57,4634,WKS-IT-29,f.zohar,2,,,,,
2026-06-30 18:00:51,4634,WKS-HQ-15,n.hazan,2,,,,,
2026-06-30 18:01:26,4634,WKS-HQ-18,m.tal,2,,,,,
2026-06-30 18:19:25,4634,WKS-PAY-02,r.stern,2,,,,,
2026-06-30 18:21:20,4634,WKS-IT-08,h.peretz,2,,,,,
2026-06-30 18:22:23,4634,WKS-HQ-05,y.oren,2,,,,,
2026-06-30 19:08:11,4634,WKS-HQ-17,a.dahan,2,,,,,
2026-06-30 19:08:29,4634,WKS-PAY-12,t.hadar,2,,,,,
2026-06-30 19:13:25,4634,WKS-HQ-07,o.raviv,2,,,,,
2026-06-30 19:14:10,4634,WKS-HQ-14,r.avni,2,,,,,
2026-06-30 19:41:41,4634,WKS-HQ-27,c.barak,2,,,,,
2026-07-01 07:08:02,4624,WKS-HQ-25,z.amar,2,WKS-HQ-25,,,,
2026-07-01 07:41:21,4625,WKS-HQ-22,i.golan,2,WKS-HQ-22,,,,
2026-07-01 07:41:39,4624,WKS-HQ-26,p.stein,2,WKS-HQ-26,,,,
2026-07-01 07:42:39,4624,WKS-HQ-22,i.golan,2,WKS-HQ-22,,,,
2026-07-01 07:52:04,4624,WKS-SEC-03,e.katz,2,WKS-SEC-03,,,,
2026-07-01 07:52:30,4624,WKS-HQ-23,s.mor,2,WKS-HQ-23,,,,
2026-07-01 08:07:34,4624,WKS-PAY-30,g.ben-ari,2,WKS-PAY-30,,,,
2026-07-01 08:14:50,4624,WKS-HQ-20,k.oz,2,WKS-HQ-20,,,,
2026-07-01 08:16:38,4624,WKS-PAY-11,s.arbel,2,WKS-PAY-11,,,,
2026-07-01 08:17:30,4624,WKS-IT-01,a.mizrahi,2,WKS-IT-01,,,,
2026-07-01 08:17:31,4672,WKS-IT-01,a.mizrahi,2,,,,,
2026-07-01 08:19:31,4624,WKS-PAY-02,r.stern,2,WKS-PAY-02,,,,
2026-07-01 08:19:50,4688,WKS-HQ-20,k.oz,,,,excel.exe,excel.exe /dde,
2026-07-01 08:21:43,4624,WKS-HQ-19,y.segev,2,WKS-HQ-19,,,,
2026-07-01 08:25:31,4624,WKS-HQ-16,e.shalom,2,WKS-HQ-16,,,,
2026-07-01 08:31:25,4624,WKS-IT-29,f.zohar,2,WKS-IT-29,,,,
2026-07-01 08:31:36,4624,WKS-HQ-21,b.naim,2,WKS-HQ-21,,,,
2026-07-01 08:33:56,4624,WKS-HQ-15,n.hazan,2,WKS-HQ-15,,,,
2026-07-01 08:34:30,4624,SRV-FILE-HQ,s.mor,3,WKS-HQ-23,,,,
2026-07-01 08:34:53,4624,WKS-HQ-17,a.dahan,2,WKS-HQ-17,,,,
2026-07-01 08:36:29,4624,WKS-PAY-12,t.hadar,2,WKS-PAY-12,,,,
2026-07-01 08:40:14,4624,WKS-HQ-05,y.oren,2,WKS-HQ-05,,,,
2026-07-01 08:44:14,4624,WKS-IT-09,m.saban,2,WKS-IT-09,,,,
2026-07-01 08:47:43,4624,WKS-HQ-04,n.barzilai,2,WKS-HQ-04,,,,
2026-07-01 08:50:39,4624,SRV-FILE-HQ,i.golan,3,WKS-HQ-22,,,,
2026-07-01 08:50:55,4624,WKS-HQ-14,r.avni,2,WKS-HQ-14,,,,
2026-07-01 08:55:22,4624,WKS-IT-08,h.peretz,2,WKS-IT-08,,,,
2026-07-01 08:58:14,4624,SRV-DC-01,m.saban,3,WKS-IT-09,,,,
2026-07-01 08:59:38,4624,SRV-FILE-HQ,s.arbel,3,WKS-PAY-11,,,,
2026-07-01 09:00:42,4624,WKS-HQ-06,g.shemesh,2,WKS-HQ-06,,,,
2026-07-01 09:01:39,4624,SRV-FILE-HQ,p.stein,3,WKS-HQ-26,,,,
2026-07-01 09:01:41,5140,SRV-FILE-HQ,p.stein,3,WKS-HQ-26,,,,\\SRV-FILE-HQ\Branches
2026-07-01 09:06:14,4624,SRV-DC-01,m.saban,3,WKS-IT-09,,,,
2026-07-01 09:06:16,5140,SRV-DC-01,m.saban,3,WKS-IT-09,,,,\\SRV-DC-01\IT
2026-07-01 09:07:56,4624,SRV-FILE-HQ,n.hazan,3,WKS-HQ-15,,,,
2026-07-01 09:08:29,4624,WKS-SEC-10,d.levi,2,WKS-SEC-10,,,,
2026-07-01 09:10:21,4624,WKS-HQ-13,l.beit,2,WKS-HQ-13,,,,
2026-07-01 09:20:21,4624,WKS-HQ-07,o.raviv,2,WKS-HQ-07,,,,
2026-07-01 09:21:48,4624,WKS-HQ-27,c.barak,2,WKS-HQ-27,,,,
2026-07-01 09:24:56,4624,SRV-FILE-HQ,n.hazan,3,WKS-HQ-15,,,,
2026-07-01 09:25:43,4769,SRV-DC-01,y.segev,,WKS-HQ-19,mssqlsvc_svc,,,MSSQLSvc/srv-cardproc.northgate.local:1433
2026-07-01 09:29:02,4624,WKS-HQ-18,m.tal,2,WKS-HQ-18,,,,
2026-07-01 09:29:21,4769,SRV-DC-01,l.beit,,WKS-HQ-13,mssqlsvc_svc,,,MSSQLSvc/srv-cardproc.northgate.local:1433
2026-07-01 09:38:31,4624,SRV-CARDPROC,r.stern,3,WKS-PAY-02,,,,
2026-07-01 09:42:14,4769,SRV-DC-01,m.saban,,WKS-IT-09,http_svc,,,HTTP/web-supplier.northgate.local
2026-07-01 09:43:38,4624,SRV-CARDPROC,s.arbel,3,WKS-PAY-11,,,,
2026-07-01 09:45:21,4624,SRV-FILE-HQ,o.raviv,3,WKS-HQ-07,,,,
2026-07-01 09:52:29,4769,SRV-DC-01,t.hadar,,WKS-PAY-12,http_svc,,,HTTP/web-supplier.northgate.local
2026-07-01 09:53:02,4624,SRV-POSMGT,z.amar,3,WKS-HQ-25,,,,
2026-07-01 09:59:02,4624,SRV-POSMGT,z.amar,3,WKS-HQ-25,,,,
2026-07-01 10:00:53,4624,SRV-FILE-HQ,a.dahan,3,WKS-HQ-17,,,,
2026-07-01 10:00:55,5140,SRV-FILE-HQ,a.dahan,3,WKS-HQ-17,,,,\\SRV-FILE-HQ\HR
2026-07-01 10:02:39,4624,SRV-FILE-HQ,i.golan,3,WKS-HQ-22,,,,
2026-07-01 10:05:14,4624,SRV-DC-01,m.saban,3,WKS-IT-09,,,,
2026-07-01 10:05:16,5140,SRV-DC-01,m.saban,3,WKS-IT-09,,,,\\SRV-DC-01\IT
2026-07-01 10:12:36,4769,SRV-DC-01,b.naim,,WKS-HQ-21,mssqlsvc_svc,,,MSSQLSvc/srv-posmgt.northgate.local:1433
2026-07-01 10:13:14,4624,SRV-FILE-HQ,y.oren,3,WKS-HQ-05,,,,
2026-07-01 10:13:16,5140,SRV-FILE-HQ,y.oren,3,WKS-HQ-05,,,,\\SRV-FILE-HQ\Procurement
2026-07-01 10:14:22,4769,SRV-DC-01,h.peretz,,WKS-IT-08,cifs_svc,,,CIFS/srv-file-hq.northgate.local
2026-07-01 10:17:56,4624,SRV-FILE-HQ,n.hazan,3,WKS-HQ-15,,,,
2026-07-01 10:20:43,4624,SRV-FILE-HQ,n.barzilai,3,WKS-HQ-04,,,,
2026-07-01 10:20:43,4624,SRV-FILE-HQ,y.segev,3,WKS-HQ-19,,,,
2026-07-01 10:20:45,5140,SRV-FILE-HQ,y.segev,3,WKS-HQ-19,,,,\\SRV-FILE-HQ\Logistics
2026-07-01 10:43:43,4624,SRV-FILE-HQ,n.barzilai,3,WKS-HQ-04,,,,
2026-07-01 10:43:56,4769,SRV-DC-01,n.hazan,,WKS-HQ-15,mssqlsvc_svc,,,MSSQLSvc/srv-posmgt.northgate.local:1433
2026-07-01 10:45:29,4624,SRV-DC-01,d.levi,3,WKS-SEC-10,,,,
2026-07-01 10:45:31,5140,SRV-DC-01,d.levi,3,WKS-SEC-10,,,,\\SRV-DC-01\IT
2026-07-01 10:46:29,4624,SRV-FILE-HQ,t.hadar,3,WKS-PAY-12,,,,
2026-07-01 10:49:04,4624,SRV-DC-01,e.katz,3,WKS-SEC-03,,,,
2026-07-01 10:49:06,5140,SRV-DC-01,e.katz,3,WKS-SEC-03,,,,\\SRV-DC-01\IT
2026-07-01 10:56:02,4624,SRV-FILE-HQ,z.amar,3,WKS-HQ-25,,,,
2026-07-01 10:56:04,5140,SRV-FILE-HQ,z.amar,3,WKS-HQ-25,,,,\\SRV-FILE-HQ\Branches
2026-07-01 11:03:31,4769,SRV-DC-01,r.stern,,WKS-PAY-02,mssqlsvc_svc,,,MSSQLSvc/srv-cardproc.northgate.local:1433
2026-07-01 11:05:30,4769,SRV-DC-01,a.mizrahi,,WKS-IT-01,mssqlsvc_svc,,,MSSQLSvc/srv-cardproc.northgate.local:1433
2026-07-01 11:26:14,4624,SRV-DC-01,m.saban,3,WKS-IT-09,,,,
2026-07-01 11:30:02,4769,SRV-DC-01,z.amar,,WKS-HQ-25,mssqlsvc_svc,,,MSSQLSvc/srv-posmgt.northgate.local:1433
2026-07-01 11:32:21,4624,SRV-FILE-HQ,o.raviv,3,WKS-HQ-07,,,,
2026-07-01 11:33:14,4688,WKS-IT-09,m.saban,,,,teams.exe,teams.exe --system-initiated,
2026-07-01 11:40:38,4624,SRV-CARDPROC,s.arbel,3,WKS-PAY-11,,,,
2026-07-01 11:40:40,5140,SRV-CARDPROC,s.arbel,3,WKS-PAY-11,,,,\\SRV-CARDPROC\Payments
2026-07-01 11:53:36,4624,SRV-FILE-HQ,b.naim,3,WKS-HQ-21,,,,
2026-07-01 11:57:53,4769,SRV-DC-01,a.dahan,,WKS-HQ-17,mssqlsvc_svc,,,MSSQLSvc/srv-posmgt.northgate.local:1433
2026-07-01 12:05:02,4769,SRV-DC-01,z.amar,,WKS-HQ-25,http_svc,,,HTTP/web-supplier.northgate.local
2026-07-01 12:12:31,4769,SRV-DC-01,r.stern,,WKS-PAY-02,mssqlsvc_svc,,,MSSQLSvc/srv-posmgt.northgate.local:1433
2026-07-01 12:19:43,4769,SRV-DC-01,y.segev,,WKS-HQ-19,mssqlsvc_svc,,,MSSQLSvc/srv-posmgt.northgate.local:1433
2026-07-01 12:23:29,4624,SRV-CARDPROC,t.hadar,3,WKS-PAY-12,,,,
2026-07-01 12:32:43,4624,SRV-FILE-HQ,n.barzilai,3,WKS-HQ-04,,,,
2026-07-01 12:39:04,4769,SRV-DC-01,e.katz,,WKS-SEC-03,http_svc,,,HTTP/web-supplier.northgate.local
2026-07-01 12:48:55,4688,WKS-HQ-14,r.avni,,,,excel.exe,excel.exe /dde,
2026-07-01 12:51:39,4624,SRV-FILE-HQ,i.golan,3,WKS-HQ-22,,,,
2026-07-01 12:51:41,5140,SRV-FILE-HQ,i.golan,3,WKS-HQ-22,,,,\\SRV-FILE-HQ\Branches
2026-07-01 12:54:02,4769,SRV-DC-01,m.tal,,WKS-HQ-18,http_svc,,,HTTP/web-supplier.northgate.local
2026-07-01 13:00:30,4769,SRV-DC-01,s.mor,,WKS-HQ-23,mssqlsvc_svc,,,MSSQLSvc/srv-posmgt.northgate.local:1433
2026-07-01 13:07:21,4769,SRV-DC-01,o.raviv,,WKS-HQ-07,cifs_svc,,,CIFS/srv-file-hq.northgate.local
2026-07-01 13:08:31,4624,SRV-FILE-HQ,e.shalom,3,WKS-HQ-16,,,,
2026-07-01 13:10:29,4769,SRV-DC-01,d.levi,,WKS-SEC-10,mssqlsvc_svc,,,MSSQLSvc/srv-posmgt.northgate.local:1433
2026-07-01 13:17:21,4769,SRV-DC-01,l.beit,,WKS-HQ-13,cifs_svc,,,CIFS/srv-file-hq.northgate.local
2026-07-01 13:20:39,4624,SRV-FILE-HQ,p.stein,3,WKS-HQ-26,,,,
2026-07-01 13:20:41,5140,SRV-FILE-HQ,p.stein,3,WKS-HQ-26,,,,\\SRV-FILE-HQ\Branches
2026-07-01 13:24:48,4624,SRV-FILE-HQ,c.barak,3,WKS-HQ-27,,,,
2026-07-01 13:26:42,4688,WKS-HQ-06,g.shemesh,,,,outlook.exe,outlook.exe /recycle,
2026-07-01 13:26:56,4769,SRV-DC-01,n.hazan,,WKS-HQ-15,mssqlsvc_svc,,,MSSQLSvc/srv-cardproc.northgate.local:1433
2026-07-01 13:32:55,4624,SRV-FILE-HQ,r.avni,3,WKS-HQ-14,,,,
2026-07-01 13:32:57,5140,SRV-FILE-HQ,r.avni,3,WKS-HQ-14,,,,\\SRV-FILE-HQ\Procurement
2026-07-01 13:44:55,4624,SRV-FILE-HQ,r.avni,3,WKS-HQ-14,,,,
2026-07-01 13:47:30,4769,SRV-DC-01,a.mizrahi,,WKS-IT-01,mssqlsvc_svc,,,MSSQLSvc/srv-cardproc.northgate.local:1433
2026-07-01 13:55:39,4769,SRV-DC-01,p.stein,,WKS-HQ-26,http_svc,,,HTTP/web-supplier.northgate.local
2026-07-01 14:02:30,4624,SRV-FILE-HQ,s.mor,3,WKS-HQ-23,,,,
2026-07-01 14:02:32,5140,SRV-FILE-HQ,s.mor,3,WKS-HQ-23,,,,\\SRV-FILE-HQ\Branches
2026-07-01 14:04:30,4624,SRV-POSMGT,s.mor,3,WKS-HQ-23,,,,
2026-07-01 14:08:36,4624,SRV-FILE-HQ,b.naim,3,WKS-HQ-21,,,,
2026-07-01 14:08:39,4688,WKS-HQ-22,i.golan,,,,teams.exe,teams.exe --system-initiated,
2026-07-01 14:10:31,4624,SRV-FILE-HQ,r.stern,3,WKS-PAY-02,,,,
2026-07-01 14:10:33,5140,SRV-FILE-HQ,r.stern,3,WKS-PAY-02,,,,\\SRV-FILE-HQ\Payments
2026-07-01 14:13:21,4624,SRV-FILE-HQ,l.beit,3,WKS-HQ-13,,,,
2026-07-01 14:14:29,4624,SRV-FILE-HQ,d.levi,3,WKS-SEC-10,,,,
2026-07-01 14:16:56,4624,SRV-FILE-HQ,n.hazan,3,WKS-HQ-15,,,,
2026-07-01 14:20:42,4769,SRV-DC-01,g.shemesh,,WKS-HQ-06,cifs_svc,,,CIFS/srv-file-hq.northgate.local
2026-07-01 14:24:39,4769,SRV-DC-01,i.golan,,WKS-HQ-22,cifs_svc,,,CIFS/srv-file-hq.northgate.local
2026-07-01 14:29:39,4624,SRV-POSMGT,p.stein,3,WKS-HQ-26,,,,
2026-07-01 14:29:41,5140,SRV-POSMGT,p.stein,3,WKS-HQ-26,,,,\\SRV-POSMGT\Branches
2026-07-01 14:38:04,4624,SRV-DC-01,e.katz,3,WKS-SEC-03,,,,
2026-07-01 14:39:14,4769,SRV-DC-01,m.saban,,WKS-IT-09,mssqlsvc_svc,,,MSSQLSvc/srv-cardproc.northgate.local:1433
2026-07-01 14:52:50,4769,SRV-DC-01,k.oz,,WKS-HQ-20,mssqlsvc_svc,,,MSSQLSvc/srv-posmgt.northgate.local:1433
2026-07-01 15:07:39,4769,SRV-DC-01,p.stein,,WKS-HQ-26,mssqlsvc_svc,,,MSSQLSvc/srv-cardproc.northgate.local:1433
2026-07-01 15:13:53,4624,SRV-FILE-HQ,a.dahan,3,WKS-HQ-17,,,,
2026-07-01 15:15:31,4688,WKS-PAY-02,r.stern,,,,excel.exe,excel.exe /dde,
2026-07-01 15:20:30,4769,SRV-DC-01,a.mizrahi,,WKS-IT-01,cifs_svc,,,CIFS/srv-file-hq.northgate.local
2026-07-01 15:23:48,4624,SRV-FILE-HQ,c.barak,3,WKS-HQ-27,,,,
2026-07-01 15:31:02,4624,SRV-FILE-HQ,m.tal,3,WKS-HQ-18,,,,
2026-07-01 15:31:04,5140,SRV-FILE-HQ,m.tal,3,WKS-HQ-18,,,,\\SRV-FILE-HQ\HR
2026-07-01 15:32:22,4624,SRV-FILE-HQ,h.peretz,3,WKS-IT-08,,,,
2026-07-01 15:43:50,4769,SRV-DC-01,k.oz,,WKS-HQ-20,http_svc,,,HTTP/web-supplier.northgate.local
2026-07-01 15:58:50,4624,SRV-FILE-HQ,k.oz,3,WKS-HQ-20,,,,
2026-07-01 15:58:52,5140,SRV-FILE-HQ,k.oz,3,WKS-HQ-20,,,,\\SRV-FILE-HQ\Logistics
2026-07-01 16:01:21,4634,WKS-HQ-25,z.amar,2,,,,,
2026-07-01 16:02:21,4624,SRV-FILE-HQ,l.beit,3,WKS-HQ-13,,,,
2026-07-01 16:02:23,5140,SRV-FILE-HQ,l.beit,3,WKS-HQ-13,,,,\\SRV-FILE-HQ\Vendors
2026-07-01 16:05:21,4624,SRV-FILE-HQ,l.beit,3,WKS-HQ-13,,,,
2026-07-01 16:05:23,5140,SRV-FILE-HQ,l.beit,3,WKS-HQ-13,,,,\\SRV-FILE-HQ\Procurement
2026-07-01 16:09:30,4624,SRV-DC-01,a.mizrahi,3,WKS-IT-01,,,,
2026-07-01 16:10:50,4769,SRV-DC-01,k.oz,,WKS-HQ-20,mssqlsvc_svc,,,MSSQLSvc/srv-cardproc.northgate.local:1433
2026-07-01 16:14:18,4634,WKS-HQ-22,i.golan,2,,,,,
2026-07-01 16:24:29,4769,SRV-DC-01,d.levi,,WKS-SEC-10,mssqlsvc_svc,,,MSSQLSvc/srv-cardproc.northgate.local:1433
2026-07-01 16:27:14,4624,SRV-FILE-HQ,y.oren,3,WKS-HQ-05,,,,
2026-07-01 16:28:59,4634,WKS-HQ-20,k.oz,2,,,,,
2026-07-01 16:31:18,4634,WKS-PAY-11,s.arbel,2,,,,,
2026-07-01 16:38:43,4769,SRV-DC-01,n.barzilai,,WKS-HQ-04,mssqlsvc_svc,,,MSSQLSvc/srv-cardproc.northgate.local:1433
2026-07-01 16:42:14,4769,SRV-DC-01,y.oren,,WKS-HQ-05,http_svc,,,HTTP/web-supplier.northgate.local
2026-07-01 16:44:30,4624,SRV-DC-01,a.mizrahi,3,WKS-IT-01,,,,
2026-07-01 16:48:22,4624,SRV-DC-01,h.peretz,3,WKS-IT-08,,,,
2026-07-01 16:48:41,4634,WKS-HQ-26,p.stein,2,,,,,
2026-07-01 16:55:43,4769,SRV-DC-01,n.barzilai,,WKS-HQ-04,http_svc,,,HTTP/web-supplier.northgate.local
2026-07-01 16:56:30,4624,SRV-DC-01,a.mizrahi,3,WKS-IT-01,,,,
2026-07-01 16:56:32,5140,SRV-DC-01,a.mizrahi,3,WKS-IT-01,,,,\\SRV-DC-01\IT
2026-07-01 17:04:21,4769,SRV-DC-01,o.raviv,,WKS-HQ-07,mssqlsvc_svc,,,MSSQLSvc/srv-cardproc.northgate.local:1433
2026-07-01 17:14:04,4634,WKS-SEC-03,e.katz,2,,,,,
2026-07-01 17:15:36,4634,WKS-HQ-19,y.segev,2,,,,,
2026-07-01 17:18:19,4634,WKS-PAY-02,r.stern,2,,,,,
2026-07-01 17:21:43,4634,WKS-HQ-16,e.shalom,2,,,,,
2026-07-01 17:22:00,4634,WKS-IT-01,a.mizrahi,2,,,,,
2026-07-01 17:23:59,4634,WKS-PAY-30,g.ben-ari,2,,,,,
2026-07-01 17:24:02,4769,SRV-DC-01,m.tal,,WKS-HQ-18,http_svc,,,HTTP/web-supplier.northgate.local
2026-07-01 17:27:22,4634,WKS-HQ-14,r.avni,2,,,,,
2026-07-01 17:32:24,4634,WKS-HQ-21,b.naim,2,,,,,
2026-07-01 17:34:16,4634,WKS-PAY-12,t.hadar,2,,,,,
2026-07-01 17:36:55,4634,WKS-HQ-27,c.barak,2,,,,,
2026-07-01 17:45:16,4634,WKS-HQ-18,m.tal,2,,,,,
2026-07-01 17:52:02,4634,WKS-HQ-17,a.dahan,2,,,,,
2026-07-01 17:53:02,4624,SRV-FILE-HQ,m.tal,3,WKS-HQ-18,,,,
2026-07-01 17:53:04,5140,SRV-FILE-HQ,m.tal,3,WKS-HQ-18,,,,\\SRV-FILE-HQ\HR
2026-07-01 17:57:24,4634,WKS-HQ-23,s.mor,2,,,,,
2026-07-01 18:00:08,4634,WKS-HQ-15,n.hazan,2,,,,,
2026-07-01 18:01:33,4634,WKS-HQ-04,n.barzilai,2,,,,,
2026-07-01 18:03:32,4634,WKS-HQ-05,y.oren,2,,,,,
2026-07-01 18:05:40,4634,WKS-IT-09,m.saban,2,,,,,
2026-07-01 18:07:02,4624,SRV-FILE-HQ,m.tal,3,WKS-HQ-18,,,,
2026-07-01 18:07:04,5140,SRV-FILE-HQ,m.tal,3,WKS-HQ-18,,,,\\SRV-FILE-HQ\HR
2026-07-01 18:20:00,4634,WKS-HQ-13,l.beit,2,,,,,
2026-07-01 18:22:39,4634,WKS-HQ-06,g.shemesh,2,,,,,
2026-07-01 18:35:01,4634,WKS-SEC-10,d.levi,2,,,,,
2026-07-01 18:46:12,4634,WKS-IT-08,h.peretz,2,,,,,
2026-07-01 18:47:59,4634,WKS-IT-29,f.zohar,2,,,,,
2026-07-01 19:17:41,4634,WKS-HQ-07,o.raviv,2,,,,,
2026-07-02 06:52:32,4624,WKS-HQ-25,z.amar,2,WKS-HQ-25,,,,
2026-07-02 07:19:05,4624,WKS-HQ-22,i.golan,2,WKS-HQ-22,,,,
2026-07-02 07:25:10,4624,WKS-HQ-26,p.stein,2,WKS-HQ-26,,,,
2026-07-02 07:29:03,4624,WKS-HQ-24,v.harel,2,WKS-HQ-24,,,,
2026-07-02 07:38:26,4624,WKS-HQ-23,s.mor,2,WKS-HQ-23,,,,
2026-07-02 07:47:55,4624,WKS-PAY-02,r.stern,2,WKS-PAY-02,,,,
2026-07-02 08:07:43,4624,WKS-HQ-21,b.naim,2,WKS-HQ-21,,,,
2026-07-02 08:15:43,4624,WKS-PAY-30,g.ben-ari,2,WKS-PAY-30,,,,
2026-07-02 08:17:49,4625,WKS-PAY-12,t.hadar,2,WKS-PAY-12,,,,
2026-07-02 08:18:54,4624,WKS-PAY-12,t.hadar,2,WKS-PAY-12,,,,
2026-07-02 08:19:28,4624,WKS-HQ-16,e.shalom,2,WKS-HQ-16,,,,
2026-07-02 08:21:59,4624,WKS-IT-09,m.saban,2,WKS-IT-09,,,,
2026-07-02 08:27:26,4624,SRV-POSMGT,s.mor,3,WKS-HQ-23,,,,
2026-07-02 08:28:05,4624,WKS-SEC-10,d.levi,2,WKS-SEC-10,,,,
2026-07-02 08:28:21,4624,WKS-HQ-20,k.oz,2,WKS-HQ-20,,,,
2026-07-02 08:28:47,4624,WKS-HQ-18,m.tal,2,WKS-HQ-18,,,,
2026-07-02 08:33:06,4624,WKS-HQ-19,y.segev,2,WKS-HQ-19,,,,
2026-07-02 08:36:31,4624,WKS-IT-08,h.peretz,2,WKS-IT-08,,,,
2026-07-02 08:38:31,4624,WKS-SEC-03,e.katz,2,WKS-SEC-03,,,,
2026-07-02 08:40:05,4624,SRV-DC-01,d.levi,3,WKS-SEC-10,,,,
2026-07-02 08:40:28,4624,WKS-HQ-28,u.regev,2,WKS-HQ-28,,,,
2026-07-02 08:42:07,4624,WKS-HQ-17,a.dahan,2,WKS-HQ-17,,,,
2026-07-02 08:43:32,4769,SRV-DC-01,z.amar,,WKS-HQ-25,mssqlsvc_svc,,,MSSQLSvc/srv-cardproc.northgate.local:1433
2026-07-02 08:47:22,4624,WKS-IT-01,a.mizrahi,2,WKS-IT-01,,,,
2026-07-02 08:47:23,4672,WKS-IT-01,a.mizrahi,2,,,,,
2026-07-02 08:48:21,4624,WKS-HQ-14,r.avni,2,WKS-HQ-14,,,,
2026-07-02 08:55:39,4624,WKS-HQ-04,n.barzilai,2,WKS-HQ-04,,,,
2026-07-02 08:55:59,4624,SRV-DC-01,m.saban,3,WKS-IT-09,,,,
2026-07-02 08:56:01,5140,SRV-DC-01,m.saban,3,WKS-IT-09,,,,\\SRV-DC-01\IT
2026-07-02 08:56:04,4624,WKS-IT-29,f.zohar,2,WKS-IT-29,,,,
2026-07-02 08:56:47,4624,WKS-HQ-27,c.barak,2,WKS-HQ-27,,,,
2026-07-02 08:57:47,4624,SRV-FILE-HQ,m.tal,3,WKS-HQ-18,,,,
2026-07-02 08:58:53,4624,WKS-HQ-07,o.raviv,2,WKS-HQ-07,,,,
2026-07-02 09:00:10,4624,SRV-POSMGT,p.stein,3,WKS-HQ-26,,,,
2026-07-02 09:00:20,4624,WKS-HQ-15,n.hazan,2,WKS-HQ-15,,,,
2026-07-02 09:04:20,4769,SRV-DC-01,n.hazan,,WKS-HQ-15,mssqlsvc_svc,,,MSSQLSvc/srv-cardproc.northgate.local:1433
2026-07-02 09:06:28,4624,WKS-HQ-05,y.oren,2,WKS-HQ-05,,,,
2026-07-02 09:08:32,4624,WKS-HQ-06,g.shemesh,2,WKS-HQ-06,,,,
2026-07-02 09:11:05,4769,SRV-DC-01,i.golan,,WKS-HQ-22,http_svc,,,HTTP/web-supplier.northgate.local
2026-07-02 09:12:02,4624,WKS-HQ-13,l.beit,2,WKS-HQ-13,,,,
2026-07-02 09:12:22,4624,SRV-DC-01,a.mizrahi,3,WKS-IT-01,,,,
2026-07-02 09:15:54,4624,SRV-CARDPROC,t.hadar,3,WKS-PAY-12,,,,
2026-07-02 09:15:56,5140,SRV-CARDPROC,t.hadar,3,WKS-PAY-12,,,,\\SRV-CARDPROC\Payments
2026-07-02 09:17:31,4769,SRV-DC-01,e.katz,,WKS-SEC-03,http_svc,,,HTTP/web-supplier.northgate.local
2026-07-02 09:18:07,4624,SRV-FILE-HQ,a.dahan,3,WKS-HQ-17,,,,
2026-07-02 09:18:09,5140,SRV-FILE-HQ,a.dahan,3,WKS-HQ-17,,,,\\SRV-FILE-HQ\HR
2026-07-02 09:18:59,4769,SRV-DC-01,m.saban,,WKS-IT-09,mssqlsvc_svc,,,MSSQLSvc/srv-cardproc.northgate.local:1433
2026-07-02 09:19:31,4624,SRV-FILE-HQ,h.peretz,3,WKS-IT-08,,,,
2026-07-02 09:28:06,4769,SRV-DC-01,y.segev,,WKS-HQ-19,http_svc,,,HTTP/web-supplier.northgate.local
2026-07-02 09:29:43,4769,SRV-DC-01,b.naim,,WKS-HQ-21,mssqlsvc_svc,,,MSSQLSvc/srv-cardproc.northgate.local:1433
2026-07-02 09:42:05,4769,SRV-DC-01,d.levi,,WKS-SEC-10,mssqlsvc_svc,,,MSSQLSvc/srv-cardproc.northgate.local:1433
2026-07-02 09:47:31,4624,SRV-DC-01,e.katz,3,WKS-SEC-03,,,,
2026-07-02 09:47:33,5140,SRV-DC-01,e.katz,3,WKS-SEC-03,,,,\\SRV-DC-01\IT
2026-07-02 10:03:54,4624,SRV-CARDPROC,t.hadar,3,WKS-PAY-12,,,,
2026-07-02 10:05:28,4624,SRV-FILE-HQ,u.regev,3,WKS-HQ-28,,,,
2026-07-02 10:07:20,4624,SRV-FILE-HQ,n.hazan,3,WKS-HQ-15,,,,
2026-07-02 10:09:43,4624,SRV-FILE-HQ,b.naim,3,WKS-HQ-21,,,,
2026-07-02 10:09:45,5140,SRV-FILE-HQ,b.naim,3,WKS-HQ-21,,,,\\SRV-FILE-HQ\Logistics
2026-07-02 10:10:28,4769,SRV-DC-01,e.shalom,,WKS-HQ-16,http_svc,,,HTTP/web-supplier.northgate.local
2026-07-02 10:14:32,4624,SRV-FILE-HQ,z.amar,3,WKS-HQ-25,,,,
2026-07-02 10:17:06,4769,SRV-DC-01,y.segev,,WKS-HQ-19,cifs_svc,,,CIFS/srv-file-hq.northgate.local
2026-07-02 10:17:59,4769,SRV-DC-01,m.saban,,WKS-IT-09,mssqlsvc_svc,,,MSSQLSvc/srv-cardproc.northgate.local:1433
2026-07-02 10:20:43,4769,SRV-DC-01,g.ben-ari,,WKS-PAY-30,mssqlsvc_svc,,,MSSQLSvc/srv-cardproc.northgate.local:1433
2026-07-02 10:27:39,4624,SRV-FILE-HQ,n.barzilai,3,WKS-HQ-04,,,,
2026-07-02 10:30:03,4769,SRV-DC-01,v.harel,,WKS-HQ-24,mssqlsvc_svc,,,MSSQLSvc/srv-cardproc.northgate.local:1433
2026-07-02 10:36:31,4769,SRV-DC-01,e.katz,,WKS-SEC-03,cifs_svc,,,CIFS/srv-file-hq.northgate.local
2026-07-02 10:38:55,4624,SRV-FILE-HQ,r.stern,3,WKS-PAY-02,,,,
2026-07-02 10:38:57,5140,SRV-FILE-HQ,r.stern,3,WKS-PAY-02,,,,\\SRV-FILE-HQ\Payments
2026-07-02 10:41:53,4769,SRV-DC-01,o.raviv,,WKS-HQ-07,http_svc,,,HTTP/web-supplier.northgate.local
2026-07-02 10:48:47,4688,WKS-HQ-27,c.barak,,,,excel.exe,excel.exe /dde,
2026-07-02 10:54:20,4624,SRV-FILE-HQ,n.hazan,3,WKS-HQ-15,,,,
2026-07-02 10:55:31,4769,SRV-DC-01,h.peretz,,WKS-IT-08,mssqlsvc_svc,,,MSSQLSvc/srv-posmgt.northgate.local:1433
2026-07-02 11:00:26,4769,SRV-DC-01,s.mor,,WKS-HQ-23,mssqlsvc_svc,,,MSSQLSvc/srv-cardproc.northgate.local:1433
2026-07-02 11:03:47,4624,SRV-FILE-HQ,m.tal,3,WKS-HQ-18,,,,
2026-07-02 11:05:05,4624,SRV-FILE-HQ,i.golan,3,WKS-HQ-22,,,,
2026-07-02 11:05:07,5140,SRV-FILE-HQ,i.golan,3,WKS-HQ-22,,,,\\SRV-FILE-HQ\Branches
2026-07-02 11:11:54,4624,SRV-FILE-HQ,t.hadar,3,WKS-PAY-12,,,,
2026-07-02 11:26:39,4688,WKS-HQ-04,n.barzilai,,,,chrome.exe,chrome.exe --restore-last-session,
2026-07-02 11:32:22,4624,SRV-FILE-HQ,a.mizrahi,3,WKS-IT-01,,,,
2026-07-02 11:39:04,4624,SRV-DC-01,f.zohar,3,WKS-IT-29,,,,
2026-07-02 11:42:06,4624,SRV-FILE-HQ,y.segev,3,WKS-HQ-19,,,,
2026-07-02 11:42:20,4769,SRV-DC-01,n.hazan,,WKS-HQ-15,cifs_svc,,,CIFS/srv-file-hq.northgate.local
2026-07-02 11:47:07,4769,SRV-DC-01,a.dahan,,WKS-HQ-17,cifs_svc,,,CIFS/srv-file-hq.northgate.local
2026-07-02 11:48:39,4624,SRV-FILE-HQ,n.barzilai,3,WKS-HQ-04,,,,
2026-07-02 11:51:02,4624,SRV-FILE-HQ,l.beit,3,WKS-HQ-13,,,,
2026-07-02 11:58:59,4624,SRV-DC-01,m.saban,3,WKS-IT-09,,,,
2026-07-02 11:59:01,5140,SRV-DC-01,m.saban,3,WKS-IT-09,,,,\\SRV-DC-01\IT
2026-07-02 12:01:55,4688,WKS-PAY-02,r.stern,,,,chrome.exe,chrome.exe --restore-last-session,
2026-07-02 12:15:10,4769,SRV-DC-01,p.stein,,WKS-HQ-26,http_svc,,,HTTP/web-supplier.northgate.local
2026-07-02 12:16:28,4624,SRV-FILE-HQ,u.regev,3,WKS-HQ-28,,,,
2026-07-02 12:17:28,4624,SRV-FILE-HQ,y.oren,3,WKS-HQ-05,,,,
2026-07-02 12:18:59,4769,SRV-DC-01,m.saban,,WKS-IT-09,mssqlsvc_svc,,,MSSQLSvc/srv-posmgt.northgate.local:1433
2026-07-02 12:22:05,4624,SRV-FILE-HQ,d.levi,3,WKS-SEC-10,,,,
2026-07-02 12:34:03,4624,SRV-POSMGT,v.harel,3,WKS-HQ-24,,,,
2026-07-02 12:34:05,5140,SRV-POSMGT,v.harel,3,WKS-HQ-24,,,,\\SRV-POSMGT\Branches
2026-07-02 12:39:04,4624,SRV-FILE-HQ,f.zohar,3,WKS-IT-29,,,,
2026-07-02 12:48:47,4769,SRV-DC-01,c.barak,,WKS-HQ-27,mssqlsvc_svc,,,MSSQLSvc/srv-posmgt.northgate.local:1433
2026-07-02 12:54:02,4624,SRV-FILE-HQ,l.beit,3,WKS-HQ-13,,,,
2026-07-02 12:57:07,4624,SRV-FILE-HQ,a.dahan,3,WKS-HQ-17,,,,
2026-07-02 13:04:05,4624,SRV-FILE-HQ,d.levi,3,WKS-SEC-10,,,,
2026-07-02 13:04:07,5140,SRV-FILE-HQ,d.levi,3,WKS-SEC-10,,,,\\SRV-FILE-HQ\IT
2026-07-02 13:05:22,4624,SRV-FILE-HQ,a.mizrahi,3,WKS-IT-01,,,,
2026-07-02 13:12:22,4769,SRV-DC-01,a.mizrahi,,WKS-IT-01,mssqlsvc_svc,,,MSSQLSvc/srv-cardproc.northgate.local:1433
2026-07-02 13:13:53,4769,SRV-DC-01,o.raviv,,WKS-HQ-07,cifs_svc,,,CIFS/srv-file-hq.northgate.local
2026-07-02 13:17:53,4624,SRV-FILE-HQ,o.raviv,3,WKS-HQ-07,,,,
2026-07-02 13:17:55,5140,SRV-FILE-HQ,o.raviv,3,WKS-HQ-07,,,,\\SRV-FILE-HQ\Finance
2026-07-02 13:29:10,4624,SRV-POSMGT,p.stein,3,WKS-HQ-26,,,,
2026-07-02 13:29:12,5140,SRV-POSMGT,p.stein,3,WKS-HQ-26,,,,\\SRV-POSMGT\Branches
2026-07-02 13:30:47,4624,SRV-FILE-HQ,c.barak,3,WKS-HQ-27,,,,
2026-07-02 13:31:31,4769,SRV-DC-01,h.peretz,,WKS-IT-08,http_svc,,,HTTP/web-supplier.northgate.local
2026-07-02 13:33:31,4769,SRV-DC-01,h.peretz,,WKS-IT-08,mssqlsvc_svc,,,MSSQLSvc/srv-posmgt.northgate.local:1433
2026-07-02 13:38:47,4769,SRV-DC-01,c.barak,,WKS-HQ-27,mssqlsvc_svc,,,MSSQLSvc/srv-cardproc.northgate.local:1433
2026-07-02 13:44:05,4624,SRV-DC-01,d.levi,3,WKS-SEC-10,,,,
2026-07-02 13:46:06,4624,SRV-FILE-HQ,y.segev,3,WKS-HQ-19,,,,
2026-07-02 13:46:08,5140,SRV-FILE-HQ,y.segev,3,WKS-HQ-19,,,,\\SRV-FILE-HQ\Logistics
2026-07-02 14:01:28,4769,SRV-DC-01,y.oren,,WKS-HQ-05,http_svc,,,HTTP/web-supplier.northgate.local
2026-07-02 14:02:28,4769,SRV-DC-01,u.regev,,WKS-HQ-28,cifs_svc,,,CIFS/srv-file-hq.northgate.local
2026-07-02 14:05:03,4688,WKS-HQ-24,v.harel,,,,excel.exe,excel.exe /dde,
2026-07-02 14:05:59,4624,SRV-DC-01,m.saban,3,WKS-IT-09,,,,
2026-07-02 14:06:01,5140,SRV-DC-01,m.saban,3,WKS-IT-09,,,,\\SRV-DC-01\IT
2026-07-02 14:07:43,4624,SRV-CARDPROC,g.ben-ari,3,WKS-PAY-30,,,,
2026-07-02 14:11:05,4769,SRV-DC-01,i.golan,,WKS-HQ-22,http_svc,,,HTTP/web-supplier.northgate.local
2026-07-02 14:13:05,4624,SRV-DC-01,d.levi,3,WKS-SEC-10,,,,
2026-07-02 14:14:55,4769,SRV-DC-01,r.stern,,WKS-PAY-02,cifs_svc,,,CIFS/srv-file-hq.northgate.local
2026-07-02 14:19:21,4624,SRV-FILE-HQ,r.avni,3,WKS-HQ-14,,,,
2026-07-02 14:21:39,4769,SRV-DC-01,n.barzilai,,WKS-HQ-04,http_svc,,,HTTP/web-supplier.northgate.local
2026-07-02 14:24:22,4769,SRV-DC-01,a.mizrahi,,WKS-IT-01,mssqlsvc_svc,,,MSSQLSvc/srv-posmgt.northgate.local:1433
2026-07-02 14:28:21,4769,SRV-DC-01,r.avni,,WKS-HQ-14,cifs_svc,,,CIFS/srv-file-hq.northgate.local
2026-07-02 14:32:28,4688,WKS-HQ-28,u.regev,,,,excel.exe,excel.exe /dde,
2026-07-02 14:40:32,4769,SRV-DC-01,z.amar,,WKS-HQ-25,mssqlsvc_svc,,,MSSQLSvc/srv-cardproc.northgate.local:1433
2026-07-02 14:49:28,4769,SRV-DC-01,e.shalom,,WKS-HQ-16,mssqlsvc_svc,,,MSSQLSvc/srv-cardproc.northgate.local:1433
2026-07-02 14:53:07,4624,SRV-FILE-HQ,a.dahan,3,WKS-HQ-17,,,,
2026-07-02 15:14:10,4624,SRV-POSMGT,p.stein,3,WKS-HQ-26,,,,
2026-07-02 15:14:12,5140,SRV-POSMGT,p.stein,3,WKS-HQ-26,,,,\\SRV-POSMGT\Branches
2026-07-02 15:16:28,4624,SRV-FILE-HQ,y.oren,3,WKS-HQ-05,,,,
2026-07-02 15:19:59,4624,SRV-FILE-HQ,m.saban,3,WKS-IT-09,,,,
2026-07-02 15:20:28,4769,SRV-DC-01,y.oren,,WKS-HQ-05,mssqlsvc_svc,,,MSSQLSvc/srv-posmgt.northgate.local:1433
2026-07-02 15:24:03,4624,SRV-FILE-HQ,v.harel,3,WKS-HQ-24,,,,
2026-07-02 15:24:05,5140,SRV-FILE-HQ,v.harel,3,WKS-HQ-24,,,,\\SRV-FILE-HQ\Branches
2026-07-02 15:29:05,4769,SRV-DC-01,d.levi,,WKS-SEC-10,mssqlsvc_svc,,,MSSQLSvc/srv-cardproc.northgate.local:1433
2026-07-02 15:33:59,4624,SRV-FILE-HQ,m.saban,3,WKS-IT-09,,,,
2026-07-02 15:37:28,4769,SRV-DC-01,u.regev,,WKS-HQ-28,http_svc,,,HTTP/web-supplier.northgate.local
2026-07-02 15:37:49,4634,WKS-HQ-26,p.stein,2,,,,,
2026-07-02 15:40:28,4624,SRV-FILE-HQ,e.shalom,3,WKS-HQ-16,,,,
2026-07-02 15:42:31,4769,SRV-DC-01,h.peretz,,WKS-IT-08,cifs_svc,,,CIFS/srv-file-hq.northgate.local
2026-07-02 15:53:47,4624,SRV-FILE-HQ,c.barak,3,WKS-HQ-27,,,,
2026-07-02 16:00:55,4634,WKS-HQ-22,i.golan,2,,,,,
2026-07-02 16:14:54,4624,SRV-FILE-HQ,t.hadar,3,WKS-PAY-12,,,,
2026-07-02 16:18:43,4624,SRV-CARDPROC,g.ben-ari,3,WKS-PAY-30,,,,
2026-07-02 16:20:31,4624,SRV-DC-01,e.katz,3,WKS-SEC-03,,,,
2026-07-02 16:24:18,4634,WKS-HQ-16,e.shalom,2,,,,,
2026-07-02 16:26:02,4769,SRV-DC-01,l.beit,,WKS-HQ-13,mssqlsvc_svc,,,MSSQLSvc/srv-cardproc.northgate.local:1433
2026-07-02 16:27:22,4769,SRV-DC-01,a.mizrahi,,WKS-IT-01,http_svc,,,HTTP/web-supplier.northgate.local
2026-07-02 16:28:53,4624,SRV-FILE-HQ,o.raviv,3,WKS-HQ-07,,,,
2026-07-02 16:50:21,4624,SRV-FILE-HQ,k.oz,3,WKS-HQ-20,,,,
2026-07-02 16:51:20,4769,SRV-DC-01,n.hazan,,WKS-HQ-15,http_svc,,,HTTP/web-supplier.northgate.local
2026-07-02 16:57:07,4769,SRV-DC-01,a.dahan,,WKS-HQ-17,http_svc,,,HTTP/web-supplier.northgate.local
2026-07-02 16:57:26,4634,WKS-PAY-30,g.ben-ari,2,,,,,
2026-07-02 17:00:27,4634,WKS-HQ-17,a.dahan,2,,,,,
2026-07-02 17:02:21,4634,WKS-HQ-23,s.mor,2,,,,,
2026-07-02 17:03:31,4624,SRV-FILE-HQ,h.peretz,3,WKS-IT-08,,,,
2026-07-02 17:03:33,5140,SRV-FILE-HQ,h.peretz,3,WKS-IT-08,,,,\\SRV-FILE-HQ\IT
2026-07-02 17:04:47,4624,SRV-FILE-HQ,c.barak,3,WKS-HQ-27,,,,
2026-07-02 17:06:53,4634,WKS-IT-08,h.peretz,2,,,,,
2026-07-02 17:09:17,4634,WKS-HQ-25,z.amar,2,,,,,
2026-07-02 17:09:35,4634,WKS-HQ-04,n.barzilai,2,,,,,
2026-07-02 17:12:31,4634,WKS-IT-09,m.saban,2,,,,,
2026-07-02 17:14:51,4634,WKS-HQ-24,v.harel,2,,,,,
2026-07-02 17:18:19,4634,WKS-HQ-21,b.naim,2,,,,,
2026-07-02 17:26:31,4634,WKS-HQ-19,y.segev,2,,,,,
2026-07-02 17:36:41,4634,WKS-PAY-12,t.hadar,2,,,,,
2026-07-02 17:44:14,4634,WKS-HQ-20,k.oz,2,,,,,
2026-07-02 17:46:25,4634,WKS-PAY-02,r.stern,2,,,,,
2026-07-02 17:54:39,4634,WKS-HQ-18,m.tal,2,,,,,
2026-07-02 17:57:09,4634,WKS-IT-01,a.mizrahi,2,,,,,
2026-07-02 18:04:55,4634,WKS-SEC-03,e.katz,2,,,,,
2026-07-02 18:13:05,4634,WKS-SEC-10,d.levi,2,,,,,
2026-07-02 18:20:23,4634,WKS-HQ-27,c.barak,2,,,,,
2026-07-02 18:21:42,4634,WKS-HQ-06,g.shemesh,2,,,,,
2026-07-02 18:29:36,4634,WKS-HQ-14,r.avni,2,,,,,
2026-07-02 18:33:45,4634,WKS-HQ-05,y.oren,2,,,,,
2026-07-02 18:54:49,4634,WKS-HQ-28,u.regev,2,,,,,
2026-07-02 18:58:34,4634,WKS-IT-29,f.zohar,2,,,,,
2026-07-02 19:02:41,4634,WKS-HQ-07,o.raviv,2,,,,,
2026-07-02 19:16:43,4634,WKS-HQ-15,n.hazan,2,,,,,
2026-07-02 19:19:43,4634,WKS-HQ-13,l.beit,2,,,,,
2026-07-05 07:22:56,4624,WKS-HQ-25,z.amar,2,WKS-HQ-25,,,,
2026-07-05 07:32:51,4624,WKS-HQ-26,p.stein,2,WKS-HQ-26,,,,
2026-07-05 07:38:08,4624,WKS-HQ-23,s.mor,2,WKS-HQ-23,,,,
2026-07-05 07:52:24,4624,WKS-HQ-22,i.golan,2,WKS-HQ-22,,,,
2026-07-05 07:58:24,4769,SRV-DC-01,i.golan,,WKS-HQ-22,mssqlsvc_svc,,,MSSQLSvc/srv-cardproc.northgate.local:1433
2026-07-05 07:59:03,4624,WKS-PAY-11,s.arbel,2,WKS-PAY-11,,,,
2026-07-05 08:00:48,4624,WKS-HQ-16,e.shalom,2,WKS-HQ-16,,,,
2026-07-05 08:01:02,4624,WKS-IT-01,a.mizrahi,2,WKS-IT-01,,,,
2026-07-05 08:01:03,4672,WKS-IT-01,a.mizrahi,2,,,,,
2026-07-05 08:02:28,4624,WKS-PAY-02,r.stern,2,WKS-PAY-02,,,,
2026-07-05 08:05:19,4624,WKS-PAY-30,g.ben-ari,2,WKS-PAY-30,,,,
2026-07-05 08:05:53,4624,WKS-HQ-24,v.harel,2,WKS-HQ-24,,,,
2026-07-05 08:10:07,4624,WKS-HQ-19,y.segev,2,WKS-HQ-19,,,,
2026-07-05 08:13:56,4624,SRV-POSMGT,z.amar,3,WKS-HQ-25,,,,
2026-07-05 08:13:58,5140,SRV-POSMGT,z.amar,3,WKS-HQ-25,,,,\\SRV-POSMGT\Branches
2026-07-05 08:18:07,4624,SRV-FILE-HQ,y.segev,3,WKS-HQ-19,,,,
2026-07-05 08:23:34,4624,WKS-HQ-05,y.oren,2,WKS-HQ-05,,,,
2026-07-05 08:25:02,4624,WKS-SEC-03,e.katz,2,WKS-SEC-03,,,,
2026-07-05 08:28:08,4624,WKS-HQ-20,k.oz,2,WKS-HQ-20,,,,
2026-07-05 08:30:02,4624,SRV-FILE-HQ,a.mizrahi,3,WKS-IT-01,,,,
2026-07-05 08:30:04,5140,SRV-FILE-HQ,a.mizrahi,3,WKS-IT-01,,,,\\SRV-FILE-HQ\IT
2026-07-05 08:30:50,4624,WKS-HQ-17,a.dahan,2,WKS-HQ-17,,,,
2026-07-05 08:35:27,4624,WKS-HQ-28,u.regev,2,WKS-HQ-28,,,,
2026-07-05 08:35:50,4769,SRV-DC-01,a.dahan,,WKS-HQ-17,cifs_svc,,,CIFS/srv-file-hq.northgate.local
2026-07-05 08:37:44,4624,WKS-IT-29,f.zohar,2,WKS-IT-29,,,,
2026-07-05 08:39:03,4769,SRV-DC-01,s.arbel,,WKS-PAY-11,cifs_svc,,,CIFS/srv-file-hq.northgate.local
2026-07-05 08:39:30,4624,WKS-HQ-14,r.avni,2,WKS-HQ-14,,,,
2026-07-05 08:40:19,4624,WKS-SEC-10,d.levi,2,WKS-SEC-10,,,,
2026-07-05 08:42:19,4624,WKS-HQ-27,c.barak,2,WKS-HQ-27,,,,
2026-07-05 08:44:29,4624,WKS-IT-08,h.peretz,2,WKS-IT-08,,,,
2026-07-05 08:55:56,4624,SRV-POSMGT,z.amar,3,WKS-HQ-25,,,,
2026-07-05 08:59:44,4624,WKS-HQ-18,m.tal,2,WKS-HQ-18,,,,
2026-07-05 09:00:02,4769,SRV-DC-01,e.katz,,WKS-SEC-03,cifs_svc,,,CIFS/srv-file-hq.northgate.local
2026-07-05 09:01:05,4624,WKS-PAY-12,t.hadar,2,WKS-PAY-12,,,,
2026-07-05 09:01:51,4769,SRV-DC-01,p.stein,,WKS-HQ-26,cifs_svc,,,CIFS/srv-file-hq.northgate.local
2026-07-05 09:01:56,4624,WKS-HQ-06,g.shemesh,2,WKS-HQ-06,,,,
2026-07-05 09:03:03,4624,SRV-CARDPROC,s.arbel,3,WKS-PAY-11,,,,
2026-07-05 09:03:42,4624,WKS-HQ-21,b.naim,2,WKS-HQ-21,,,,
2026-07-05 09:03:47,4624,WKS-HQ-15,n.hazan,2,WKS-HQ-15,,,,
2026-07-05 09:06:19,4769,SRV-DC-01,d.levi,,WKS-SEC-10,mssqlsvc_svc,,,MSSQLSvc/srv-cardproc.northgate.local:1433
2026-07-05 09:06:22,4625,WKS-HQ-13,l.beit,2,WKS-HQ-13,,,,
2026-07-05 09:06:54,4624,WKS-HQ-13,l.beit,2,WKS-HQ-13,,,,
2026-07-05 09:07:19,4624,SRV-FILE-HQ,c.barak,3,WKS-HQ-27,,,,
2026-07-05 09:13:05,4624,SRV-FILE-HQ,t.hadar,3,WKS-PAY-12,,,,
2026-07-05 09:14:02,4624,SRV-DC-01,e.katz,3,WKS-SEC-03,,,,
2026-07-05 09:14:04,5140,SRV-DC-01,e.katz,3,WKS-SEC-03,,,,\\SRV-DC-01\IT
2026-07-05 09:16:41,4624,WKS-IT-09,m.saban,2,WKS-IT-09,,,,
2026-07-05 09:21:33,4624,WKS-HQ-07,o.raviv,2,WKS-HQ-07,,,,
2026-07-05 09:25:09,4624,WKS-HQ-04,n.barzilai,2,WKS-HQ-04,,,,
2026-07-05 09:31:02,4769,SRV-DC-01,e.katz,,WKS-SEC-03,cifs_svc,,,CIFS/srv-file-hq.northgate.local
2026-07-05 09:47:07,4769,SRV-DC-01,y.segev,,WKS-HQ-19,mssqlsvc_svc,,,MSSQLSvc/srv-cardproc.northgate.local:1433
2026-07-05 09:51:30,4769,SRV-DC-01,r.avni,,WKS-HQ-14,cifs_svc,,,CIFS/srv-file-hq.northgate.local
2026-07-05 09:53:41,4624,SRV-FILE-HQ,m.saban,3,WKS-IT-09,,,,
2026-07-05 09:53:43,5140,SRV-FILE-HQ,m.saban,3,WKS-IT-09,,,,\\SRV-FILE-HQ\IT
2026-07-05 09:58:34,4624,SRV-FILE-HQ,y.oren,3,WKS-HQ-05,,,,
2026-07-05 10:13:53,4769,SRV-DC-01,v.harel,,WKS-HQ-24,cifs_svc,,,CIFS/srv-file-hq.northgate.local
2026-07-05 10:17:50,4769,SRV-DC-01,a.dahan,,WKS-HQ-17,http_svc,,,HTTP/web-supplier.northgate.local
2026-07-05 10:26:54,4688,WKS-HQ-13,l.beit,,,,excel.exe,excel.exe /dde,
2026-07-05 10:28:33,4624,SRV-FILE-HQ,o.raviv,3,WKS-HQ-07,,,,
2026-07-05 10:28:35,5140,SRV-FILE-HQ,o.raviv,3,WKS-HQ-07,,,,\\SRV-FILE-HQ\Finance
2026-07-05 10:28:53,4624,SRV-POSMGT,v.harel,3,WKS-HQ-24,,,,
2026-07-05 10:32:24,4624,SRV-FILE-HQ,i.golan,3,WKS-HQ-22,,,,
2026-07-05 10:36:33,4624,SRV-FILE-HQ,o.raviv,3,WKS-HQ-07,,,,
2026-07-05 10:38:54,4624,SRV-FILE-HQ,l.beit,3,WKS-HQ-13,,,,
2026-07-05 10:40:07,4624,SRV-FILE-HQ,y.segev,3,WKS-HQ-19,,,,
2026-07-05 10:41:03,4624,SRV-FILE-HQ,s.arbel,3,WKS-PAY-11,,,,
2026-07-05 10:45:28,4769,SRV-DC-01,r.stern,,WKS-PAY-02,mssqlsvc_svc,,,MSSQLSvc/srv-cardproc.northgate.local:1433
2026-07-05 10:49:08,4769,SRV-DC-01,k.oz,,WKS-HQ-20,mssqlsvc_svc,,,MSSQLSvc/srv-cardproc.northgate.local:1433
2026-07-05 10:51:47,4624,SRV-FILE-HQ,n.hazan,3,WKS-HQ-15,,,,
2026-07-05 10:51:49,5140,SRV-FILE-HQ,n.hazan,3,WKS-HQ-15,,,,\\SRV-FILE-HQ\Finance
2026-07-05 10:53:29,4624,SRV-FILE-HQ,h.peretz,3,WKS-IT-08,,,,
2026-07-05 10:53:31,5140,SRV-FILE-HQ,h.peretz,3,WKS-IT-08,,,,\\SRV-FILE-HQ\IT
2026-07-05 10:58:02,4624,SRV-DC-01,e.katz,3,WKS-SEC-03,,,,
2026-07-05 10:58:04,5140,SRV-DC-01,e.katz,3,WKS-SEC-03,,,,\\SRV-DC-01\IT
2026-07-05 10:58:53,4769,SRV-DC-01,v.harel,,WKS-HQ-24,mssqlsvc_svc,,,MSSQLSvc/srv-cardproc.northgate.local:1433
2026-07-05 11:03:02,4624,SRV-FILE-HQ,a.mizrahi,3,WKS-IT-01,,,,
2026-07-05 11:03:04,5140,SRV-FILE-HQ,a.mizrahi,3,WKS-IT-01,,,,\\SRV-FILE-HQ\IT
2026-07-05 11:05:41,4624,SRV-DC-01,m.saban,3,WKS-IT-09,,,,
2026-07-05 11:15:41,4769,SRV-DC-01,m.saban,,WKS-IT-09,mssqlsvc_svc,,,MSSQLSvc/srv-cardproc.northgate.local:1433
2026-07-05 11:21:53,4688,WKS-HQ-24,v.harel,,,,chrome.exe,chrome.exe --restore-last-session,
2026-07-05 11:27:51,4769,SRV-DC-01,p.stein,,WKS-HQ-26,mssqlsvc_svc,,,MSSQLSvc/srv-cardproc.northgate.local:1433
2026-07-05 11:33:29,4769,SRV-DC-01,h.peretz,,WKS-IT-08,mssqlsvc_svc,,,MSSQLSvc/srv-cardproc.northgate.local:1433
2026-07-05 11:36:03,4624,SRV-CARDPROC,s.arbel,3,WKS-PAY-11,,,,
2026-07-05 11:56:02,4624,SRV-DC-01,e.katz,3,WKS-SEC-03,,,,
2026-07-05 11:56:04,5140,SRV-DC-01,e.katz,3,WKS-SEC-03,,,,\\SRV-DC-01\IT
2026-07-05 12:05:19,4769,SRV-DC-01,d.levi,,WKS-SEC-10,mssqlsvc_svc,,,MSSQLSvc/srv-posmgt.northgate.local:1433
2026-07-05 12:11:34,4769,SRV-DC-01,y.oren,,WKS-HQ-05,http_svc,,,HTTP/web-supplier.northgate.local
2026-07-05 12:14:08,4769,SRV-DC-01,s.mor,,WKS-HQ-23,mssqlsvc_svc,,,MSSQLSvc/srv-cardproc.northgate.local:1433
2026-07-05 12:20:28,4769,SRV-DC-01,r.stern,,WKS-PAY-02,cifs_svc,,,CIFS/srv-file-hq.northgate.local
2026-07-05 12:20:33,4688,WKS-HQ-07,o.raviv,,,,outlook.exe,outlook.exe /recycle,
2026-07-05 12:21:56,4769,SRV-DC-01,z.amar,,WKS-HQ-25,cifs_svc,,,CIFS/srv-file-hq.northgate.local
2026-07-05 12:31:29,4769,SRV-DC-01,h.peretz,,WKS-IT-08,http_svc,,,HTTP/web-supplier.northgate.local
2026-07-05 12:37:42,4624,SRV-FILE-HQ,b.naim,3,WKS-HQ-21,,,,
2026-07-05 12:39:19,4624,SRV-FILE-HQ,c.barak,3,WKS-HQ-27,,,,
2026-07-05 12:39:21,5140,SRV-FILE-HQ,c.barak,3,WKS-HQ-27,,,,\\SRV-FILE-HQ\Marketing
2026-07-05 12:39:24,4624,SRV-POSMGT,i.golan,3,WKS-HQ-22,,,,
2026-07-05 12:50:27,4624,SRV-FILE-HQ,u.regev,3,WKS-HQ-28,,,,
2026-07-05 12:50:29,5140,SRV-FILE-HQ,u.regev,3,WKS-HQ-28,,,,\\SRV-FILE-HQ\Marketing
2026-07-05 12:50:47,4769,SRV-DC-01,n.hazan,,WKS-HQ-15,mssqlsvc_svc,,,MSSQLSvc/srv-posmgt.northgate.local:1433
2026-07-05 12:54:28,4624,SRV-FILE-HQ,r.stern,3,WKS-PAY-02,,,,
2026-07-05 12:55:08,4688,WKS-HQ-20,k.oz,,,,winword.exe,winword.exe /w,
2026-07-05 13:03:41,4624,SRV-FILE-HQ,m.saban,3,WKS-IT-09,,,,
2026-07-05 13:04:44,4624,SRV-FILE-HQ,m.tal,3,WKS-HQ-18,,,,
2026-07-05 13:06:56,4624,SRV-FILE-HQ,z.amar,3,WKS-HQ-25,,,,
2026-07-05 13:17:44,4624,SRV-DC-01,f.zohar,3,WKS-IT-29,,,,
2026-07-05 13:25:56,4769,SRV-DC-01,z.amar,,WKS-HQ-25,mssqlsvc_svc,,,MSSQLSvc/srv-posmgt.northgate.local:1433
2026-07-05 13:28:53,4624,SRV-POSMGT,v.harel,3,WKS-HQ-24,,,,
2026-07-05 13:30:27,4624,SRV-FILE-HQ,u.regev,3,WKS-HQ-28,,,,
2026-07-05 13:33:19,4624,SRV-FILE-HQ,c.barak,3,WKS-HQ-27,,,,
2026-07-05 13:34:56,4769,SRV-DC-01,g.shemesh,,WKS-HQ-06,mssqlsvc_svc,,,MSSQLSvc/srv-cardproc.northgate.local:1433
2026-07-05 13:37:44,4769,SRV-DC-01,f.zohar,,WKS-IT-29,mssqlsvc_svc,,,MSSQLSvc/srv-cardproc.northgate.local:1433
2026-07-05 13:41:29,4688,WKS-IT-08,h.peretz,,,,outlook.exe,outlook.exe /recycle,
2026-07-05 13:46:54,4769,SRV-DC-01,l.beit,,WKS-HQ-13,cifs_svc,,,CIFS/srv-file-hq.northgate.local
2026-07-05 13:47:19,4769,SRV-DC-01,d.levi,,WKS-SEC-10,mssqlsvc_svc,,,MSSQLSvc/srv-cardproc.northgate.local:1433
2026-07-05 13:49:54,4769,SRV-DC-01,l.beit,,WKS-HQ-13,cifs_svc,,,CIFS/srv-file-hq.northgate.local
2026-07-05 13:52:24,4688,WKS-HQ-22,i.golan,,,,winword.exe,winword.exe /w,
2026-07-05 13:54:05,4624,SRV-FILE-HQ,t.hadar,3,WKS-PAY-12,,,,
2026-07-05 13:55:48,4624,SRV-FILE-HQ,e.shalom,3,WKS-HQ-16,,,,
2026-07-05 13:59:07,4688,WKS-HQ-19,y.segev,,,,outlook.exe,outlook.exe /recycle,
2026-07-05 14:00:33,4769,SRV-DC-01,o.raviv,,WKS-HQ-07,http_svc,,,HTTP/web-supplier.northgate.local
2026-07-05 14:02:02,4688,WKS-SEC-03,e.katz,,,,winword.exe,winword.exe /w,
2026-07-05 14:03:28,4624,SRV-CARDPROC,r.stern,3,WKS-PAY-02,,,,
2026-07-05 14:10:09,4624,SRV-FILE-HQ,n.barzilai,3,WKS-HQ-04,,,,
2026-07-05 14:10:30,4624,SRV-FILE-HQ,r.avni,3,WKS-HQ-14,,,,
2026-07-05 14:17:51,4769,SRV-DC-01,p.stein,,WKS-HQ-26,http_svc,,,HTTP/web-supplier.northgate.local
2026-07-05 14:18:56,4624,SRV-FILE-HQ,z.amar,3,WKS-HQ-25,,,,
2026-07-05 14:20:19,4769,SRV-DC-01,c.barak,,WKS-HQ-27,http_svc,,,HTTP/web-supplier.northgate.local
2026-07-05 14:22:19,4624,SRV-FILE-HQ,g.ben-ari,3,WKS-PAY-30,,,,
2026-07-05 14:23:09,4624,SRV-FILE-HQ,n.barzilai,3,WKS-HQ-04,,,,
2026-07-05 14:24:56,4769,SRV-DC-01,g.shemesh,,WKS-HQ-06,http_svc,,,HTTP/web-supplier.northgate.local
2026-07-05 14:27:51,4624,SRV-FILE-HQ,p.stein,3,WKS-HQ-26,,,,
2026-07-05 14:41:28,4624,SRV-FILE-HQ,r.stern,3,WKS-PAY-02,,,,
2026-07-05 14:41:30,5140,SRV-FILE-HQ,r.stern,3,WKS-PAY-02,,,,\\SRV-FILE-HQ\Payments
2026-07-05 15:08:24,4624,SRV-FILE-HQ,i.golan,3,WKS-HQ-22,,,,
2026-07-05 15:22:41,4624,SRV-FILE-HQ,m.saban,3,WKS-IT-09,,,,
2026-07-05 15:23:28,4688,WKS-PAY-02,r.stern,,,,chrome.exe,chrome.exe --restore-last-session,
2026-07-05 15:25:27,4624,SRV-FILE-HQ,u.regev,3,WKS-HQ-28,,,,
2026-07-05 15:27:54,4624,SRV-FILE-HQ,l.beit,3,WKS-HQ-13,,,,
2026-07-05 15:27:56,5140,SRV-FILE-HQ,l.beit,3,WKS-HQ-13,,,,\\SRV-FILE-HQ\Vendors
2026-07-05 15:33:24,4769,SRV-DC-01,i.golan,,WKS-HQ-22,mssqlsvc_svc,,,MSSQLSvc/srv-cardproc.northgate.local:1433
2026-07-05 15:34:27,4769,SRV-DC-01,u.regev,,WKS-HQ-28,cifs_svc,,,CIFS/srv-file-hq.northgate.local
2026-07-05 15:35:08,4769,SRV-DC-01,k.oz,,WKS-HQ-20,mssqlsvc_svc,,,MSSQLSvc/srv-cardproc.northgate.local:1433
2026-07-05 15:37:34,4624,SRV-FILE-HQ,y.oren,3,WKS-HQ-05,,,,
2026-07-05 15:37:36,5140,SRV-FILE-HQ,y.oren,3,WKS-HQ-05,,,,\\SRV-FILE-HQ\Procurement
2026-07-05 15:40:17,4634,WKS-HQ-23,s.mor,2,,,,,
2026-07-05 15:42:47,4624,SRV-FILE-HQ,n.hazan,3,WKS-HQ-15,,,,
2026-07-05 15:50:47,4769,SRV-DC-01,n.hazan,,WKS-HQ-15,mssqlsvc_svc,,,MSSQLSvc/srv-cardproc.northgate.local:1433
2026-07-05 15:58:41,4624,SRV-FILE-HQ,m.saban,3,WKS-IT-09,,,,
2026-07-05 15:58:43,5140,SRV-FILE-HQ,m.saban,3,WKS-IT-09,,,,\\SRV-FILE-HQ\IT
2026-07-05 16:07:02,4769,SRV-DC-01,a.mizrahi,,WKS-IT-01,mssqlsvc_svc,,,MSSQLSvc/srv-cardproc.northgate.local:1433
2026-07-05 16:10:08,4624,SRV-FILE-HQ,k.oz,3,WKS-HQ-20,,,,
2026-07-05 16:10:10,5140,SRV-FILE-HQ,k.oz,3,WKS-HQ-20,,,,\\SRV-FILE-HQ\Logistics
2026-07-05 16:11:10,4634,WKS-HQ-22,i.golan,2,,,,,
2026-07-05 16:16:56,4624,SRV-FILE-HQ,g.shemesh,3,WKS-HQ-06,,,,
2026-07-05 16:16:58,5140,SRV-FILE-HQ,g.shemesh,3,WKS-HQ-06,,,,\\SRV-FILE-HQ\Finance
2026-07-05 16:21:04,4634,WKS-HQ-19,y.segev,2,,,,,
2026-07-05 16:28:09,4624,SRV-FILE-HQ,n.barzilai,3,WKS-HQ-04,,,,
2026-07-05 16:30:42,4769,SRV-DC-01,b.naim,,WKS-HQ-21,mssqlsvc_svc,,,MSSQLSvc/srv-cardproc.northgate.local:1433
2026-07-05 16:33:54,4624,SRV-FILE-HQ,l.beit,3,WKS-HQ-13,,,,
2026-07-05 16:45:47,4624,SRV-FILE-HQ,n.hazan,3,WKS-HQ-15,,,,
2026-07-05 16:47:59,4634,WKS-HQ-20,k.oz,2,,,,,
2026-07-05 16:48:19,4634,WKS-HQ-26,p.stein,2,,,,,
2026-07-05 16:53:44,4624,SRV-DC-01,f.zohar,3,WKS-IT-29,,,,
2026-07-05 16:54:51,4634,WKS-PAY-11,s.arbel,2,,,,,
2026-07-05 16:56:56,4634,WKS-HQ-25,z.amar,2,,,,,
2026-07-05 16:57:19,4769,SRV-DC-01,c.barak,,WKS-HQ-27,mssqlsvc_svc,,,MSSQLSvc/srv-cardproc.northgate.local:1433
2026-07-05 16:58:42,4624,SRV-FILE-HQ,b.naim,3,WKS-HQ-21,,,,
2026-07-05 16:58:44,5140,SRV-FILE-HQ,b.naim,3,WKS-HQ-21,,,,\\SRV-FILE-HQ\Logistics
2026-07-05 17:02:13,4634,WKS-HQ-17,a.dahan,2,,,,,
2026-07-05 17:07:10,4634,WKS-IT-01,a.mizrahi,2,,,,,
2026-07-05 17:10:06,4634,WKS-HQ-05,y.oren,2,,,,,
2026-07-05 17:14:43,4634,WKS-HQ-06,g.shemesh,2,,,,,
2026-07-05 17:15:41,4634,WKS-HQ-24,v.harel,2,,,,,
2026-07-05 17:20:05,4624,SRV-CARDPROC,t.hadar,3,WKS-PAY-12,,,,
2026-07-05 17:20:05,4769,SRV-DC-01,t.hadar,,WKS-PAY-12,mssqlsvc_svc,,,MSSQLSvc/srv-posmgt.northgate.local:1433
2026-07-05 17:23:34,4634,WKS-PAY-30,g.ben-ari,2,,,,,
2026-07-05 17:26:24,4634,WKS-HQ-28,u.regev,2,,,,,
2026-07-05 17:27:48,4634,WKS-HQ-13,l.beit,2,,,,,
2026-07-05 17:38:42,4624,SRV-FILE-HQ,b.naim,3,WKS-HQ-21,,,,
2026-07-05 17:38:44,5140,SRV-FILE-HQ,b.naim,3,WKS-HQ-21,,,,\\SRV-FILE-HQ\Logistics
2026-07-05 17:40:47,4634,WKS-SEC-03,e.katz,2,,,,,
2026-07-05 17:46:50,4634,WKS-HQ-21,b.naim,2,,,,,
2026-07-05 17:50:01,4634,WKS-HQ-16,e.shalom,2,,,,,
2026-07-05 18:01:54,4634,WKS-IT-29,f.zohar,2,,,,,
2026-07-05 18:04:47,4634,WKS-PAY-12,t.hadar,2,,,,,
2026-07-05 18:04:52,4634,WKS-HQ-14,r.avni,2,,,,,
2026-07-05 18:11:25,4634,WKS-HQ-27,c.barak,2,,,,,
2026-07-05 18:13:53,4634,WKS-PAY-02,r.stern,2,,,,,
2026-07-05 18:32:19,4634,WKS-HQ-15,n.hazan,2,,,,,
2026-07-05 18:36:14,4634,WKS-IT-08,h.peretz,2,,,,,
2026-07-05 18:38:22,4634,WKS-IT-09,m.saban,2,,,,,
2026-07-05 18:42:53,4634,WKS-HQ-18,m.tal,2,,,,,
2026-07-05 18:54:05,4634,WKS-HQ-04,n.barzilai,2,,,,,
2026-07-05 18:58:29,4634,WKS-SEC-10,d.levi,2,,,,,
2026-07-05 19:11:27,4634,WKS-HQ-07,o.raviv,2,,,,,
2026-07-06 06:28:51,4624,WKS-HQ-25,z.amar,2,WKS-HQ-25,,,,
2026-07-06 07:29:17,4624,WKS-HQ-26,p.stein,2,WKS-HQ-26,,,,
2026-07-06 07:39:01,4624,WKS-HQ-22,i.golan,2,WKS-HQ-22,,,,
2026-07-06 07:40:22,4624,WKS-HQ-24,v.harel,2,WKS-HQ-24,,,,
2026-07-06 07:48:17,4624,SRV-POSMGT,p.stein,3,WKS-HQ-26,,,,
2026-07-06 08:05:51,4688,WKS-HQ-25,z.amar,,,,excel.exe,excel.exe /dde,
2026-07-06 08:06:01,4624,WKS-HQ-16,e.shalom,2,WKS-HQ-16,,,,
2026-07-06 08:13:46,4624,WKS-HQ-19,y.segev,2,WKS-HQ-19,,,,
2026-07-06 08:19:24,4624,WKS-PAY-12,t.hadar,2,WKS-PAY-12,,,,
2026-07-06 08:21:34,4624,WKS-HQ-20,k.oz,2,WKS-HQ-20,,,,
2026-07-06 08:22:40,4624,WKS-SEC-03,e.katz,2,WKS-SEC-03,,,,
2026-07-06 08:22:58,4624,WKS-HQ-14,r.avni,2,WKS-HQ-14,,,,
2026-07-06 08:23:07,4624,WKS-HQ-21,b.naim,2,WKS-HQ-21,,,,
2026-07-06 08:24:50,4624,WKS-PAY-30,g.ben-ari,2,WKS-PAY-30,,,,
2026-07-06 08:27:17,4624,SRV-POSMGT,p.stein,3,WKS-HQ-26,,,,
2026-07-06 08:32:15,4624,WKS-IT-08,h.peretz,2,WKS-IT-08,,,,
2026-07-06 08:32:59,4624,WKS-IT-09,m.saban,2,WKS-IT-09,,,,
2026-07-06 08:33:50,4624,WKS-IT-01,a.mizrahi,2,WKS-IT-01,,,,
2026-07-06 08:33:51,4672,WKS-IT-01,a.mizrahi,2,,,,,
2026-07-06 08:35:56,4624,WKS-HQ-28,u.regev,2,WKS-HQ-28,,,,
2026-07-06 08:37:04,4624,WKS-HQ-13,l.beit,2,WKS-HQ-13,,,,
2026-07-06 08:40:56,4769,SRV-DC-01,u.regev,,WKS-HQ-28,mssqlsvc_svc,,,MSSQLSvc/srv-posmgt.northgate.local:1433
2026-07-06 08:41:12,4624,WKS-IT-29,f.zohar,2,WKS-IT-29,,,,
2026-07-06 08:42:53,4624,WKS-PAY-11,s.arbel,2,WKS-PAY-11,,,,
2026-07-06 08:46:26,4624,WKS-HQ-17,a.dahan,2,WKS-HQ-17,,,,
2026-07-06 08:51:37,4624,WKS-HQ-06,g.shemesh,2,WKS-HQ-06,,,,
2026-07-06 08:52:35,4624,WKS-HQ-05,y.oren,2,WKS-HQ-05,,,,
2026-07-06 08:52:55,4624,WKS-HQ-18,m.tal,2,WKS-HQ-18,,,,
2026-07-06 09:00:46,4769,SRV-DC-01,y.segev,,WKS-HQ-19,cifs_svc,,,CIFS/srv-file-hq.northgate.local
2026-07-06 09:01:11,4624,WKS-SEC-10,d.levi,2,WKS-SEC-10,,,,
2026-07-06 09:02:09,4624,WKS-HQ-04,n.barzilai,2,WKS-HQ-04,,,,
2026-07-06 09:06:56,4624,SRV-FILE-HQ,u.regev,3,WKS-HQ-28,,,,
2026-07-06 09:14:30,4624,WKS-HQ-27,c.barak,2,WKS-HQ-27,,,,
2026-07-06 09:15:01,4624,SRV-POSMGT,i.golan,3,WKS-HQ-22,,,,
2026-07-06 09:17:15,4769,SRV-DC-01,h.peretz,,WKS-IT-08,cifs_svc,,,CIFS/srv-file-hq.northgate.local
2026-07-06 09:17:56,4769,SRV-DC-01,u.regev,,WKS-HQ-28,mssqlsvc_svc,,,MSSQLSvc/srv-cardproc.northgate.local:1433
2026-07-06 09:19:14,4624,WKS-HQ-07,o.raviv,2,WKS-HQ-07,,,,
2026-07-06 09:20:52,4624,WKS-HQ-15,n.hazan,2,WKS-HQ-15,,,,
2026-07-06 09:23:59,4624,SRV-DC-01,m.saban,3,WKS-IT-09,,,,
2026-07-06 09:38:53,4769,SRV-DC-01,s.arbel,,WKS-PAY-11,http_svc,,,HTTP/web-supplier.northgate.local
2026-07-06 09:39:09,4769,SRV-DC-01,n.barzilai,,WKS-HQ-04,cifs_svc,,,CIFS/srv-file-hq.northgate.local
2026-07-06 09:39:09,4769,SRV-DC-01,n.barzilai,,WKS-HQ-04,cifs_svc,,,CIFS/srv-file-hq.northgate.local
2026-07-06 09:42:52,4769,SRV-DC-01,n.hazan,,WKS-HQ-15,mssqlsvc_svc,,,MSSQLSvc/srv-posmgt.northgate.local:1433
2026-07-06 09:43:30,4624,SRV-FILE-HQ,c.barak,3,WKS-HQ-27,,,,
2026-07-06 09:48:58,4624,SRV-FILE-HQ,r.avni,3,WKS-HQ-14,,,,
2026-07-06 09:48:59,4624,SRV-FILE-HQ,m.saban,3,WKS-IT-09,,,,
2026-07-06 09:49:00,5140,SRV-FILE-HQ,r.avni,3,WKS-HQ-14,,,,\\SRV-FILE-HQ\Procurement
2026-07-06 09:52:56,4624,SRV-FILE-HQ,u.regev,3,WKS-HQ-28,,,,
2026-07-06 09:55:01,4769,SRV-DC-01,i.golan,,WKS-HQ-22,http_svc,,,HTTP/web-supplier.northgate.local
2026-07-06 09:57:11,4624,SRV-FILE-HQ,d.levi,3,WKS-SEC-10,,,,
2026-07-06 09:57:30,4624,SRV-FILE-HQ,c.barak,3,WKS-HQ-27,,,,
2026-07-06 10:08:51,4624,SRV-FILE-HQ,z.amar,3,WKS-HQ-25,,,,
2026-07-06 10:10:22,4624,SRV-FILE-HQ,v.harel,3,WKS-HQ-24,,,,
2026-07-06 10:10:24,5140,SRV-FILE-HQ,v.harel,3,WKS-HQ-24,,,,\\SRV-FILE-HQ\Branches
2026-07-06 10:10:59,4769,SRV-DC-01,m.saban,,WKS-IT-09,cifs_svc,,,CIFS/srv-file-hq.northgate.local
2026-07-06 10:13:50,4624,SRV-CARDPROC,g.ben-ari,3,WKS-PAY-30,,,,
2026-07-06 10:13:52,5140,SRV-CARDPROC,g.ben-ari,3,WKS-PAY-30,,,,\\SRV-CARDPROC\Payments
2026-07-06 10:17:24,4769,SRV-DC-01,t.hadar,,WKS-PAY-12,mssqlsvc_svc,,,MSSQLSvc/srv-posmgt.northgate.local:1433
2026-07-06 10:21:12,4624,SRV-FILE-HQ,f.zohar,3,WKS-IT-29,,,,
2026-07-06 10:26:04,4769,SRV-DC-01,l.beit,,WKS-HQ-13,mssqlsvc_svc,,,MSSQLSvc/srv-cardproc.northgate.local:1433
2026-07-06 10:33:35,4769,SRV-DC-01,y.oren,,WKS-HQ-05,cifs_svc,,,CIFS/srv-file-hq.northgate.local
2026-07-06 10:36:22,4624,SRV-FILE-HQ,v.harel,3,WKS-HQ-24,,,,
2026-07-06 10:36:24,5140,SRV-FILE-HQ,v.harel,3,WKS-HQ-24,,,,\\SRV-FILE-HQ\Branches
2026-07-06 10:53:09,4688,WKS-HQ-04,n.barzilai,,,,outlook.exe,outlook.exe /recycle,
2026-07-06 10:56:24,4769,SRV-DC-01,t.hadar,,WKS-PAY-12,http_svc,,,HTTP/web-supplier.northgate.local
2026-07-06 10:57:37,4624,SRV-FILE-HQ,g.shemesh,3,WKS-HQ-06,,,,
2026-07-06 10:58:01,4624,SRV-FILE-HQ,i.golan,3,WKS-HQ-22,,,,
2026-07-06 10:58:03,5140,SRV-FILE-HQ,i.golan,3,WKS-HQ-22,,,,\\SRV-FILE-HQ\Branches
2026-07-06 11:08:01,4769,SRV-DC-01,e.shalom,,WKS-HQ-16,mssqlsvc_svc,,,MSSQLSvc/srv-cardproc.northgate.local:1433
2026-07-06 11:11:56,4688,WKS-HQ-28,u.regev,,,,outlook.exe,outlook.exe /recycle,
2026-07-06 11:12:56,4769,SRV-DC-01,u.regev,,WKS-HQ-28,mssqlsvc_svc,,,MSSQLSvc/srv-posmgt.northgate.local:1433
2026-07-06 11:15:56,4624,SRV-FILE-HQ,u.regev,3,WKS-HQ-28,,,,
2026-07-06 11:15:58,5140,SRV-FILE-HQ,u.regev,3,WKS-HQ-28,,,,\\SRV-FILE-HQ\Marketing
2026-07-06 11:17:09,4624,SRV-FILE-HQ,n.barzilai,3,WKS-HQ-04,,,,
2026-07-06 11:31:51,4769,SRV-DC-01,z.amar,,WKS-HQ-25,http_svc,,,HTTP/web-supplier.northgate.local
2026-07-06 11:33:26,4769,SRV-DC-01,a.dahan,,WKS-HQ-17,mssqlsvc_svc,,,MSSQLSvc/srv-posmgt.northgate.local:1433
2026-07-06 11:35:58,4769,SRV-DC-01,r.avni,,WKS-HQ-14,cifs_svc,,,CIFS/srv-file-hq.northgate.local
2026-07-06 11:37:56,4624,SRV-FILE-HQ,u.regev,3,WKS-HQ-28,,,,
2026-07-06 11:41:53,4769,SRV-DC-01,s.arbel,,WKS-PAY-11,http_svc,,,HTTP/web-supplier.northgate.local
2026-07-06 11:53:50,4624,SRV-FILE-HQ,a.mizrahi,3,WKS-IT-01,,,,
2026-07-06 11:54:07,4769,SRV-DC-01,b.naim,,WKS-HQ-21,http_svc,,,HTTP/web-supplier.northgate.local
2026-07-06 11:55:51,4624,SRV-FILE-HQ,z.amar,3,WKS-HQ-25,,,,
2026-07-06 12:04:01,4688,WKS-HQ-22,i.golan,,,,winword.exe,winword.exe /w,
2026-07-06 12:11:04,4624,SRV-FILE-HQ,l.beit,3,WKS-HQ-13,,,,
2026-07-06 12:11:06,5140,SRV-FILE-HQ,l.beit,3,WKS-HQ-13,,,,\\SRV-FILE-HQ\Procurement
2026-07-06 12:28:52,4624,SRV-FILE-HQ,n.hazan,3,WKS-HQ-15,,,,
2026-07-06 12:33:55,4688,WKS-HQ-18,m.tal,,,,excel.exe,excel.exe /dde,
2026-07-06 12:41:40,4688,WKS-SEC-03,e.katz,,,,winword.exe,winword.exe /w,
2026-07-06 12:48:26,4624,SRV-FILE-HQ,a.dahan,3,WKS-HQ-17,,,,
2026-07-06 12:56:50,4624,SRV-FILE-HQ,g.ben-ari,3,WKS-PAY-30,,,,
2026-07-06 12:56:52,5140,SRV-FILE-HQ,g.ben-ari,3,WKS-PAY-30,,,,\\SRV-FILE-HQ\Payments
2026-07-06 13:04:22,4769,SRV-DC-01,v.harel,,WKS-HQ-24,mssqlsvc_svc,,,MSSQLSvc/srv-posmgt.northgate.local:1433
2026-07-06 13:05:50,4769,SRV-DC-01,g.ben-ari,,WKS-PAY-30,cifs_svc,,,CIFS/srv-file-hq.northgate.local
2026-07-06 13:08:59,4769,SRV-DC-01,m.saban,,WKS-IT-09,http_svc,,,HTTP/web-supplier.northgate.local
2026-07-06 13:10:12,4769,SRV-DC-01,f.zohar,,WKS-IT-29,http_svc,,,HTTP/web-supplier.northgate.local
2026-07-06 13:10:46,4769,SRV-DC-01,y.segev,,WKS-HQ-19,http_svc,,,HTTP/web-supplier.northgate.local
2026-07-06 13:10:51,4624,SRV-POSMGT,z.amar,3,WKS-HQ-25,,,,
2026-07-06 13:10:53,5140,SRV-POSMGT,z.amar,3,WKS-HQ-25,,,,\\SRV-POSMGT\Branches
2026-07-06 13:15:35,4769,SRV-DC-01,y.oren,,WKS-HQ-05,cifs_svc,,,CIFS/srv-file-hq.northgate.local
2026-07-06 13:16:35,4624,SRV-FILE-HQ,y.oren,3,WKS-HQ-05,,,,
2026-07-06 13:21:07,4624,SRV-FILE-HQ,b.naim,3,WKS-HQ-21,,,,
2026-07-06 13:23:12,4769,SRV-DC-01,f.zohar,,WKS-IT-29,http_svc,,,HTTP/web-supplier.northgate.local
2026-07-06 13:32:52,4624,SRV-FILE-HQ,n.hazan,3,WKS-HQ-15,,,,
2026-07-06 13:45:40,4624,SRV-DC-01,e.katz,3,WKS-SEC-03,,,,
2026-07-06 13:50:59,4769,SRV-DC-01,m.saban,,WKS-IT-09,mssqlsvc_svc,,,MSSQLSvc/srv-cardproc.northgate.local:1433
2026-07-06 13:55:50,4769,SRV-DC-01,g.ben-ari,,WKS-PAY-30,mssqlsvc_svc,,,MSSQLSvc/srv-posmgt.northgate.local:1433
2026-07-06 14:01:04,4624,SRV-FILE-HQ,l.beit,3,WKS-HQ-13,,,,
2026-07-06 14:01:51,4769,SRV-DC-01,z.amar,,WKS-HQ-25,cifs_svc,,,CIFS/srv-file-hq.northgate.local
2026-07-06 14:03:15,4624,SRV-FILE-HQ,h.peretz,3,WKS-IT-08,,,,
2026-07-06 14:03:17,5140,SRV-FILE-HQ,h.peretz,3,WKS-IT-08,,,,\\SRV-FILE-HQ\IT
2026-07-06 14:07:26,4624,SRV-FILE-HQ,a.dahan,3,WKS-HQ-17,,,,
2026-07-06 14:13:35,4624,SRV-FILE-HQ,y.oren,3,WKS-HQ-05,,,,
2026-07-06 14:13:37,5140,SRV-FILE-HQ,y.oren,3,WKS-HQ-05,,,,\\SRV-FILE-HQ\Procurement
2026-07-06 14:15:50,4769,SRV-DC-01,a.mizrahi,,WKS-IT-01,http_svc,,,HTTP/web-supplier.northgate.local
2026-07-06 14:16:58,4624,SRV-FILE-HQ,r.avni,3,WKS-HQ-14,,,,
2026-07-06 14:18:53,4624,SRV-FILE-HQ,s.arbel,3,WKS-PAY-11,,,,
2026-07-06 14:19:50,4769,SRV-DC-01,g.ben-ari,,WKS-PAY-30,mssqlsvc_svc,,,MSSQLSvc/srv-cardproc.northgate.local:1433
2026-07-06 14:34:24,4624,SRV-CARDPROC,t.hadar,3,WKS-PAY-12,,,,
2026-07-06 14:41:14,4688,WKS-HQ-07,o.raviv,,,,chrome.exe,chrome.exe --restore-last-session,
2026-07-06 14:47:40,4769,SRV-DC-01,e.katz,,WKS-SEC-03,mssqlsvc_svc,,,MSSQLSvc/srv-cardproc.northgate.local:1433
2026-07-06 14:48:53,4624,SRV-FILE-HQ,s.arbel,3,WKS-PAY-11,,,,
2026-07-06 14:54:50,4769,SRV-DC-01,a.mizrahi,,WKS-IT-01,cifs_svc,,,CIFS/srv-file-hq.northgate.local
2026-07-06 14:57:01,4769,SRV-DC-01,i.golan,,WKS-HQ-22,http_svc,,,HTTP/web-supplier.northgate.local
2026-07-06 15:00:00,4634,WKS-HQ-25,z.amar,2,,,,,
2026-07-06 15:01:01,4769,SRV-DC-01,e.shalom,,WKS-HQ-16,cifs_svc,,,CIFS/srv-file-hq.northgate.local
2026-07-06 15:04:46,4624,SRV-FILE-HQ,y.segev,3,WKS-HQ-19,,,,
2026-07-06 15:05:22,4624,SRV-POSMGT,v.harel,3,WKS-HQ-24,,,,
2026-07-06 15:10:59,4624,SRV-DC-01,m.saban,3,WKS-IT-09,,,,
2026-07-06 15:19:15,4769,SRV-DC-01,h.peretz,,WKS-IT-08,mssqlsvc_svc,,,MSSQLSvc/srv-cardproc.northgate.local:1433
2026-07-06 15:28:40,4624,SRV-DC-01,e.katz,3,WKS-SEC-03,,,,
2026-07-06 15:28:42,5140,SRV-DC-01,e.katz,3,WKS-SEC-03,,,,\\SRV-DC-01\IT
2026-07-06 15:32:14,4624,SRV-FILE-HQ,o.raviv,3,WKS-HQ-07,,,,
2026-07-06 15:35:53,4624,SRV-CARDPROC,s.arbel,3,WKS-PAY-11,,,,
2026-07-06 15:36:34,4624,SRV-FILE-HQ,k.oz,3,WKS-HQ-20,,,,
2026-07-06 15:41:46,4624,SRV-FILE-HQ,y.segev,3,WKS-HQ-19,,,,
2026-07-06 15:54:26,4624,SRV-FILE-HQ,a.dahan,3,WKS-HQ-17,,,,
2026-07-06 15:58:55,4769,SRV-DC-01,m.tal,,WKS-HQ-18,mssqlsvc_svc,,,MSSQLSvc/srv-cardproc.northgate.local:1433
2026-07-06 16:04:10,4634,WKS-HQ-24,v.harel,2,,,,,
2026-07-06 16:12:46,4624,SRV-FILE-HQ,y.segev,3,WKS-HQ-19,,,,
2026-07-06 16:13:55,4769,SRV-DC-01,m.tal,,WKS-HQ-18,mssqlsvc_svc,,,MSSQLSvc/srv-posmgt.northgate.local:1433
2026-07-06 16:19:15,4624,SRV-FILE-HQ,h.peretz,3,WKS-IT-08,,,,
2026-07-06 16:19:17,5140,SRV-FILE-HQ,h.peretz,3,WKS-IT-08,,,,\\SRV-FILE-HQ\IT
2026-07-06 16:36:19,4634,WKS-SEC-03,e.katz,2,,,,,
2026-07-06 16:43:30,4634,WKS-HQ-19,y.segev,2,,,,,
2026-07-06 16:46:07,4634,WKS-HQ-16,e.shalom,2,,,,,
2026-07-06 16:46:17,4634,WKS-HQ-21,b.naim,2,,,,,
2026-07-06 16:49:24,4624,SRV-CARDPROC,t.hadar,3,WKS-PAY-12,,,,
2026-07-06 16:50:34,4624,SRV-FILE-HQ,k.oz,3,WKS-HQ-20,,,,
2026-07-06 16:50:36,5140,SRV-FILE-HQ,k.oz,3,WKS-HQ-20,,,,\\SRV-FILE-HQ\Logistics
2026-07-06 16:53:15,4624,SRV-DC-01,h.peretz,3,WKS-IT-08,,,,
2026-07-06 16:54:30,4769,SRV-DC-01,c.barak,,WKS-HQ-27,mssqlsvc_svc,,,MSSQLSvc/srv-cardproc.northgate.local:1433
2026-07-06 16:55:11,4769,SRV-DC-01,d.levi,,WKS-SEC-10,mssqlsvc_svc,,,MSSQLSvc/srv-posmgt.northgate.local:1433
2026-07-06 16:58:27,4634,WKS-HQ-22,i.golan,2,,,,,
2026-07-06 17:00:11,4624,SRV-FILE-HQ,d.levi,3,WKS-SEC-10,,,,
2026-07-06 17:02:04,4634,WKS-HQ-06,g.shemesh,2,,,,,
2026-07-06 17:07:40,4634,WKS-PAY-30,g.ben-ari,2,,,,,
2026-07-06 17:09:11,4769,SRV-DC-01,d.levi,,WKS-SEC-10,cifs_svc,,,CIFS/srv-file-hq.northgate.local
2026-07-06 17:26:11,4624,SRV-DC-01,d.levi,3,WKS-SEC-10,,,,
2026-07-06 17:35:14,4769,SRV-DC-01,o.raviv,,WKS-HQ-07,mssqlsvc_svc,,,MSSQLSvc/srv-cardproc.northgate.local:1433
2026-07-06 17:39:48,4634,WKS-HQ-18,m.tal,2,,,,,
2026-07-06 17:40:03,4634,WKS-PAY-12,t.hadar,2,,,,,
2026-07-06 17:40:12,4634,WKS-HQ-26,p.stein,2,,,,,
2026-07-06 17:52:03,4634,WKS-IT-01,a.mizrahi,2,,,,,
2026-07-06 17:52:48,4634,WKS-SEC-10,d.levi,2,,,,,
2026-07-06 17:54:27,4634,WKS-HQ-13,l.beit,2,,,,,
2026-07-06 17:54:38,4634,WKS-PAY-11,s.arbel,2,,,,,
2026-07-06 17:56:54,4634,WKS-HQ-20,k.oz,2,,,,,
2026-07-06 18:10:35,4634,WKS-IT-09,m.saban,2,,,,,
2026-07-06 18:15:35,4634,WKS-HQ-15,n.hazan,2,,,,,
2026-07-06 18:22:37,4634,WKS-HQ-28,u.regev,2,,,,,
2026-07-06 18:23:52,4634,WKS-HQ-05,y.oren,2,,,,,
2026-07-06 18:39:16,4634,WKS-HQ-14,r.avni,2,,,,,
2026-07-06 18:49:48,4634,WKS-IT-08,h.peretz,2,,,,,
2026-07-06 18:50:26,4634,WKS-IT-29,f.zohar,2,,,,,
2026-07-06 18:51:47,4634,WKS-HQ-07,o.raviv,2,,,,,
2026-07-06 18:53:47,4634,WKS-HQ-17,a.dahan,2,,,,,
2026-07-06 19:19:14,4634,WKS-HQ-04,n.barzilai,2,,,,,
2026-07-06 19:37:58,4634,WKS-HQ-27,c.barak,2,,,,,
2026-07-07 07:01:12,4624,WKS-HQ-25,z.amar,2,WKS-HQ-25,,,,
2026-07-07 07:09:36,4624,WKS-HQ-23,s.mor,2,WKS-HQ-23,,,,
2026-07-07 07:14:34,4624,WKS-HQ-26,p.stein,2,WKS-HQ-26,,,,
2026-07-07 07:30:18,4624,WKS-HQ-22,i.golan,2,WKS-HQ-22,,,,
2026-07-07 07:59:40,4624,WKS-HQ-24,v.harel,2,WKS-HQ-24,,,,
2026-07-07 08:05:27,4624,WKS-PAY-11,s.arbel,2,WKS-PAY-11,,,,
2026-07-07 08:06:33,4624,WKS-HQ-20,k.oz,2,WKS-HQ-20,,,,
2026-07-07 08:09:19,4624,WKS-IT-29,f.zohar,2,WKS-IT-29,,,,
2026-07-07 08:15:13,4624,WKS-HQ-19,y.segev,2,WKS-HQ-19,,,,
2026-07-07 08:22:06,4625,WKS-PAY-02,r.stern,2,WKS-PAY-02,,,,
2026-07-07 08:22:52,4624,WKS-IT-08,h.peretz,2,WKS-IT-08,,,,
2026-07-07 08:23:42,4624,WKS-PAY-02,r.stern,2,WKS-PAY-02,,,,
2026-07-07 08:24:19,4688,WKS-IT-29,f.zohar,,,,chrome.exe,chrome.exe --restore-last-session,
2026-07-07 08:25:08,4624,WKS-HQ-28,u.regev,2,WKS-HQ-28,,,,
2026-07-07 08:30:00,4624,WKS-IT-01,a.mizrahi,2,WKS-IT-01,,,,
2026-07-07 08:30:01,4672,WKS-IT-01,a.mizrahi,2,,,,,
2026-07-07 08:34:28,4624,WKS-HQ-21,b.naim,2,WKS-HQ-21,,,,
2026-07-07 08:35:29,4624,WKS-HQ-14,r.avni,2,WKS-HQ-14,,,,
2026-07-07 08:35:40,4624,WKS-HQ-05,y.oren,2,WKS-HQ-05,,,,
2026-07-07 08:38:24,4624,WKS-PAY-12,t.hadar,2,WKS-PAY-12,,,,
2026-07-07 08:47:24,4769,SRV-DC-01,t.hadar,,WKS-PAY-12,cifs_svc,,,CIFS/srv-file-hq.northgate.local
2026-07-07 08:49:10,4624,WKS-HQ-17,a.dahan,2,WKS-HQ-17,,,,
2026-07-07 08:51:36,4624,SRV-POSMGT,s.mor,3,WKS-HQ-23,,,,
2026-07-07 08:51:38,5140,SRV-POSMGT,s.mor,3,WKS-HQ-23,,,,\\SRV-POSMGT\Branches
2026-07-07 08:52:57,4624,WKS-HQ-07,o.raviv,2,WKS-HQ-07,,,,
2026-07-07 08:55:43,4624,WKS-HQ-27,c.barak,2,WKS-HQ-27,,,,
2026-07-07 08:57:15,4624,WKS-IT-09,m.saban,2,WKS-IT-09,,,,
2026-07-07 08:58:57,4769,SRV-DC-01,o.raviv,,WKS-HQ-07,cifs_svc,,,CIFS/srv-file-hq.northgate.local
2026-07-07 08:59:38,4624,WKS-PAY-30,g.ben-ari,2,WKS-PAY-30,,,,
2026-07-07 09:01:09,4624,WKS-HQ-15,n.hazan,2,WKS-HQ-15,,,,
2026-07-07 09:05:05,4624,WKS-HQ-18,m.tal,2,WKS-HQ-18,,,,
2026-07-07 09:08:41,4624,WKS-HQ-06,g.shemesh,2,WKS-HQ-06,,,,
2026-07-07 09:12:40,4624,SRV-FILE-HQ,v.harel,3,WKS-HQ-24,,,,
2026-07-07 09:12:42,5140,SRV-FILE-HQ,v.harel,3,WKS-HQ-24,,,,\\SRV-FILE-HQ\Branches
2026-07-07 09:13:58,4624,WKS-SEC-10,d.levi,2,WKS-SEC-10,,,,
2026-07-07 09:15:17,4624,WKS-HQ-04,n.barzilai,2,WKS-HQ-04,,,,
2026-07-07 09:19:09,4769,SRV-DC-01,n.hazan,,WKS-HQ-15,mssqlsvc_svc,,,MSSQLSvc/srv-cardproc.northgate.local:1433
2026-07-07 09:34:24,4624,SRV-FILE-HQ,t.hadar,3,WKS-PAY-12,,,,
2026-07-07 09:39:05,4769,SRV-DC-01,m.tal,,WKS-HQ-18,cifs_svc,,,CIFS/srv-file-hq.northgate.local
2026-07-07 09:43:34,4624,SRV-FILE-HQ,p.stein,3,WKS-HQ-26,,,,
2026-07-07 09:45:08,4769,SRV-DC-01,u.regev,,WKS-HQ-28,http_svc,,,HTTP/web-supplier.northgate.local
2026-07-07 09:47:29,4769,SRV-DC-01,r.avni,,WKS-HQ-14,mssqlsvc_svc,,,MSSQLSvc/srv-cardproc.northgate.local:1433
2026-07-07 09:51:05,4769,SRV-DC-01,m.tal,,WKS-HQ-18,http_svc,,,HTTP/web-supplier.northgate.local
2026-07-07 09:57:05,4624,SRV-FILE-HQ,m.tal,3,WKS-HQ-18,,,,
2026-07-07 09:57:07,5140,SRV-FILE-HQ,m.tal,3,WKS-HQ-18,,,,\\SRV-FILE-HQ\HR
2026-07-07 10:04:57,4624,SRV-FILE-HQ,o.raviv,3,WKS-HQ-07,,,,
2026-07-07 10:17:09,4624,SRV-FILE-HQ,n.hazan,3,WKS-HQ-15,,,,
2026-07-07 10:22:19,4769,SRV-DC-01,f.zohar,,WKS-IT-29,cifs_svc,,,CIFS/srv-file-hq.northgate.local
2026-07-07 10:29:18,4624,SRV-POSMGT,i.golan,3,WKS-HQ-22,,,,
2026-07-07 10:29:34,4624,SRV-POSMGT,p.stein,3,WKS-HQ-26,,,,
2026-07-07 10:44:08,4769,SRV-DC-01,u.regev,,WKS-HQ-28,http_svc,,,HTTP/web-supplier.northgate.local
2026-07-07 10:53:00,4769,SRV-DC-01,a.mizrahi,,WKS-IT-01,cifs_svc,,,CIFS/srv-file-hq.northgate.local
2026-07-07 10:56:43,4769,SRV-DC-01,c.barak,,WKS-HQ-27,http_svc,,,HTTP/web-supplier.northgate.local
2026-07-07 11:02:10,4624,SRV-FILE-HQ,a.dahan,3,WKS-HQ-17,,,,
2026-07-07 11:02:34,4769,SRV-DC-01,p.stein,,WKS-HQ-26,mssqlsvc_svc,,,MSSQLSvc/srv-cardproc.northgate.local:1433
2026-07-07 11:07:10,4769,SRV-DC-01,a.dahan,,WKS-HQ-17,mssqlsvc_svc,,,MSSQLSvc/srv-cardproc.northgate.local:1433
2026-07-07 11:09:09,4688,WKS-HQ-15,n.hazan,,,,excel.exe,excel.exe /dde,
2026-07-07 11:14:12,4624,SRV-POSMGT,z.amar,3,WKS-HQ-25,,,,
2026-07-07 11:16:27,4624,SRV-CARDPROC,s.arbel,3,WKS-PAY-11,,,,
2026-07-07 11:16:29,5140,SRV-CARDPROC,s.arbel,3,WKS-PAY-11,,,,\\SRV-CARDPROC\Payments
2026-07-07 11:20:18,4769,SRV-DC-01,i.golan,,WKS-HQ-22,http_svc,,,HTTP/web-supplier.northgate.local
2026-07-07 11:37:15,4624,SRV-DC-01,m.saban,3,WKS-IT-09,,,,
2026-07-07 11:42:58,4624,SRV-FILE-HQ,d.levi,3,WKS-SEC-10,,,,
2026-07-07 11:43:24,4769,SRV-DC-01,t.hadar,,WKS-PAY-12,http_svc,,,HTTP/web-supplier.northgate.local
2026-07-07 11:44:27,4769,SRV-DC-01,s.arbel,,WKS-PAY-11,mssqlsvc_svc,,,MSSQLSvc/srv-cardproc.northgate.local:1433
2026-07-07 11:46:41,4624,SRV-FILE-HQ,g.shemesh,3,WKS-HQ-06,,,,
2026-07-07 11:46:43,5140,SRV-FILE-HQ,g.shemesh,3,WKS-HQ-06,,,,\\SRV-FILE-HQ\Finance
2026-07-07 11:47:34,4769,SRV-DC-01,p.stein,,WKS-HQ-26,mssqlsvc_svc,,,MSSQLSvc/srv-posmgt.northgate.local:1433
2026-07-07 11:50:17,4624,SRV-FILE-HQ,n.barzilai,3,WKS-HQ-04,,,,
2026-07-07 11:58:52,4769,SRV-DC-01,h.peretz,,WKS-IT-08,mssqlsvc_svc,,,MSSQLSvc/srv-posmgt.northgate.local:1433
2026-07-07 12:00:52,4769,SRV-DC-01,h.peretz,,WKS-IT-08,cifs_svc,,,CIFS/srv-file-hq.northgate.local
2026-07-07 12:03:15,4624,SRV-DC-01,m.saban,3,WKS-IT-09,,,,
2026-07-07 12:04:15,4769,SRV-DC-01,m.saban,,WKS-IT-09,mssqlsvc_svc,,,MSSQLSvc/srv-posmgt.northgate.local:1433
2026-07-07 12:16:24,4769,SRV-DC-01,t.hadar,,WKS-PAY-12,mssqlsvc_svc,,,MSSQLSvc/srv-posmgt.northgate.local:1433
2026-07-07 12:44:58,4769,SRV-DC-01,d.levi,,WKS-SEC-10,mssqlsvc_svc,,,MSSQLSvc/srv-posmgt.northgate.local:1433
2026-07-07 12:47:17,4624,SRV-FILE-HQ,n.barzilai,3,WKS-HQ-04,,,,
2026-07-07 12:47:19,5140,SRV-FILE-HQ,n.barzilai,3,WKS-HQ-04,,,,\\SRV-FILE-HQ\Finance
2026-07-07 12:56:58,4769,SRV-DC-01,d.levi,,WKS-SEC-10,http_svc,,,HTTP/web-supplier.northgate.local
2026-07-07 12:57:10,4769,SRV-DC-01,a.dahan,,WKS-HQ-17,cifs_svc,,,CIFS/srv-file-hq.northgate.local
2026-07-07 13:03:34,4624,SRV-POSMGT,p.stein,3,WKS-HQ-26,,,,
2026-07-07 13:06:41,4769,SRV-DC-01,g.shemesh,,WKS-HQ-06,cifs_svc,,,CIFS/srv-file-hq.northgate.local
2026-07-07 13:08:24,4688,WKS-PAY-12,t.hadar,,,,outlook.exe,outlook.exe /recycle,
2026-07-07 13:09:09,4769,SRV-DC-01,n.hazan,,WKS-HQ-15,http_svc,,,HTTP/web-supplier.northgate.local
2026-07-07 13:14:10,4624,SRV-FILE-HQ,a.dahan,3,WKS-HQ-17,,,,
2026-07-07 13:14:12,5140,SRV-FILE-HQ,a.dahan,3,WKS-HQ-17,,,,\\SRV-FILE-HQ\HR
2026-07-07 13:19:27,4624,SRV-CARDPROC,s.arbel,3,WKS-PAY-11,,,,
2026-07-07 13:34:34,4769,SRV-DC-01,p.stein,,WKS-HQ-26,cifs_svc,,,CIFS/srv-file-hq.northgate.local
2026-07-07 13:37:17,4769,SRV-DC-01,n.barzilai,,WKS-HQ-04,http_svc,,,HTTP/web-supplier.northgate.local
2026-07-07 13:37:27,4624,SRV-CARDPROC,s.arbel,3,WKS-PAY-11,,,,
2026-07-07 13:38:08,4624,SRV-FILE-HQ,u.regev,3,WKS-HQ-28,,,,
2026-07-07 13:38:10,5140,SRV-FILE-HQ,u.regev,3,WKS-HQ-28,,,,\\SRV-FILE-HQ\Marketing
2026-07-07 13:41:05,4624,SRV-FILE-HQ,m.tal,3,WKS-HQ-18,,,,
2026-07-07 13:41:07,5140,SRV-FILE-HQ,m.tal,3,WKS-HQ-18,,,,\\SRV-FILE-HQ\HR
2026-07-07 13:48:24,4624,SRV-CARDPROC,t.hadar,3,WKS-PAY-12,,,,
2026-07-07 13:49:52,4769,SRV-DC-01,h.peretz,,WKS-IT-08,cifs_svc,,,CIFS/srv-file-hq.northgate.local
2026-07-07 13:50:15,4769,SRV-DC-01,m.saban,,WKS-IT-09,mssqlsvc_svc,,,MSSQLSvc/srv-posmgt.northgate.local:1433
2026-07-07 13:51:18,4624,SRV-POSMGT,i.golan,3,WKS-HQ-22,,,,
2026-07-07 13:51:42,4769,SRV-DC-01,r.stern,,WKS-PAY-02,mssqlsvc_svc,,,MSSQLSvc/srv-cardproc.northgate.local:1433
2026-07-07 13:52:33,4624,SRV-FILE-HQ,k.oz,3,WKS-HQ-20,,,,
2026-07-07 13:54:05,4624,SRV-FILE-HQ,m.tal,3,WKS-HQ-18,,,,
2026-07-07 13:54:07,5140,SRV-FILE-HQ,m.tal,3,WKS-HQ-18,,,,\\SRV-FILE-HQ\HR
2026-07-07 13:56:42,4624,SRV-FILE-HQ,r.stern,3,WKS-PAY-02,,,,
2026-07-07 13:57:33,4769,SRV-DC-01,k.oz,,WKS-HQ-20,http_svc,,,HTTP/web-supplier.northgate.local
2026-07-07 14:02:40,4769,SRV-DC-01,y.oren,,WKS-HQ-05,mssqlsvc_svc,,,MSSQLSvc/srv-posmgt.northgate.local:1433
2026-07-07 14:02:42,4769,SRV-DC-01,r.stern,,WKS-PAY-02,cifs_svc,,,CIFS/srv-file-hq.northgate.local
2026-07-07 14:08:41,4688,WKS-HQ-06,g.shemesh,,,,excel.exe,excel.exe /dde,
2026-07-07 14:21:15,4769,SRV-DC-01,m.saban,,WKS-IT-09,mssqlsvc_svc,,,MSSQLSvc/srv-posmgt.northgate.local:1433
2026-07-07 14:31:43,4769,SRV-DC-01,c.barak,,WKS-HQ-27,mssqlsvc_svc,,,MSSQLSvc/srv-posmgt.northgate.local:1433
2026-07-07 14:40:13,4624,SRV-FILE-HQ,y.segev,3,WKS-HQ-19,,,,
2026-07-07 14:40:15,5140,SRV-FILE-HQ,y.segev,3,WKS-HQ-19,,,,\\SRV-FILE-HQ\Logistics
2026-07-07 14:40:52,4624,SRV-FILE-HQ,h.peretz,3,WKS-IT-08,,,,
2026-07-07 14:40:54,5140,SRV-FILE-HQ,h.peretz,3,WKS-IT-08,,,,\\SRV-FILE-HQ\IT
2026-07-07 14:41:13,4769,SRV-DC-01,y.segev,,WKS-HQ-19,mssqlsvc_svc,,,MSSQLSvc/srv-posmgt.northgate.local:1433
2026-07-07 14:43:13,4624,SRV-FILE-HQ,y.segev,3,WKS-HQ-19,,,,
2026-07-07 14:43:15,5140,SRV-FILE-HQ,y.segev,3,WKS-HQ-19,,,,\\SRV-FILE-HQ\Logistics
2026-07-07 14:44:08,4624,SRV-FILE-HQ,u.regev,3,WKS-HQ-28,,,,
2026-07-07 14:48:29,4769,SRV-DC-01,r.avni,,WKS-HQ-14,http_svc,,,HTTP/web-supplier.northgate.local
2026-07-07 14:53:58,4624,SRV-FILE-HQ,d.levi,3,WKS-SEC-10,,,,
2026-07-07 14:59:36,4624,SRV-FILE-HQ,s.mor,3,WKS-HQ-23,,,,
2026-07-07 14:59:38,5140,SRV-FILE-HQ,s.mor,3,WKS-HQ-23,,,,\\SRV-FILE-HQ\Branches
2026-07-07 15:01:08,4624,SRV-FILE-HQ,u.regev,3,WKS-HQ-28,,,,
2026-07-07 15:01:27,4769,SRV-DC-01,s.arbel,,WKS-PAY-11,mssqlsvc_svc,,,MSSQLSvc/srv-posmgt.northgate.local:1433
2026-07-07 15:08:09,4624,SRV-FILE-HQ,n.hazan,3,WKS-HQ-15,,,,
2026-07-07 15:08:11,5140,SRV-FILE-HQ,n.hazan,3,WKS-HQ-15,,,,\\SRV-FILE-HQ\Finance
2026-07-07 15:08:33,4624,SRV-FILE-HQ,k.oz,3,WKS-HQ-20,,,,
2026-07-07 15:15:29,4769,SRV-DC-01,r.avni,,WKS-HQ-14,cifs_svc,,,CIFS/srv-file-hq.northgate.local
2026-07-07 15:15:33,4769,SRV-DC-01,k.oz,,WKS-HQ-20,mssqlsvc_svc,,,MSSQLSvc/srv-posmgt.northgate.local:1433
2026-07-07 15:16:12,4624,SRV-POSMGT,z.amar,3,WKS-HQ-25,,,,
2026-07-07 15:18:27,4624,SRV-CARDPROC,s.arbel,3,WKS-PAY-11,,,,
2026-07-07 15:22:41,4624,SRV-FILE-HQ,g.shemesh,3,WKS-HQ-06,,,,
2026-07-07 15:31:06,4634,WKS-HQ-26,p.stein,2,,,,,
2026-07-07 15:54:21,4634,WKS-HQ-25,z.amar,2,,,,,
2026-07-07 16:00:58,4769,SRV-DC-01,d.levi,,WKS-SEC-10,http_svc,,,HTTP/web-supplier.northgate.local
2026-07-07 16:15:18,4634,WKS-HQ-24,v.harel,2,,,,,
2026-07-07 16:17:44,4634,WKS-HQ-22,i.golan,2,,,,,
2026-07-07 16:23:24,4634,WKS-IT-08,h.peretz,2,,,,,
2026-07-07 16:25:08,4624,SRV-FILE-HQ,u.regev,3,WKS-HQ-28,,,,
2026-07-07 16:25:10,5140,SRV-FILE-HQ,u.regev,3,WKS-HQ-28,,,,\\SRV-FILE-HQ\Marketing
2026-07-07 16:35:30,4634,WKS-HQ-28,u.regev,2,,,,,
2026-07-07 16:41:28,4634,WKS-IT-01,a.mizrahi,2,,,,,
2026-07-07 16:42:15,4634,WKS-PAY-11,s.arbel,2,,,,,
2026-07-07 16:47:02,4634,WKS-HQ-19,y.segev,2,,,,,
2026-07-07 16:52:39,4634,WKS-HQ-20,k.oz,2,,,,,
2026-07-07 17:07:12,4634,WKS-HQ-23,s.mor,2,,,,,
2026-07-07 17:13:46,4634,WKS-HQ-17,a.dahan,2,,,,,
2026-07-07 17:21:27,4634,WKS-HQ-07,o.raviv,2,,,,,
2026-07-07 17:23:43,4624,SRV-FILE-HQ,c.barak,3,WKS-HQ-27,,,,
2026-07-07 17:23:59,4634,WKS-PAY-12,t.hadar,2,,,,,
2026-07-07 17:33:03,4634,WKS-HQ-15,n.hazan,2,,,,,
2026-07-07 17:40:58,4624,SRV-DC-01,d.levi,3,WKS-SEC-10,,,,
2026-07-07 17:41:25,4634,WKS-IT-29,f.zohar,2,,,,,
2026-07-07 17:50:23,4634,WKS-IT-09,m.saban,2,,,,,
2026-07-07 17:53:20,4634,WKS-HQ-14,r.avni,2,,,,,
2026-07-07 18:01:48,4634,WKS-HQ-27,c.barak,2,,,,,
2026-07-07 18:03:38,4634,WKS-PAY-02,r.stern,2,,,,,
2026-07-07 18:17:54,4634,WKS-HQ-21,b.naim,2,,,,,
2026-07-07 18:36:20,4634,WKS-SEC-10,d.levi,2,,,,,
2026-07-07 18:39:09,4634,WKS-PAY-30,g.ben-ari,2,,,,,
2026-07-07 18:47:28,4634,WKS-HQ-05,y.oren,2,,,,,
2026-07-07 18:54:37,4634,WKS-HQ-06,g.shemesh,2,,,,,
2026-07-07 19:04:38,4634,WKS-HQ-18,m.tal,2,,,,,
2026-07-07 19:29:38,4634,WKS-HQ-04,n.barzilai,2,,,,,
2026-07-08 07:22:42,4624,WKS-HQ-25,z.amar,2,WKS-HQ-25,,,,
2026-07-08 07:35:22,4624,WKS-PAY-11,s.arbel,2,WKS-PAY-11,,,,
2026-07-08 07:36:55,4624,WKS-HQ-23,s.mor,2,WKS-HQ-23,,,,
2026-07-08 07:43:53,4624,WKS-HQ-24,v.harel,2,WKS-HQ-24,,,,
2026-07-08 07:46:55,4624,WKS-HQ-26,p.stein,2,WKS-HQ-26,,,,
2026-07-08 07:49:50,4624,WKS-PAY-30,g.ben-ari,2,WKS-PAY-30,,,,
2026-07-08 07:56:54,4624,WKS-HQ-22,i.golan,2,WKS-HQ-22,,,,
2026-07-08 08:00:24,4624,WKS-PAY-02,r.stern,2,WKS-PAY-02,,,,
2026-07-08 08:00:50,4769,SRV-DC-01,g.ben-ari,,WKS-PAY-30,cifs_svc,,,CIFS/srv-file-hq.northgate.local
2026-07-08 08:11:12,4624,WKS-IT-08,h.peretz,2,WKS-IT-08,,,,
2026-07-08 08:16:59,4624,WKS-IT-01,a.mizrahi,2,WKS-IT-01,,,,
2026-07-08 08:17:00,4672,WKS-IT-01,a.mizrahi,2,,,,,
2026-07-08 08:18:24,4624,SRV-FILE-HQ,r.stern,3,WKS-PAY-02,,,,
2026-07-08 08:27:46,4624,WKS-HQ-20,k.oz,2,WKS-HQ-20,,,,
2026-07-08 08:28:28,4624,WKS-PAY-12,t.hadar,2,WKS-PAY-12,,,,
2026-07-08 08:29:41,4624,WKS-IT-09,m.saban,2,WKS-IT-09,,,,
2026-07-08 08:34:20,4624,WKS-HQ-04,n.barzilai,2,WKS-HQ-04,,,,
2026-07-08 08:35:38,4624,WKS-HQ-06,g.shemesh,2,WKS-HQ-06,,,,
2026-07-08 08:35:45,4624,WKS-HQ-19,y.segev,2,WKS-HQ-19,,,,
2026-07-08 08:38:26,4624,WKS-HQ-16,e.shalom,2,WKS-HQ-16,,,,
2026-07-08 08:38:47,4624,WKS-HQ-21,b.naim,2,WKS-HQ-21,,,,
2026-07-08 08:41:20,4769,SRV-DC-01,n.barzilai,,WKS-HQ-04,cifs_svc,,,CIFS/srv-file-hq.northgate.local
2026-07-08 08:43:55,4624,SRV-FILE-HQ,p.stein,3,WKS-HQ-26,,,,
2026-07-08 08:44:47,4624,WKS-HQ-27,c.barak,2,WKS-HQ-27,,,,
2026-07-08 08:49:55,4624,SRV-FILE-HQ,p.stein,3,WKS-HQ-26,,,,
2026-07-08 08:50:28,4624,WKS-HQ-28,u.regev,2,WKS-HQ-28,,,,
2026-07-08 08:51:25,4625,WKS-HQ-17,a.dahan,2,WKS-HQ-17,,,,
2026-07-08 08:53:59,4769,SRV-DC-01,a.mizrahi,,WKS-IT-01,mssqlsvc_svc,,,MSSQLSvc/srv-posmgt.northgate.local:1433
2026-07-08 08:54:19,4624,WKS-HQ-17,a.dahan,2,WKS-HQ-17,,,,
2026-07-08 08:55:41,4624,WKS-HQ-07,o.raviv,2,WKS-HQ-07,,,,
2026-07-08 08:56:56,4624,WKS-IT-29,f.zohar,2,WKS-IT-29,,,,
2026-07-08 08:57:04,4624,WKS-SEC-03,e.katz,2,WKS-SEC-03,,,,
2026-07-08 08:58:55,4769,SRV-DC-01,p.stein,,WKS-HQ-26,mssqlsvc_svc,,,MSSQLSvc/srv-posmgt.northgate.local:1433
2026-07-08 08:59:17,4624,WKS-SEC-10,d.levi,2,WKS-SEC-10,,,,
2026-07-08 09:01:51,4624,WKS-HQ-18,m.tal,2,WKS-HQ-18,,,,
2026-07-08 09:02:32,4624,WKS-HQ-05,y.oren,2,WKS-HQ-05,,,,
2026-07-08 09:09:32,4769,SRV-DC-01,y.oren,,WKS-HQ-05,http_svc,,,HTTP/web-supplier.northgate.local
2026-07-08 09:19:33,4625,WKS-HQ-13,l.beit,2,WKS-HQ-13,,,,
2026-07-08 09:19:47,4624,WKS-HQ-14,r.avni,2,WKS-HQ-14,,,,
2026-07-08 09:21:29,4624,WKS-HQ-13,l.beit,2,WKS-HQ-13,,,,
2026-07-08 09:23:19,4624,SRV-FILE-HQ,a.dahan,3,WKS-HQ-17,,,,
2026-07-08 09:24:46,4624,SRV-FILE-HQ,k.oz,3,WKS-HQ-20,,,,
2026-07-08 09:27:55,4688,WKS-HQ-26,p.stein,,,,excel.exe,excel.exe /dde,
2026-07-08 09:31:17,4769,SRV-DC-01,d.levi,,WKS-SEC-10,mssqlsvc_svc,,,MSSQLSvc/srv-cardproc.northgate.local:1433
2026-07-08 09:35:29,4624,SRV-FILE-HQ,l.beit,3,WKS-HQ-13,,,,
2026-07-08 09:45:42,4688,WKS-HQ-25,z.amar,,,,teams.exe,teams.exe --system-initiated,
2026-07-08 09:46:04,4769,SRV-DC-01,e.katz,,WKS-SEC-03,http_svc,,,HTTP/web-supplier.northgate.local
2026-07-08 09:48:22,4769,SRV-DC-01,s.arbel,,WKS-PAY-11,mssqlsvc_svc,,,MSSQLSvc/srv-posmgt.northgate.local:1433
2026-07-08 09:50:17,4769,SRV-DC-01,d.levi,,WKS-SEC-10,cifs_svc,,,CIFS/srv-file-hq.northgate.local
2026-07-08 09:53:41,4624,SRV-FILE-HQ,m.saban,3,WKS-IT-09,,,,
2026-07-08 09:59:47,4769,SRV-DC-01,c.barak,,WKS-HQ-27,cifs_svc,,,CIFS/srv-file-hq.northgate.local
2026-07-08 10:00:12,4624,SRV-DC-01,h.peretz,3,WKS-IT-08,,,,
2026-07-08 10:00:14,5140,SRV-DC-01,h.peretz,3,WKS-IT-08,,,,\\SRV-DC-01\IT
2026-07-08 10:01:59,4624,SRV-FILE-HQ,a.mizrahi,3,WKS-IT-01,,,,
2026-07-08 10:02:01,5140,SRV-FILE-HQ,a.mizrahi,3,WKS-IT-01,,,,\\SRV-FILE-HQ\IT
2026-07-08 10:03:54,4624,SRV-FILE-HQ,i.golan,3,WKS-HQ-22,,,,
2026-07-08 10:03:56,5140,SRV-FILE-HQ,i.golan,3,WKS-HQ-22,,,,\\SRV-FILE-HQ\Branches
2026-07-08 10:05:56,4769,SRV-DC-01,f.zohar,,WKS-IT-29,http_svc,,,HTTP/web-supplier.northgate.local
2026-07-08 10:09:22,4624,SRV-CARDPROC,s.arbel,3,WKS-PAY-11,,,,
2026-07-08 10:09:22,4624,SRV-FILE-HQ,s.arbel,3,WKS-PAY-11,,,,
2026-07-08 10:09:24,5140,SRV-CARDPROC,s.arbel,3,WKS-PAY-11,,,,\\SRV-CARDPROC\Payments
2026-07-08 10:16:24,4769,SRV-DC-01,r.stern,,WKS-PAY-02,http_svc,,,HTTP/web-supplier.northgate.local
2026-07-08 10:22:28,4769,SRV-DC-01,t.hadar,,WKS-PAY-12,http_svc,,,HTTP/web-supplier.northgate.local
2026-07-08 10:24:41,4769,SRV-DC-01,m.saban,,WKS-IT-09,mssqlsvc_svc,,,MSSQLSvc/srv-cardproc.northgate.local:1433
2026-07-08 10:27:50,4624,SRV-FILE-HQ,g.ben-ari,3,WKS-PAY-30,,,,
2026-07-08 10:32:17,4624,SRV-FILE-HQ,d.levi,3,WKS-SEC-10,,,,
2026-07-08 10:32:19,5140,SRV-FILE-HQ,d.levi,3,WKS-SEC-10,,,,\\SRV-FILE-HQ\IT
2026-07-08 10:35:20,4624,SRV-FILE-HQ,n.barzilai,3,WKS-HQ-04,,,,
2026-07-08 10:35:53,4624,SRV-POSMGT,v.harel,3,WKS-HQ-24,,,,
2026-07-08 10:42:17,4624,SRV-FILE-HQ,d.levi,3,WKS-SEC-10,,,,
2026-07-08 10:44:17,4769,SRV-DC-01,d.levi,,WKS-SEC-10,mssqlsvc_svc,,,MSSQLSvc/srv-cardproc.northgate.local:1433
2026-07-08 10:44:29,4624,SRV-FILE-HQ,l.beit,3,WKS-HQ-13,,,,
2026-07-08 10:44:31,5140,SRV-FILE-HQ,l.beit,3,WKS-HQ-13,,,,\\SRV-FILE-HQ\Vendors
2026-07-08 10:46:20,4624,SRV-FILE-HQ,n.barzilai,3,WKS-HQ-04,,,,
2026-07-08 10:47:42,4624,SRV-FILE-HQ,z.amar,3,WKS-HQ-25,,,,
2026-07-08 10:47:44,5140,SRV-FILE-HQ,z.amar,3,WKS-HQ-25,,,,\\SRV-FILE-HQ\Branches
2026-07-08 10:53:28,4624,SRV-FILE-HQ,u.regev,3,WKS-HQ-28,,,,
2026-07-08 10:53:30,5140,SRV-FILE-HQ,u.regev,3,WKS-HQ-28,,,,\\SRV-FILE-HQ\Marketing
2026-07-08 11:02:47,4688,WKS-HQ-21,b.naim,,,,winword.exe,winword.exe /w,
2026-07-08 11:21:45,4624,SRV-FILE-HQ,y.segev,3,WKS-HQ-19,,,,
2026-07-08 11:21:47,5140,SRV-FILE-HQ,y.segev,3,WKS-HQ-19,,,,\\SRV-FILE-HQ\Logistics
2026-07-08 11:23:19,4624,SRV-FILE-HQ,a.dahan,3,WKS-HQ-17,,,,
2026-07-08 11:34:28,4769,SRV-DC-01,t.hadar,,WKS-PAY-12,http_svc,,,HTTP/web-supplier.northgate.local
2026-07-08 11:47:41,4624,SRV-FILE-HQ,m.saban,3,WKS-IT-09,,,,
2026-07-08 11:47:43,5140,SRV-FILE-HQ,m.saban,3,WKS-IT-09,,,,\\SRV-FILE-HQ\IT
2026-07-08 11:49:47,4624,SRV-FILE-HQ,c.barak,3,WKS-HQ-27,,,,
2026-07-08 11:54:04,4769,SRV-DC-01,e.katz,,WKS-SEC-03,cifs_svc,,,CIFS/srv-file-hq.northgate.local
2026-07-08 12:06:26,4624,SRV-FILE-HQ,e.shalom,3,WKS-HQ-16,,,,
2026-07-08 12:19:59,4624,SRV-FILE-HQ,a.mizrahi,3,WKS-IT-01,,,,
2026-07-08 12:20:01,5140,SRV-FILE-HQ,a.mizrahi,3,WKS-IT-01,,,,\\SRV-FILE-HQ\IT
2026-07-08 12:23:12,4688,WKS-IT-08,h.peretz,,,,outlook.exe,outlook.exe /recycle,
2026-07-08 12:24:55,4624,SRV-POSMGT,s.mor,3,WKS-HQ-23,,,,
2026-07-08 12:24:57,5140,SRV-POSMGT,s.mor,3,WKS-HQ-23,,,,\\SRV-POSMGT\Branches
2026-07-08 12:31:42,4624,SRV-FILE-HQ,z.amar,3,WKS-HQ-25,,,,
2026-07-08 12:31:44,5140,SRV-FILE-HQ,z.amar,3,WKS-HQ-25,,,,\\SRV-FILE-HQ\Branches
2026-07-08 12:40:41,4769,SRV-DC-01,o.raviv,,WKS-HQ-07,http_svc,,,HTTP/web-supplier.northgate.local
2026-07-08 12:45:17,4624,SRV-DC-01,d.levi,3,WKS-SEC-10,,,,
2026-07-08 12:49:42,4769,SRV-DC-01,z.amar,,WKS-HQ-25,mssqlsvc_svc,,,MSSQLSvc/srv-cardproc.northgate.local:1433
2026-07-08 12:55:28,4624,SRV-FILE-HQ,u.regev,3,WKS-HQ-28,,,,
2026-07-08 13:04:46,4624,SRV-FILE-HQ,k.oz,3,WKS-HQ-20,,,,
2026-07-08 13:05:24,4624,SRV-FILE-HQ,r.stern,3,WKS-PAY-02,,,,
2026-07-08 13:08:45,4769,SRV-DC-01,y.segev,,WKS-HQ-19,mssqlsvc_svc,,,MSSQLSvc/srv-cardproc.northgate.local:1433
2026-07-08 13:10:47,4769,SRV-DC-01,c.barak,,WKS-HQ-27,http_svc,,,HTTP/web-supplier.northgate.local
2026-07-08 13:13:54,4624,SRV-POSMGT,i.golan,3,WKS-HQ-22,,,,
2026-07-08 13:15:38,4624,SRV-FILE-HQ,g.shemesh,3,WKS-HQ-06,,,,
2026-07-08 13:15:40,5140,SRV-FILE-HQ,g.shemesh,3,WKS-HQ-06,,,,\\SRV-FILE-HQ\Finance
2026-07-08 13:21:17,4624,SRV-DC-01,d.levi,3,WKS-SEC-10,,,,
2026-07-08 13:21:19,5140,SRV-DC-01,d.levi,3,WKS-SEC-10,,,,\\SRV-DC-01\IT
2026-07-08 13:26:54,4769,SRV-DC-01,i.golan,,WKS-HQ-22,mssqlsvc_svc,,,MSSQLSvc/srv-cardproc.northgate.local:1433
2026-07-08 13:28:47,4769,SRV-DC-01,c.barak,,WKS-HQ-27,mssqlsvc_svc,,,MSSQLSvc/srv-cardproc.northgate.local:1433
2026-07-08 13:28:56,4624,SRV-FILE-HQ,f.zohar,3,WKS-IT-29,,,,
2026-07-08 13:30:20,4624,SRV-FILE-HQ,n.barzilai,3,WKS-HQ-04,,,,
2026-07-08 13:36:04,4624,SRV-DC-01,e.katz,3,WKS-SEC-03,,,,
2026-07-08 13:36:06,5140,SRV-DC-01,e.katz,3,WKS-SEC-03,,,,\\SRV-DC-01\IT
2026-07-08 13:40:53,4769,SRV-DC-01,v.harel,,WKS-HQ-24,mssqlsvc_svc,,,MSSQLSvc/srv-posmgt.northgate.local:1433
2026-07-08 13:50:45,4769,SRV-DC-01,y.segev,,WKS-HQ-19,mssqlsvc_svc,,,MSSQLSvc/srv-posmgt.northgate.local:1433
2026-07-08 13:55:47,4624,SRV-FILE-HQ,r.avni,3,WKS-HQ-14,,,,
2026-07-08 14:04:47,4769,SRV-DC-01,r.avni,,WKS-HQ-14,mssqlsvc_svc,,,MSSQLSvc/srv-cardproc.northgate.local:1433
2026-07-08 14:06:26,4624,SRV-FILE-HQ,e.shalom,3,WKS-HQ-16,,,,
2026-07-08 14:11:12,4769,SRV-DC-01,h.peretz,,WKS-IT-08,cifs_svc,,,CIFS/srv-file-hq.northgate.local
2026-07-08 14:15:55,4769,SRV-DC-01,p.stein,,WKS-HQ-26,cifs_svc,,,CIFS/srv-file-hq.northgate.local
2026-07-08 14:19:12,4624,SRV-FILE-HQ,h.peretz,3,WKS-IT-08,,,,
2026-07-08 14:22:22,4688,WKS-PAY-11,s.arbel,,,,winword.exe,winword.exe /w,
2026-07-08 14:29:28,4769,SRV-DC-01,u.regev,,WKS-HQ-28,cifs_svc,,,CIFS/srv-file-hq.northgate.local
2026-07-08 15:00:47,4624,SRV-FILE-HQ,b.naim,3,WKS-HQ-21,,,,
2026-07-08 15:02:54,4769,SRV-DC-01,i.golan,,WKS-HQ-22,cifs_svc,,,CIFS/srv-file-hq.northgate.local
2026-07-08 15:07:47,4624,SRV-FILE-HQ,c.barak,3,WKS-HQ-27,,,,
2026-07-08 15:12:47,4769,SRV-DC-01,b.naim,,WKS-HQ-21,mssqlsvc_svc,,,MSSQLSvc/srv-posmgt.northgate.local:1433
2026-07-08 15:13:41,4769,SRV-DC-01,m.saban,,WKS-IT-09,http_svc,,,HTTP/web-supplier.northgate.local
2026-07-08 15:21:19,4769,SRV-DC-01,a.dahan,,WKS-HQ-17,http_svc,,,HTTP/web-supplier.northgate.local
2026-07-08 15:24:24,4769,SRV-DC-01,r.stern,,WKS-PAY-02,mssqlsvc_svc,,,MSSQLSvc/srv-posmgt.northgate.local:1433
2026-07-08 15:25:38,4624,SRV-FILE-HQ,g.shemesh,3,WKS-HQ-06,,,,
2026-07-08 15:25:56,4688,WKS-IT-29,f.zohar,,,,teams.exe,teams.exe --system-initiated,
2026-07-08 15:26:41,4624,SRV-FILE-HQ,o.raviv,3,WKS-HQ-07,,,,
2026-07-08 15:31:29,4769,SRV-DC-01,l.beit,,WKS-HQ-13,cifs_svc,,,CIFS/srv-file-hq.northgate.local
2026-07-08 15:43:20,4624,SRV-FILE-HQ,n.barzilai,3,WKS-HQ-04,,,,
2026-07-08 15:55:12,4769,SRV-DC-01,h.peretz,,WKS-IT-08,http_svc,,,HTTP/web-supplier.northgate.local
2026-07-08 15:58:47,4769,SRV-DC-01,c.barak,,WKS-HQ-27,mssqlsvc_svc,,,MSSQLSvc/srv-cardproc.northgate.local:1433
2026-07-08 16:01:30,4634,WKS-PAY-11,s.arbel,2,,,,,
2026-07-08 16:05:41,4624,SRV-FILE-HQ,o.raviv,3,WKS-HQ-07,,,,
2026-07-08 16:05:43,5140,SRV-FILE-HQ,o.raviv,3,WKS-HQ-07,,,,\\SRV-FILE-HQ\Finance
2026-07-08 16:08:41,4624,SRV-DC-01,m.saban,3,WKS-IT-09,,,,
2026-07-08 16:10:29,4624,SRV-FILE-HQ,l.beit,3,WKS-HQ-13,,,,
2026-07-08 16:10:31,5140,SRV-FILE-HQ,l.beit,3,WKS-HQ-13,,,,\\SRV-FILE-HQ\Procurement
2026-07-08 16:14:12,4624,SRV-DC-01,h.peretz,3,WKS-IT-08,,,,
2026-07-08 16:17:39,4634,WKS-IT-01,a.mizrahi,2,,,,,
2026-07-08 16:20:47,4688,WKS-HQ-14,r.avni,,,,excel.exe,excel.exe /dde,
2026-07-08 16:24:47,4769,SRV-DC-01,r.avni,,WKS-HQ-14,http_svc,,,HTTP/web-supplier.northgate.local
2026-07-08 16:30:28,4624,SRV-FILE-HQ,u.regev,3,WKS-HQ-28,,,,
2026-07-08 16:31:37,4634,WKS-IT-09,m.saban,2,,,,,
2026-07-08 16:33:56,4624,SRV-FILE-HQ,f.zohar,3,WKS-IT-29,,,,
2026-07-08 16:35:54,4634,WKS-HQ-22,i.golan,2,,,,,
2026-07-08 16:46:17,4769,SRV-DC-01,d.levi,,WKS-SEC-10,http_svc,,,HTTP/web-supplier.northgate.local
2026-07-08 16:49:04,4634,WKS-HQ-23,s.mor,2,,,,,
2026-07-08 16:50:47,4634,WKS-IT-08,h.peretz,2,,,,,
2026-07-08 16:55:32,4769,SRV-DC-01,y.oren,,WKS-HQ-05,http_svc,,,HTTP/web-supplier.northgate.local
2026-07-08 17:00:28,4624,SRV-FILE-HQ,t.hadar,3,WKS-PAY-12,,,,
2026-07-08 17:03:30,4634,WKS-HQ-04,n.barzilai,2,,,,,
2026-07-08 17:09:47,4624,SRV-FILE-HQ,r.avni,3,WKS-HQ-14,,,,
2026-07-08 17:09:49,5140,SRV-FILE-HQ,r.avni,3,WKS-HQ-14,,,,\\SRV-FILE-HQ\Vendors
2026-07-08 17:10:42,4634,WKS-HQ-26,p.stein,2,,,,,
2026-07-08 17:13:51,4624,SRV-FILE-HQ,m.tal,3,WKS-HQ-18,,,,
2026-07-08 17:14:59,4634,WKS-HQ-25,z.amar,2,,,,,
2026-07-08 17:19:10,4634,WKS-HQ-20,k.oz,2,,,,,
2026-07-08 17:21:51,4634,WKS-HQ-27,c.barak,2,,,,,
2026-07-08 17:23:06,4634,WKS-HQ-16,e.shalom,2,,,,,
2026-07-08 17:23:51,4624,SRV-FILE-HQ,m.tal,3,WKS-HQ-18,,,,
2026-07-08 17:27:47,4634,WKS-HQ-21,b.naim,2,,,,,
2026-07-08 17:28:48,4634,WKS-HQ-24,v.harel,2,,,,,
2026-07-08 17:29:49,4634,WKS-HQ-06,g.shemesh,2,,,,,
2026-07-08 17:30:55,4634,WKS-HQ-14,r.avni,2,,,,,
2026-07-08 17:34:04,4634,WKS-SEC-10,d.levi,2,,,,,
2026-07-08 17:35:04,4624,SRV-DC-01,e.katz,3,WKS-SEC-03,,,,
2026-07-08 17:35:06,5140,SRV-DC-01,e.katz,3,WKS-SEC-03,,,,\\SRV-DC-01\IT
2026-07-08 17:40:23,4634,WKS-PAY-12,t.hadar,2,,,,,
2026-07-08 17:47:04,4634,WKS-HQ-13,l.beit,2,,,,,
2026-07-08 17:52:59,4634,WKS-HQ-19,y.segev,2,,,,,
2026-07-08 18:00:57,4634,WKS-PAY-02,r.stern,2,,,,,
2026-07-08 18:06:48,4634,WKS-PAY-30,g.ben-ari,2,,,,,
2026-07-08 18:10:09,4634,WKS-HQ-05,y.oren,2,,,,,
2026-07-08 18:19:27,4634,WKS-HQ-07,o.raviv,2,,,,,
2026-07-08 18:20:13,4634,WKS-HQ-17,a.dahan,2,,,,,
2026-07-08 18:53:22,4634,WKS-HQ-18,m.tal,2,,,,,
2026-07-08 18:54:35,4634,WKS-SEC-03,e.katz,2,,,,,
2026-07-08 19:04:41,4634,WKS-HQ-28,u.regev,2,,,,,
2026-07-08 19:13:11,4634,WKS-IT-29,f.zohar,2,,,,,
2026-07-09 06:40:38,4624,WKS-HQ-25,z.amar,2,WKS-HQ-25,,,,
2026-07-09 06:44:38,4688,WKS-HQ-25,z.amar,,,,chrome.exe,chrome.exe --restore-last-session,
2026-07-09 07:18:25,4624,WKS-HQ-26,p.stein,2,WKS-HQ-26,,,,
2026-07-09 07:24:25,4624,SRV-POSMGT,p.stein,3,WKS-HQ-26,,,,
2026-07-09 07:34:38,4624,WKS-PAY-11,s.arbel,2,WKS-PAY-11,,,,
2026-07-09 07:41:38,4769,SRV-DC-01,s.arbel,,WKS-PAY-11,mssqlsvc_svc,,,MSSQLSvc/srv-cardproc.northgate.local:1433
2026-07-09 07:43:36,4625,WKS-HQ-22,i.golan,2,WKS-HQ-22,,,,
2026-07-09 07:44:11,4624,WKS-HQ-23,s.mor,2,WKS-HQ-23,,,,
2026-07-09 07:47:26,4624,WKS-HQ-22,i.golan,2,WKS-HQ-22,,,,
2026-07-09 07:56:42,4624,WKS-HQ-24,v.harel,2,WKS-HQ-24,,,,
2026-07-09 07:59:56,4624,WKS-PAY-02,r.stern,2,WKS-PAY-02,,,,
2026-07-09 08:03:26,4769,SRV-DC-01,i.golan,,WKS-HQ-22,mssqlsvc_svc,,,MSSQLSvc/srv-posmgt.northgate.local:1433
2026-07-09 08:11:38,4769,SRV-DC-01,z.amar,,WKS-HQ-25,http_svc,,,HTTP/web-supplier.northgate.local
2026-07-09 08:15:45,4624,WKS-HQ-19,y.segev,2,WKS-HQ-19,,,,
2026-07-09 08:18:07,4624,WKS-SEC-03,e.katz,2,WKS-SEC-03,,,,
2026-07-09 08:18:25,4769,SRV-DC-01,p.stein,,WKS-HQ-26,mssqlsvc_svc,,,MSSQLSvc/srv-cardproc.northgate.local:1433
2026-07-09 08:19:52,4624,WKS-HQ-16,e.shalom,2,WKS-HQ-16,,,,
2026-07-09 08:21:56,4688,WKS-PAY-02,r.stern,,,,excel.exe,excel.exe /dde,
2026-07-09 08:21:57,4625,WKS-HQ-21,b.naim,2,WKS-HQ-21,,,,
2026-07-09 08:23:45,4624,WKS-HQ-21,b.naim,2,WKS-HQ-21,,,,
2026-07-09 08:24:12,4624,WKS-IT-08,h.peretz,2,WKS-IT-08,,,,
2026-07-09 08:25:07,4769,SRV-DC-01,e.katz,,WKS-SEC-03,mssqlsvc_svc,,,MSSQLSvc/srv-posmgt.northgate.local:1433
2026-07-09 08:27:46,4624,WKS-PAY-30,g.ben-ari,2,WKS-PAY-30,,,,
2026-07-09 08:32:41,4624,WKS-HQ-28,u.regev,2,WKS-HQ-28,,,,
2026-07-09 08:35:57,4624,WKS-PAY-12,t.hadar,2,WKS-PAY-12,,,,
2026-07-09 08:38:30,4624,WKS-HQ-27,c.barak,2,WKS-HQ-27,,,,
2026-07-09 08:41:14,4624,WKS-HQ-05,y.oren,2,WKS-HQ-05,,,,
2026-07-09 08:45:55,4624,WKS-IT-01,a.mizrahi,2,WKS-IT-01,,,,
2026-07-09 08:45:56,4672,WKS-IT-01,a.mizrahi,2,,,,,
2026-07-09 08:45:57,4624,SRV-FILE-HQ,t.hadar,3,WKS-PAY-12,,,,
2026-07-09 08:45:59,5140,SRV-FILE-HQ,t.hadar,3,WKS-PAY-12,,,,\\SRV-FILE-HQ\Payments
2026-07-09 08:47:37,4624,WKS-HQ-04,n.barzilai,2,WKS-HQ-04,,,,
2026-07-09 08:49:03,4624,WKS-HQ-13,l.beit,2,WKS-HQ-13,,,,
2026-07-09 08:50:07,4769,SRV-DC-01,e.katz,,WKS-SEC-03,http_svc,,,HTTP/web-supplier.northgate.local
2026-07-09 08:53:50,4624,WKS-HQ-18,m.tal,2,WKS-HQ-18,,,,
2026-07-09 08:57:05,4624,WKS-HQ-17,a.dahan,2,WKS-HQ-17,,,,
2026-07-09 08:57:19,4624,WKS-HQ-14,r.avni,2,WKS-HQ-14,,,,
2026-07-09 08:58:42,4624,WKS-HQ-20,k.oz,2,WKS-HQ-20,,,,
2026-07-09 09:00:37,4624,WKS-HQ-07,o.raviv,2,WKS-HQ-07,,,,
2026-07-09 09:03:50,4624,WKS-IT-09,m.saban,2,WKS-IT-09,,,,
2026-07-09 09:04:38,4624,SRV-FILE-HQ,s.arbel,3,WKS-PAY-11,,,,
2026-07-09 09:08:41,4624,WKS-SEC-10,d.levi,2,WKS-SEC-10,,,,
2026-07-09 09:10:12,4624,SRV-FILE-HQ,h.peretz,3,WKS-IT-08,,,,
2026-07-09 09:12:56,4624,SRV-FILE-HQ,r.stern,3,WKS-PAY-02,,,,
2026-07-09 09:16:24,4624,WKS-IT-29,f.zohar,2,WKS-IT-29,,,,
2026-07-09 09:16:26,4624,SRV-POSMGT,i.golan,3,WKS-HQ-22,,,,
2026-07-09 09:16:58,4624,WKS-HQ-15,n.hazan,2,WKS-HQ-15,,,,
2026-07-09 09:17:03,4624,SRV-FILE-HQ,l.beit,3,WKS-HQ-13,,,,
2026-07-09 09:19:03,4769,SRV-DC-01,l.beit,,WKS-HQ-13,mssqlsvc_svc,,,MSSQLSvc/srv-posmgt.northgate.local:1433
2026-07-09 09:27:23,4624,WKS-HQ-06,g.shemesh,2,WKS-HQ-06,,,,
2026-07-09 09:29:05,4769,SRV-DC-01,a.dahan,,WKS-HQ-17,http_svc,,,HTTP/web-supplier.northgate.local
2026-07-09 09:29:50,4769,SRV-DC-01,m.saban,,WKS-IT-09,cifs_svc,,,CIFS/srv-file-hq.northgate.local
2026-07-09 09:32:50,4624,SRV-FILE-HQ,m.saban,3,WKS-IT-09,,,,
2026-07-09 09:32:52,5140,SRV-FILE-HQ,m.saban,3,WKS-IT-09,,,,\\SRV-FILE-HQ\IT
2026-07-09 09:35:03,4769,SRV-DC-01,l.beit,,WKS-HQ-13,http_svc,,,HTTP/web-supplier.northgate.local
2026-07-09 09:37:38,4769,SRV-DC-01,s.arbel,,WKS-PAY-11,cifs_svc,,,CIFS/srv-file-hq.northgate.local
2026-07-09 09:42:55,4624,SRV-DC-01,a.mizrahi,3,WKS-IT-01,,,,
2026-07-09 09:57:05,4624,SRV-FILE-HQ,a.dahan,3,WKS-HQ-17,,,,
2026-07-09 09:57:07,5140,SRV-FILE-HQ,a.dahan,3,WKS-HQ-17,,,,\\SRV-FILE-HQ\HR
2026-07-09 09:58:19,4624,SRV-FILE-HQ,r.avni,3,WKS-HQ-14,,,,
2026-07-09 10:00:58,4624,SRV-FILE-HQ,n.hazan,3,WKS-HQ-15,,,,
2026-07-09 10:20:56,4624,SRV-FILE-HQ,r.stern,3,WKS-PAY-02,,,,
2026-07-09 10:31:41,4769,SRV-DC-01,d.levi,,WKS-SEC-10,mssqlsvc_svc,,,MSSQLSvc/srv-posmgt.northgate.local:1433
2026-07-09 10:34:45,4769,SRV-DC-01,b.naim,,WKS-HQ-21,mssqlsvc_svc,,,MSSQLSvc/srv-posmgt.northgate.local:1433
2026-07-09 10:50:26,4624,SRV-POSMGT,i.golan,3,WKS-HQ-22,,,,
2026-07-09 10:50:28,5140,SRV-POSMGT,i.golan,3,WKS-HQ-22,,,,\\SRV-POSMGT\Branches
2026-07-09 10:50:38,4688,WKS-PAY-11,s.arbel,,,,chrome.exe,chrome.exe --restore-last-session,
2026-07-09 10:53:45,4624,SRV-FILE-HQ,y.segev,3,WKS-HQ-19,,,,
2026-07-09 11:04:50,4624,SRV-FILE-HQ,m.tal,3,WKS-HQ-18,,,,
2026-07-09 11:05:50,4624,SRV-FILE-HQ,m.tal,3,WKS-HQ-18,,,,
2026-07-09 11:07:07,4624,SRV-DC-01,e.katz,3,WKS-SEC-03,,,,
2026-07-09 11:07:09,5140,SRV-DC-01,e.katz,3,WKS-SEC-03,,,,\\SRV-DC-01\IT
2026-07-09 11:12:14,4624,SRV-FILE-HQ,y.oren,3,WKS-HQ-05,,,,
2026-07-09 11:12:30,4624,SRV-FILE-HQ,c.barak,3,WKS-HQ-27,,,,
2026-07-09 11:12:38,4624,SRV-FILE-HQ,z.amar,3,WKS-HQ-25,,,,
2026-07-09 11:18:19,4624,SRV-FILE-HQ,r.avni,3,WKS-HQ-14,,,,
2026-07-09 11:24:42,4769,SRV-DC-01,v.harel,,WKS-HQ-24,http_svc,,,HTTP/web-supplier.northgate.local
2026-07-09 11:26:57,4769,SRV-DC-01,t.hadar,,WKS-PAY-12,http_svc,,,HTTP/web-supplier.northgate.local
2026-07-09 11:27:41,4688,WKS-SEC-10,d.levi,,,,chrome.exe,chrome.exe --restore-last-session,
2026-07-09 11:40:55,4624,SRV-DC-01,a.mizrahi,3,WKS-IT-01,,,,
2026-07-09 11:41:42,4624,SRV-POSMGT,v.harel,3,WKS-HQ-24,,,,
2026-07-09 11:41:50,4769,SRV-DC-01,m.saban,,WKS-IT-09,cifs_svc,,,CIFS/srv-file-hq.northgate.local
2026-07-09 11:45:25,4769,SRV-DC-01,p.stein,,WKS-HQ-26,cifs_svc,,,CIFS/srv-file-hq.northgate.local
2026-07-09 11:47:03,4624,SRV-FILE-HQ,l.beit,3,WKS-HQ-13,,,,
2026-07-09 11:47:05,5140,SRV-FILE-HQ,l.beit,3,WKS-HQ-13,,,,\\SRV-FILE-HQ\Vendors
2026-07-09 12:08:56,4769,SRV-DC-01,r.stern,,WKS-PAY-02,mssqlsvc_svc,,,MSSQLSvc/srv-cardproc.northgate.local:1433
2026-07-09 12:13:12,4624,SRV-FILE-HQ,h.peretz,3,WKS-IT-08,,,,
2026-07-09 12:13:14,5140,SRV-FILE-HQ,h.peretz,3,WKS-IT-08,,,,\\SRV-FILE-HQ\IT
2026-07-09 12:13:37,4624,SRV-FILE-HQ,n.barzilai,3,WKS-HQ-04,,,,
2026-07-09 12:26:56,4624,SRV-FILE-HQ,r.stern,3,WKS-PAY-02,,,,
2026-07-09 12:30:50,4624,SRV-FILE-HQ,m.saban,3,WKS-IT-09,,,,
2026-07-09 12:30:52,5140,SRV-FILE-HQ,m.saban,3,WKS-IT-09,,,,\\SRV-FILE-HQ\IT
2026-07-09 12:31:11,4624,SRV-POSMGT,s.mor,3,WKS-HQ-23,,,,
2026-07-09 12:32:38,4769,SRV-DC-01,s.arbel,,WKS-PAY-11,mssqlsvc_svc,,,MSSQLSvc/srv-cardproc.northgate.local:1433
2026-07-09 12:41:23,4769,SRV-DC-01,g.shemesh,,WKS-HQ-06,cifs_svc,,,CIFS/srv-file-hq.northgate.local
2026-07-09 12:47:25,4624,SRV-FILE-HQ,p.stein,3,WKS-HQ-26,,,,
2026-07-09 12:52:52,4769,SRV-DC-01,e.shalom,,WKS-HQ-16,mssqlsvc_svc,,,MSSQLSvc/srv-posmgt.northgate.local:1433
2026-07-09 12:54:50,4624,SRV-DC-01,m.saban,3,WKS-IT-09,,,,
2026-07-09 12:59:37,4624,SRV-FILE-HQ,o.raviv,3,WKS-HQ-07,,,,
2026-07-09 13:01:55,4624,SRV-FILE-HQ,a.mizrahi,3,WKS-IT-01,,,,
2026-07-09 13:06:11,4624,SRV-POSMGT,s.mor,3,WKS-HQ-23,,,,
2026-07-09 13:12:26,4624,SRV-FILE-HQ,i.golan,3,WKS-HQ-22,,,,
2026-07-09 13:12:42,4624,SRV-FILE-HQ,k.oz,3,WKS-HQ-20,,,,
2026-07-09 13:28:25,4688,WKS-HQ-26,p.stein,,,,teams.exe,teams.exe --system-initiated,
2026-07-09 13:30:03,4688,WKS-HQ-13,l.beit,,,,teams.exe,teams.exe --system-initiated,
2026-07-09 13:30:45,4624,SRV-FILE-HQ,y.segev,3,WKS-HQ-19,,,,
2026-07-09 13:33:12,4769,SRV-DC-01,h.peretz,,WKS-IT-08,mssqlsvc_svc,,,MSSQLSvc/srv-cardproc.northgate.local:1433
2026-07-09 13:35:25,4769,SRV-DC-01,p.stein,,WKS-HQ-26,http_svc,,,HTTP/web-supplier.northgate.local
2026-07-09 13:45:37,4688,WKS-HQ-04,n.barzilai,,,,teams.exe,teams.exe --system-initiated,
2026-07-09 13:47:30,4688,WKS-HQ-27,c.barak,,,,chrome.exe,chrome.exe --restore-last-session,
2026-07-09 13:49:37,4769,SRV-DC-01,n.barzilai,,WKS-HQ-04,http_svc,,,HTTP/web-supplier.northgate.local
2026-07-09 13:54:42,4769,SRV-DC-01,k.oz,,WKS-HQ-20,mssqlsvc_svc,,,MSSQLSvc/srv-cardproc.northgate.local:1433
2026-07-09 13:55:42,4624,SRV-FILE-HQ,k.oz,3,WKS-HQ-20,,,,
2026-07-09 13:58:50,4688,WKS-IT-09,m.saban,,,,chrome.exe,chrome.exe --restore-last-session,
2026-07-09 14:04:14,4624,SRV-FILE-HQ,y.oren,3,WKS-HQ-05,,,,
2026-07-09 14:14:41,4769,SRV-DC-01,d.levi,,WKS-SEC-10,cifs_svc,,,CIFS/srv-file-hq.northgate.local
2026-07-09 14:16:41,4624,SRV-FILE-HQ,u.regev,3,WKS-HQ-28,,,,
2026-07-09 14:17:50,4769,SRV-DC-01,m.tal,,WKS-HQ-18,cifs_svc,,,CIFS/srv-file-hq.northgate.local
2026-07-09 14:19:05,4624,SRV-FILE-HQ,a.dahan,3,WKS-HQ-17,,,,
2026-07-09 14:36:45,4769,SRV-DC-01,b.naim,,WKS-HQ-21,mssqlsvc_svc,,,MSSQLSvc/srv-cardproc.northgate.local:1433
2026-07-09 14:37:58,4624,SRV-FILE-HQ,n.hazan,3,WKS-HQ-15,,,,
2026-07-09 14:41:41,4688,WKS-HQ-28,u.regev,,,,winword.exe,winword.exe /w,
2026-07-09 14:48:07,4624,SRV-DC-01,e.katz,3,WKS-SEC-03,,,,
2026-07-09 14:49:45,4624,SRV-FILE-HQ,b.naim,3,WKS-HQ-21,,,,
2026-07-09 15:00:45,4624,SRV-FILE-HQ,y.segev,3,WKS-HQ-19,,,,
2026-07-09 15:07:26,4769,SRV-DC-01,i.golan,,WKS-HQ-22,mssqlsvc_svc,,,MSSQLSvc/srv-cardproc.northgate.local:1433
2026-07-09 15:15:49,4634,WKS-HQ-25,z.amar,2,,,,,
2026-07-09 15:22:57,4624,SRV-FILE-HQ,t.hadar,3,WKS-PAY-12,,,,
2026-07-09 15:22:59,5140,SRV-FILE-HQ,t.hadar,3,WKS-PAY-12,,,,\\SRV-FILE-HQ\Payments
2026-07-09 15:23:41,4769,SRV-DC-01,u.regev,,WKS-HQ-28,mssqlsvc_svc,,,MSSQLSvc/srv-posmgt.northgate.local:1433
2026-07-09 15:26:24,4769,SRV-DC-01,f.zohar,,WKS-IT-29,mssqlsvc_svc,,,MSSQLSvc/srv-cardproc.northgate.local:1433
2026-07-09 15:28:11,4624,SRV-POSMGT,s.mor,3,WKS-HQ-23,,,,
2026-07-09 15:28:13,5140,SRV-POSMGT,s.mor,3,WKS-HQ-23,,,,\\SRV-POSMGT\Branches
2026-07-09 15:28:41,4769,SRV-DC-01,u.regev,,WKS-HQ-28,mssqlsvc_svc,,,MSSQLSvc/srv-posmgt.northgate.local:1433
2026-07-09 15:34:50,4769,SRV-DC-01,m.saban,,WKS-IT-09,http_svc,,,HTTP/web-supplier.northgate.local
2026-07-09 15:41:45,4624,SRV-FILE-HQ,b.naim,3,WKS-HQ-21,,,,
2026-07-09 15:53:55,4769,SRV-DC-01,a.mizrahi,,WKS-IT-01,mssqlsvc_svc,,,MSSQLSvc/srv-cardproc.northgate.local:1433
2026-07-09 15:55:55,4769,SRV-DC-01,a.mizrahi,,WKS-IT-01,mssqlsvc_svc,,,MSSQLSvc/srv-cardproc.northgate.local:1433
2026-07-09 16:03:07,4688,WKS-SEC-03,e.katz,,,,chrome.exe,chrome.exe --restore-last-session,
2026-07-09 16:03:45,4769,SRV-DC-01,b.naim,,WKS-HQ-21,mssqlsvc_svc,,,MSSQLSvc/srv-cardproc.northgate.local:1433
2026-07-09 16:10:25,4634,WKS-PAY-02,r.stern,2,,,,,
2026-07-09 16:11:51,4634,WKS-HQ-22,i.golan,2,,,,,
2026-07-09 16:12:41,4624,SRV-DC-01,d.levi,3,WKS-SEC-10,,,,
2026-07-09 16:30:12,4624,SRV-FILE-HQ,h.peretz,3,WKS-IT-08,,,,
2026-07-09 16:30:52,4634,WKS-SEC-03,e.katz,2,,,,,
2026-07-09 16:30:55,4769,SRV-DC-01,a.mizrahi,,WKS-IT-01,mssqlsvc_svc,,,MSSQLSvc/srv-posmgt.northgate.local:1433
2026-07-09 16:32:06,4634,WKS-HQ-23,s.mor,2,,,,,
2026-07-09 16:39:57,4769,SRV-DC-01,t.hadar,,WKS-PAY-12,cifs_svc,,,CIFS/srv-file-hq.northgate.local
2026-07-09 16:42:36,4634,WKS-HQ-27,c.barak,2,,,,,
2026-07-09 16:48:50,4769,SRV-DC-01,m.saban,,WKS-IT-09,http_svc,,,HTTP/web-supplier.northgate.local
2026-07-09 16:55:16,4634,WKS-IT-08,h.peretz,2,,,,,
2026-07-09 16:57:14,4769,SRV-DC-01,y.oren,,WKS-HQ-05,cifs_svc,,,CIFS/srv-file-hq.northgate.local
2026-07-09 16:59:01,4634,WKS-HQ-24,v.harel,2,,,,,
2026-07-09 17:00:21,4634,WKS-HQ-13,l.beit,2,,,,,
2026-07-09 17:08:32,4634,WKS-HQ-20,k.oz,2,,,,,
2026-07-09 17:09:07,4634,WKS-PAY-11,s.arbel,2,,,,,
2026-07-09 17:11:24,4634,WKS-HQ-19,y.segev,2,,,,,
2026-07-09 17:17:06,4634,WKS-IT-01,a.mizrahi,2,,,,,
2026-07-09 17:28:39,4634,WKS-IT-29,f.zohar,2,,,,,
2026-07-09 17:33:32,4634,WKS-HQ-26,p.stein,2,,,,,
2026-07-09 17:53:33,4634,WKS-IT-09,m.saban,2,,,,,
2026-07-09 18:05:34,4634,WKS-HQ-17,a.dahan,2,,,,,
2026-07-09 18:15:08,4634,WKS-HQ-16,e.shalom,2,,,,,
2026-07-09 18:17:06,4634,WKS-HQ-07,o.raviv,2,,,,,
2026-07-09 18:17:23,4634,WKS-HQ-15,n.hazan,2,,,,,
2026-07-09 18:19:01,4634,WKS-HQ-05,y.oren,2,,,,,
2026-07-09 18:28:35,4634,WKS-PAY-30,g.ben-ari,2,,,,,
2026-07-09 18:30:18,4634,WKS-HQ-14,r.avni,2,,,,,
2026-07-09 18:37:04,4634,WKS-HQ-18,m.tal,2,,,,,
2026-07-09 18:44:01,4634,WKS-HQ-21,b.naim,2,,,,,
2026-07-09 18:46:51,4634,WKS-PAY-12,t.hadar,2,,,,,
2026-07-09 18:52:18,4634,WKS-HQ-28,u.regev,2,,,,,
2026-07-09 19:11:04,4634,WKS-HQ-04,n.barzilai,2,,,,,
2026-07-09 19:29:12,4634,WKS-SEC-10,d.levi,2,,,,,
2026-07-09 19:34:24,4634,WKS-HQ-06,g.shemesh,2,,,,,
2026-07-12 07:06:54,4624,WKS-HQ-25,z.amar,2,WKS-HQ-25,,,,
2026-07-12 07:53:21,4624,WKS-PAY-11,s.arbel,2,WKS-PAY-11,,,,
2026-07-12 07:54:28,4624,WKS-HQ-22,i.golan,2,WKS-HQ-22,,,,
2026-07-12 07:57:02,4624,WKS-HQ-23,s.mor,2,WKS-HQ-23,,,,
2026-07-12 07:58:36,4624,WKS-HQ-24,v.harel,2,WKS-HQ-24,,,,
2026-07-12 07:59:31,4624,WKS-HQ-19,y.segev,2,WKS-HQ-19,,,,
2026-07-12 08:00:04,4624,WKS-HQ-26,p.stein,2,WKS-HQ-26,,,,
2026-07-12 08:00:13,4624,WKS-HQ-20,k.oz,2,WKS-HQ-20,,,,
2026-07-12 08:07:21,4769,SRV-DC-01,s.arbel,,WKS-PAY-11,mssqlsvc_svc,,,MSSQLSvc/srv-cardproc.northgate.local:1433
2026-07-12 08:07:59,4624,WKS-HQ-14,r.avni,2,WKS-HQ-14,,,,
2026-07-12 08:08:07,4625,WKS-SEC-03,e.katz,2,WKS-SEC-03,,,,
2026-07-12 08:10:11,4624,WKS-PAY-30,g.ben-ari,2,WKS-PAY-30,,,,
2026-07-12 08:10:13,4624,WKS-PAY-02,r.stern,2,WKS-PAY-02,,,,
2026-07-12 08:11:29,4624,WKS-SEC-03,e.katz,2,WKS-SEC-03,,,,
2026-07-12 08:12:52,4624,WKS-IT-01,a.mizrahi,2,WKS-IT-01,,,,
2026-07-12 08:12:53,4672,WKS-IT-01,a.mizrahi,2,,,,,
2026-07-12 08:17:11,4769,SRV-DC-01,g.ben-ari,,WKS-PAY-30,cifs_svc,,,CIFS/srv-file-hq.northgate.local
2026-07-12 08:18:13,4769,SRV-DC-01,k.oz,,WKS-HQ-20,mssqlsvc_svc,,,MSSQLSvc/srv-posmgt.northgate.local:1433
2026-07-12 08:22:31,4624,WKS-HQ-13,l.beit,2,WKS-HQ-13,,,,
2026-07-12 08:22:40,4624,WKS-IT-08,h.peretz,2,WKS-IT-08,,,,
2026-07-12 08:23:25,4624,WKS-HQ-21,b.naim,2,WKS-HQ-21,,,,
2026-07-12 08:24:37,4624,WKS-PAY-12,t.hadar,2,WKS-PAY-12,,,,
2026-07-12 08:34:36,4624,WKS-HQ-05,y.oren,2,WKS-HQ-05,,,,
2026-07-12 08:37:36,4624,SRV-FILE-HQ,v.harel,3,WKS-HQ-24,,,,
2026-07-12 08:37:38,5140,SRV-FILE-HQ,v.harel,3,WKS-HQ-24,,,,\\SRV-FILE-HQ\Branches
2026-07-12 08:40:40,4624,WKS-IT-09,m.saban,2,WKS-IT-09,,,,
2026-07-12 08:44:45,4624,WKS-HQ-28,u.regev,2,WKS-HQ-28,,,,
2026-07-12 08:45:11,4624,WKS-SEC-10,d.levi,2,WKS-SEC-10,,,,
2026-07-12 08:49:40,4769,SRV-DC-01,m.saban,,WKS-IT-09,mssqlsvc_svc,,,MSSQLSvc/srv-cardproc.northgate.local:1433
2026-07-12 08:51:37,4769,SRV-DC-01,t.hadar,,WKS-PAY-12,cifs_svc,,,CIFS/srv-file-hq.northgate.local
2026-07-12 08:52:12,4624,WKS-HQ-16,e.shalom,2,WKS-HQ-16,,,,
2026-07-12 08:55:47,4624,WKS-HQ-17,a.dahan,2,WKS-HQ-17,,,,
2026-07-12 08:55:51,4624,WKS-IT-29,f.zohar,2,WKS-IT-29,,,,
2026-07-12 08:56:25,4624,SRV-FILE-HQ,b.naim,3,WKS-HQ-21,,,,
2026-07-12 08:56:27,5140,SRV-FILE-HQ,b.naim,3,WKS-HQ-21,,,,\\SRV-FILE-HQ\Logistics
2026-07-12 08:59:19,4624,WKS-HQ-27,c.barak,2,WKS-HQ-27,,,,
2026-07-12 09:04:52,4624,SRV-FILE-HQ,a.mizrahi,3,WKS-IT-01,,,,
2026-07-12 09:04:54,5140,SRV-FILE-HQ,a.mizrahi,3,WKS-IT-01,,,,\\SRV-FILE-HQ\IT
2026-07-12 09:06:16,4624,WKS-HQ-06,g.shemesh,2,WKS-HQ-06,,,,
2026-07-12 09:10:23,4624,WKS-HQ-07,o.raviv,2,WKS-HQ-07,,,,
2026-07-12 09:11:15,4625,WKS-HQ-18,m.tal,2,WKS-HQ-18,,,,
2026-07-12 09:11:40,4624,SRV-FILE-HQ,m.saban,3,WKS-IT-09,,,,
2026-07-12 09:12:36,4624,SRV-FILE-HQ,v.harel,3,WKS-HQ-24,,,,
2026-07-12 09:12:38,5140,SRV-FILE-HQ,v.harel,3,WKS-HQ-24,,,,\\SRV-FILE-HQ\Branches
2026-07-12 09:13:28,4769,SRV-DC-01,i.golan,,WKS-HQ-22,mssqlsvc_svc,,,MSSQLSvc/srv-cardproc.northgate.local:1433
2026-07-12 09:15:04,4624,WKS-HQ-18,m.tal,2,WKS-HQ-18,,,,
2026-07-12 09:18:11,4624,SRV-CARDPROC,g.ben-ari,3,WKS-PAY-30,,,,
2026-07-12 09:19:02,4769,SRV-DC-01,s.mor,,WKS-HQ-23,http_svc,,,HTTP/web-supplier.northgate.local
2026-07-12 09:19:35,4624,WKS-HQ-15,n.hazan,2,WKS-HQ-15,,,,
2026-07-12 09:20:36,4769,SRV-DC-01,v.harel,,WKS-HQ-24,http_svc,,,HTTP/web-supplier.northgate.local
2026-07-12 09:21:57,4624,WKS-HQ-04,n.barzilai,2,WKS-HQ-04,,,,
2026-07-12 09:26:35,4624,SRV-FILE-HQ,n.hazan,3,WKS-HQ-15,,,,
2026-07-12 09:26:37,5140,SRV-FILE-HQ,n.hazan,3,WKS-HQ-15,,,,\\SRV-FILE-HQ\Finance
2026-07-12 09:38:36,4624,SRV-FILE-HQ,v.harel,3,WKS-HQ-24,,,,
2026-07-12 09:38:38,5140,SRV-FILE-HQ,v.harel,3,WKS-HQ-24,,,,\\SRV-FILE-HQ\Branches
2026-07-12 09:39:04,4769,SRV-DC-01,p.stein,,WKS-HQ-26,mssqlsvc_svc,,,MSSQLSvc/srv-cardproc.northgate.local:1433
2026-07-12 09:39:36,4769,SRV-DC-01,v.harel,,WKS-HQ-24,mssqlsvc_svc,,,MSSQLSvc/srv-cardproc.northgate.local:1433
2026-07-12 09:42:40,4769,SRV-DC-01,m.saban,,WKS-IT-09,mssqlsvc_svc,,,MSSQLSvc/srv-posmgt.northgate.local:1433
2026-07-12 09:47:23,4688,WKS-HQ-07,o.raviv,,,,chrome.exe,chrome.exe --restore-last-session,
2026-07-12 09:49:47,4688,WKS-HQ-17,a.dahan,,,,outlook.exe,outlook.exe /recycle,
2026-07-12 09:52:45,4624,SRV-FILE-HQ,u.regev,3,WKS-HQ-28,,,,
2026-07-12 09:58:12,4769,SRV-DC-01,e.shalom,,WKS-HQ-16,cifs_svc,,,CIFS/srv-file-hq.northgate.local
2026-07-12 10:02:40,4624,SRV-FILE-HQ,m.saban,3,WKS-IT-09,,,,
2026-07-12 10:13:12,4769,SRV-DC-01,e.shalom,,WKS-HQ-16,http_svc,,,HTTP/web-supplier.northgate.local
2026-07-12 10:13:57,4769,SRV-DC-01,n.barzilai,,WKS-HQ-04,mssqlsvc_svc,,,MSSQLSvc/srv-cardproc.northgate.local:1433
2026-07-12 10:22:36,4624,SRV-FILE-HQ,y.oren,3,WKS-HQ-05,,,,
2026-07-12 10:22:38,5140,SRV-FILE-HQ,y.oren,3,WKS-HQ-05,,,,\\SRV-FILE-HQ\Procurement
2026-07-12 10:23:31,4624,SRV-FILE-HQ,l.beit,3,WKS-HQ-13,,,,
2026-07-12 10:23:33,5140,SRV-FILE-HQ,l.beit,3,WKS-HQ-13,,,,\\SRV-FILE-HQ\Vendors
2026-07-12 10:25:21,4624,SRV-FILE-HQ,s.arbel,3,WKS-PAY-11,,,,
2026-07-12 10:26:25,4624,SRV-FILE-HQ,b.naim,3,WKS-HQ-21,,,,
2026-07-12 10:26:28,4624,SRV-POSMGT,i.golan,3,WKS-HQ-22,,,,
2026-07-12 10:28:11,4624,SRV-DC-01,d.levi,3,WKS-SEC-10,,,,
2026-07-12 10:28:13,5140,SRV-DC-01,d.levi,3,WKS-SEC-10,,,,\\SRV-DC-01\IT
2026-07-12 10:32:31,4769,SRV-DC-01,y.segev,,WKS-HQ-19,mssqlsvc_svc,,,MSSQLSvc/srv-cardproc.northgate.local:1433
2026-07-12 10:40:04,4769,SRV-DC-01,p.stein,,WKS-HQ-26,cifs_svc,,,CIFS/srv-file-hq.northgate.local
2026-07-12 10:40:13,4624,SRV-FILE-HQ,k.oz,3,WKS-HQ-20,,,,
2026-07-12 10:40:57,4769,SRV-DC-01,n.barzilai,,WKS-HQ-04,mssqlsvc_svc,,,MSSQLSvc/srv-cardproc.northgate.local:1433
2026-07-12 10:42:13,4769,SRV-DC-01,r.stern,,WKS-PAY-02,mssqlsvc_svc,,,MSSQLSvc/srv-cardproc.northgate.local:1433
2026-07-12 10:43:13,4624,SRV-CARDPROC,r.stern,3,WKS-PAY-02,,,,
2026-07-12 10:55:16,4624,SRV-FILE-HQ,g.shemesh,3,WKS-HQ-06,,,,
2026-07-12 10:55:18,5140,SRV-FILE-HQ,g.shemesh,3,WKS-HQ-06,,,,\\SRV-FILE-HQ\Finance
2026-07-12 10:55:54,4624,SRV-FILE-HQ,z.amar,3,WKS-HQ-25,,,,
2026-07-12 11:09:11,4769,SRV-DC-01,g.ben-ari,,WKS-PAY-30,mssqlsvc_svc,,,MSSQLSvc/srv-cardproc.northgate.local:1433
2026-07-12 11:20:35,4624,SRV-FILE-HQ,n.hazan,3,WKS-HQ-15,,,,
2026-07-12 11:30:19,4769,SRV-DC-01,c.barak,,WKS-HQ-27,mssqlsvc_svc,,,MSSQLSvc/srv-posmgt.northgate.local:1433
2026-07-12 11:34:04,4624,SRV-FILE-HQ,p.stein,3,WKS-HQ-26,,,,
2026-07-12 11:34:31,4624,SRV-FILE-HQ,l.beit,3,WKS-HQ-13,,,,
2026-07-12 11:35:51,4624,SRV-DC-01,f.zohar,3,WKS-IT-29,,,,
2026-07-12 11:39:37,4624,SRV-CARDPROC,t.hadar,3,WKS-PAY-12,,,,
2026-07-12 11:40:16,4624,SRV-FILE-HQ,g.shemesh,3,WKS-HQ-06,,,,
2026-07-12 11:48:31,4769,SRV-DC-01,l.beit,,WKS-HQ-13,mssqlsvc_svc,,,MSSQLSvc/srv-posmgt.northgate.local:1433
2026-07-12 11:53:47,4624,SRV-FILE-HQ,a.dahan,3,WKS-HQ-17,,,,
2026-07-12 11:58:40,4769,SRV-DC-01,h.peretz,,WKS-IT-08,mssqlsvc_svc,,,MSSQLSvc/srv-posmgt.northgate.local:1433
2026-07-12 12:12:57,4624,SRV-FILE-HQ,n.barzilai,3,WKS-HQ-04,,,,
2026-07-12 12:22:29,4624,SRV-FILE-HQ,e.katz,3,WKS-SEC-03,,,,
2026-07-12 12:24:13,4769,SRV-DC-01,k.oz,,WKS-HQ-20,mssqlsvc_svc,,,MSSQLSvc/srv-posmgt.northgate.local:1433
2026-07-12 12:32:31,4624,SRV-FILE-HQ,l.beit,3,WKS-HQ-13,,,,
2026-07-12 12:55:40,4624,SRV-FILE-HQ,h.peretz,3,WKS-IT-08,,,,
2026-07-12 12:55:40,4624,SRV-DC-01,h.peretz,3,WKS-IT-08,,,,
2026-07-12 12:55:42,5140,SRV-FILE-HQ,h.peretz,3,WKS-IT-08,,,,\\SRV-FILE-HQ\IT
2026-07-12 13:03:40,4769,SRV-DC-01,m.saban,,WKS-IT-09,cifs_svc,,,CIFS/srv-file-hq.northgate.local
2026-07-12 13:05:51,4769,SRV-DC-01,f.zohar,,WKS-IT-29,cifs_svc,,,CIFS/srv-file-hq.northgate.local
2026-07-12 13:07:23,4769,SRV-DC-01,o.raviv,,WKS-HQ-07,cifs_svc,,,CIFS/srv-file-hq.northgate.local
2026-07-12 13:09:13,4624,SRV-CARDPROC,r.stern,3,WKS-PAY-02,,,,
2026-07-12 13:17:40,4624,SRV-FILE-HQ,h.peretz,3,WKS-IT-08,,,,
2026-07-12 13:17:52,4624,SRV-DC-01,a.mizrahi,3,WKS-IT-01,,,,
2026-07-12 13:17:59,4769,SRV-DC-01,r.avni,,WKS-HQ-14,http_svc,,,HTTP/web-supplier.northgate.local
2026-07-12 13:22:31,4769,SRV-DC-01,l.beit,,WKS-HQ-13,cifs_svc,,,CIFS/srv-file-hq.northgate.local
2026-07-12 13:30:35,4769,SRV-DC-01,n.hazan,,WKS-HQ-15,mssqlsvc_svc,,,MSSQLSvc/srv-posmgt.northgate.local:1433
2026-07-12 13:32:19,4769,SRV-DC-01,c.barak,,WKS-HQ-27,mssqlsvc_svc,,,MSSQLSvc/srv-posmgt.northgate.local:1433
2026-07-12 13:32:23,4624,SRV-FILE-HQ,o.raviv,3,WKS-HQ-07,,,,
2026-07-12 13:32:25,4769,SRV-DC-01,b.naim,,WKS-HQ-21,mssqlsvc_svc,,,MSSQLSvc/srv-cardproc.northgate.local:1433
2026-07-12 13:40:31,4769,SRV-DC-01,l.beit,,WKS-HQ-13,cifs_svc,,,CIFS/srv-file-hq.northgate.local
2026-07-12 13:43:02,4624,SRV-FILE-HQ,s.mor,3,WKS-HQ-23,,,,
2026-07-12 13:43:04,5140,SRV-FILE-HQ,s.mor,3,WKS-HQ-23,,,,\\SRV-FILE-HQ\Branches
2026-07-12 13:43:11,4769,SRV-DC-01,d.levi,,WKS-SEC-10,mssqlsvc_svc,,,MSSQLSvc/srv-posmgt.northgate.local:1433
2026-07-12 13:46:23,4624,SRV-FILE-HQ,o.raviv,3,WKS-HQ-07,,,,
2026-07-12 13:46:25,5140,SRV-FILE-HQ,o.raviv,3,WKS-HQ-07,,,,\\SRV-FILE-HQ\Finance
2026-07-12 13:57:12,4624,SRV-FILE-HQ,e.shalom,3,WKS-HQ-16,,,,
2026-07-12 13:57:14,5140,SRV-FILE-HQ,e.shalom,3,WKS-HQ-16,,,,\\SRV-FILE-HQ\Finance
2026-07-12 14:05:04,4624,SRV-POSMGT,p.stein,3,WKS-HQ-26,,,,
2026-07-12 14:08:40,4769,SRV-DC-01,h.peretz,,WKS-IT-08,mssqlsvc_svc,,,MSSQLSvc/srv-cardproc.northgate.local:1433
2026-07-12 14:16:51,4624,SRV-DC-01,f.zohar,3,WKS-IT-29,,,,
2026-07-12 14:21:11,4624,SRV-FILE-HQ,d.levi,3,WKS-SEC-10,,,,
2026-07-12 14:23:36,4769,SRV-DC-01,v.harel,,WKS-HQ-24,http_svc,,,HTTP/web-supplier.northgate.local
2026-07-12 14:26:13,4624,SRV-FILE-HQ,r.stern,3,WKS-PAY-02,,,,
2026-07-12 14:26:15,5140,SRV-FILE-HQ,r.stern,3,WKS-PAY-02,,,,\\SRV-FILE-HQ\Payments
2026-07-12 14:33:54,4624,SRV-FILE-HQ,z.amar,3,WKS-HQ-25,,,,
2026-07-12 14:33:56,5140,SRV-FILE-HQ,z.amar,3,WKS-HQ-25,,,,\\SRV-FILE-HQ\Branches
2026-07-12 14:37:16,4688,WKS-HQ-06,g.shemesh,,,,chrome.exe,chrome.exe --restore-last-session,
2026-07-12 14:39:13,4688,WKS-PAY-02,r.stern,,,,teams.exe,teams.exe --system-initiated,
2026-07-12 14:46:36,4624,SRV-FILE-HQ,y.oren,3,WKS-HQ-05,,,,
2026-07-12 14:48:36,4769,SRV-DC-01,y.oren,,WKS-HQ-05,mssqlsvc_svc,,,MSSQLSvc/srv-posmgt.northgate.local:1433
2026-07-12 14:50:40,4688,WKS-IT-08,h.peretz,,,,excel.exe,excel.exe /dde,
2026-07-12 15:04:45,4688,WKS-HQ-28,u.regev,,,,outlook.exe,outlook.exe /recycle,
2026-07-12 15:05:36,4624,SRV-FILE-HQ,v.harel,3,WKS-HQ-24,,,,
2026-07-12 15:07:59,4624,SRV-FILE-HQ,r.avni,3,WKS-HQ-14,,,,
2026-07-12 15:14:04,4769,SRV-DC-01,m.tal,,WKS-HQ-18,mssqlsvc_svc,,,MSSQLSvc/srv-posmgt.northgate.local:1433
2026-07-12 15:17:36,4769,SRV-DC-01,y.oren,,WKS-HQ-05,mssqlsvc_svc,,,MSSQLSvc/srv-cardproc.northgate.local:1433
2026-07-12 15:21:37,4769,SRV-DC-01,t.hadar,,WKS-PAY-12,http_svc,,,HTTP/web-supplier.northgate.local
2026-07-12 15:22:59,4688,WKS-HQ-14,r.avni,,,,teams.exe,teams.exe --system-initiated,
2026-07-12 15:24:11,4624,SRV-FILE-HQ,g.ben-ari,3,WKS-PAY-30,,,,
2026-07-12 15:24:13,5140,SRV-FILE-HQ,g.ben-ari,3,WKS-PAY-30,,,,\\SRV-FILE-HQ\Payments
2026-07-12 15:24:25,4624,SRV-FILE-HQ,b.naim,3,WKS-HQ-21,,,,
2026-07-12 15:29:11,4624,SRV-FILE-HQ,d.levi,3,WKS-SEC-10,,,,
2026-07-12 15:29:13,5140,SRV-FILE-HQ,d.levi,3,WKS-SEC-10,,,,\\SRV-FILE-HQ\IT
2026-07-12 15:33:21,4769,SRV-DC-01,s.arbel,,WKS-PAY-11,http_svc,,,HTTP/web-supplier.northgate.local
2026-07-12 15:37:40,4769,SRV-DC-01,m.saban,,WKS-IT-09,http_svc,,,HTTP/web-supplier.northgate.local
2026-07-12 15:38:36,4769,SRV-DC-01,y.oren,,WKS-HQ-05,mssqlsvc_svc,,,MSSQLSvc/srv-posmgt.northgate.local:1433
2026-07-12 15:39:28,4624,SRV-FILE-HQ,i.golan,3,WKS-HQ-22,,,,
2026-07-12 15:43:13,4769,SRV-DC-01,r.stern,,WKS-PAY-02,http_svc,,,HTTP/web-supplier.northgate.local
2026-07-12 15:44:21,4688,WKS-PAY-11,s.arbel,,,,chrome.exe,chrome.exe --restore-last-session,
2026-07-12 16:02:16,4769,SRV-DC-01,g.shemesh,,WKS-HQ-06,http_svc,,,HTTP/web-supplier.northgate.local
2026-07-12 16:09:31,4769,SRV-DC-01,l.beit,,WKS-HQ-13,mssqlsvc_svc,,,MSSQLSvc/srv-cardproc.northgate.local:1433
2026-07-12 16:10:13,4624,SRV-FILE-HQ,k.oz,3,WKS-HQ-20,,,,
2026-07-12 16:10:15,5140,SRV-FILE-HQ,k.oz,3,WKS-HQ-20,,,,\\SRV-FILE-HQ\Logistics
2026-07-12 16:12:04,4624,SRV-FILE-HQ,m.tal,3,WKS-HQ-18,,,,
2026-07-12 16:12:40,4624,SRV-FILE-HQ,m.saban,3,WKS-IT-09,,,,
2026-07-12 16:19:52,4769,SRV-DC-01,a.mizrahi,,WKS-IT-01,http_svc,,,HTTP/web-supplier.northgate.local
2026-07-12 16:23:52,4769,SRV-DC-01,a.mizrahi,,WKS-IT-01,mssqlsvc_svc,,,MSSQLSvc/srv-posmgt.northgate.local:1433
2026-07-12 16:27:09,4634,WKS-HQ-22,i.golan,2,,,,,
2026-07-12 16:27:52,4624,SRV-DC-01,a.mizrahi,3,WKS-IT-01,,,,
2026-07-12 16:27:54,5140,SRV-DC-01,a.mizrahi,3,WKS-IT-01,,,,\\SRV-DC-01\IT
2026-07-12 16:37:16,4634,WKS-HQ-25,z.amar,2,,,,,
2026-07-12 16:39:14,4634,WKS-HQ-21,b.naim,2,,,,,
2026-07-12 16:43:59,4624,SRV-FILE-HQ,r.avni,3,WKS-HQ-14,,,,
2026-07-12 16:46:24,4634,WKS-HQ-20,k.oz,2,,,,,
2026-07-12 16:56:29,4634,WKS-HQ-24,v.harel,2,,,,,
2026-07-12 16:58:01,4634,WKS-HQ-05,y.oren,2,,,,,
2026-07-12 17:04:54,4634,WKS-HQ-19,y.segev,2,,,,,
2026-07-12 17:04:59,4634,WKS-PAY-02,r.stern,2,,,,,
2026-07-12 17:05:47,4624,SRV-FILE-HQ,a.dahan,3,WKS-HQ-17,,,,
2026-07-12 17:09:40,4624,SRV-DC-01,m.saban,3,WKS-IT-09,,,,
2026-07-12 17:09:42,5140,SRV-DC-01,m.saban,3,WKS-IT-09,,,,\\SRV-DC-01\IT
2026-07-12 17:10:23,4634,WKS-PAY-11,s.arbel,2,,,,,
2026-07-12 17:13:25,4634,WKS-PAY-12,t.hadar,2,,,,,
2026-07-12 17:19:19,4624,SRV-FILE-HQ,c.barak,3,WKS-HQ-27,,,,
2026-07-12 17:20:52,4634,WKS-IT-09,m.saban,2,,,,,
2026-07-12 17:22:46,4634,WKS-HQ-17,a.dahan,2,,,,,
2026-07-12 17:24:04,4624,SRV-FILE-HQ,m.tal,3,WKS-HQ-18,,,,
2026-07-12 17:30:11,4634,WKS-HQ-16,e.shalom,2,,,,,
2026-07-12 17:34:05,4634,WKS-HQ-04,n.barzilai,2,,,,,
2026-07-12 17:41:24,4634,WKS-IT-01,a.mizrahi,2,,,,,
2026-07-12 17:48:04,4634,WKS-HQ-26,p.stein,2,,,,,
2026-07-12 17:49:33,4634,WKS-HQ-23,s.mor,2,,,,,
2026-07-12 17:50:47,4634,WKS-HQ-13,l.beit,2,,,,,
2026-07-12 17:51:45,4634,WKS-HQ-18,m.tal,2,,,,,
2026-07-12 17:54:57,4624,SRV-FILE-HQ,n.barzilai,3,WKS-HQ-04,,,,
2026-07-12 17:54:59,5140,SRV-FILE-HQ,n.barzilai,3,WKS-HQ-04,,,,\\SRV-FILE-HQ\Finance
2026-07-12 17:58:32,4634,WKS-IT-08,h.peretz,2,,,,,
2026-07-12 18:00:34,4634,WKS-IT-29,f.zohar,2,,,,,
2026-07-12 18:10:05,4634,WKS-SEC-10,d.levi,2,,,,,
2026-07-12 18:12:37,4634,WKS-HQ-07,o.raviv,2,,,,,
2026-07-12 18:17:45,4634,WKS-PAY-30,g.ben-ari,2,,,,,
2026-07-12 18:20:02,4634,WKS-SEC-03,e.katz,2,,,,,
2026-07-12 18:23:11,4634,WKS-HQ-14,r.avni,2,,,,,
2026-07-12 18:37:05,4634,WKS-HQ-28,u.regev,2,,,,,
2026-07-12 18:52:54,4634,WKS-HQ-27,c.barak,2,,,,,
2026-07-12 18:55:05,4634,WKS-HQ-06,g.shemesh,2,,,,,
2026-07-12 18:55:06,4634,WKS-HQ-15,n.hazan,2,,,,,
2026-07-13 07:02:54,4624,WKS-HQ-25,z.amar,2,WKS-HQ-25,,,,
2026-07-13 07:36:56,4624,WKS-HQ-23,s.mor,2,WKS-HQ-23,,,,
2026-07-13 07:42:20,4624,WKS-HQ-26,p.stein,2,WKS-HQ-26,,,,
2026-07-13 07:52:40,4624,WKS-SEC-03,e.katz,2,WKS-SEC-03,,,,
2026-07-13 07:53:49,4624,WKS-PAY-30,g.ben-ari,2,WKS-PAY-30,,,,
2026-07-13 07:55:04,4624,WKS-PAY-11,s.arbel,2,WKS-PAY-11,,,,
2026-07-13 08:01:46,4624,WKS-PAY-02,r.stern,2,WKS-PAY-02,,,,
2026-07-13 08:04:15,4624,WKS-HQ-22,i.golan,2,WKS-HQ-22,,,,
2026-07-13 08:06:04,4624,SRV-FILE-HQ,s.arbel,3,WKS-PAY-11,,,,
2026-07-13 08:08:18,4624,WKS-IT-01,a.mizrahi,2,WKS-IT-01,,,,
2026-07-13 08:08:19,4672,WKS-IT-01,a.mizrahi,2,,,,,
2026-07-13 08:11:18,4624,WKS-IT-09,m.saban,2,WKS-IT-09,,,,
2026-07-13 08:13:17,4624,WKS-HQ-19,y.segev,2,WKS-HQ-19,,,,
2026-07-13 08:17:30,4624,WKS-HQ-14,r.avni,2,WKS-HQ-14,,,,
2026-07-13 08:20:05,4624,WKS-HQ-24,v.harel,2,WKS-HQ-24,,,,
2026-07-13 08:22:43,4624,WKS-HQ-13,l.beit,2,WKS-HQ-13,,,,
2026-07-13 08:24:20,4624,SRV-POSMGT,p.stein,3,WKS-HQ-26,,,,
2026-07-13 08:24:22,5140,SRV-POSMGT,p.stein,3,WKS-HQ-26,,,,\\SRV-POSMGT\Branches
2026-07-13 08:26:25,4624,WKS-HQ-17,a.dahan,2,WKS-HQ-17,,,,
2026-07-13 08:28:19,4624,WKS-HQ-04,n.barzilai,2,WKS-HQ-04,,,,
2026-07-13 08:28:42,4624,WKS-HQ-28,u.regev,2,WKS-HQ-28,,,,
2026-07-13 08:32:18,4769,SRV-DC-01,m.saban,,WKS-IT-09,mssqlsvc_svc,,,MSSQLSvc/srv-posmgt.northgate.local:1433
2026-07-13 08:32:31,4624,WKS-HQ-20,k.oz,2,WKS-HQ-20,,,,
2026-07-13 08:33:40,4624,WKS-HQ-21,b.naim,2,WKS-HQ-21,,,,
2026-07-13 08:39:53,4624,WKS-HQ-05,y.oren,2,WKS-HQ-05,,,,
2026-07-13 08:42:11,4624,WKS-IT-29,f.zohar,2,WKS-IT-29,,,,
2026-07-13 08:49:18,4769,SRV-DC-01,a.mizrahi,,WKS-IT-01,cifs_svc,,,CIFS/srv-file-hq.northgate.local
2026-07-13 08:50:45,4624,WKS-HQ-27,c.barak,2,WKS-HQ-27,,,,
2026-07-13 08:51:46,4624,SRV-FILE-HQ,r.stern,3,WKS-PAY-02,,,,
2026-07-13 08:51:48,5140,SRV-FILE-HQ,r.stern,3,WKS-PAY-02,,,,\\SRV-FILE-HQ\Payments
2026-07-13 08:56:49,4624,WKS-HQ-16,e.shalom,2,WKS-HQ-16,,,,
2026-07-13 08:58:25,4624,SRV-FILE-HQ,a.dahan,3,WKS-HQ-17,,,,
2026-07-13 09:02:43,4769,SRV-DC-01,l.beit,,WKS-HQ-13,mssqlsvc_svc,,,MSSQLSvc/srv-posmgt.northgate.local:1433
2026-07-13 09:07:12,4624,WKS-IT-08,h.peretz,2,WKS-IT-08,,,,
2026-07-13 09:09:11,4624,SRV-FILE-HQ,f.zohar,3,WKS-IT-29,,,,
2026-07-13 09:11:40,4624,SRV-FILE-HQ,e.katz,3,WKS-SEC-03,,,,
2026-07-13 09:11:43,4624,WKS-SEC-10,d.levi,2,WKS-SEC-10,,,,
2026-07-13 09:15:14,4625,WKS-HQ-06,g.shemesh,2,WKS-HQ-06,,,,
2026-07-13 09:16:30,4624,WKS-HQ-06,g.shemesh,2,WKS-HQ-06,,,,
2026-07-13 09:17:12,4624,WKS-HQ-18,m.tal,2,WKS-HQ-18,,,,
2026-07-13 09:19:30,4769,SRV-DC-01,r.avni,,WKS-HQ-14,mssqlsvc_svc,,,MSSQLSvc/srv-cardproc.northgate.local:1433
2026-07-13 09:25:12,4624,SRV-DC-01,h.peretz,3,WKS-IT-08,,,,
2026-07-13 09:25:46,4624,SRV-FILE-HQ,r.stern,3,WKS-PAY-02,,,,
2026-07-13 09:25:48,5140,SRV-FILE-HQ,r.stern,3,WKS-PAY-02,,,,\\SRV-FILE-HQ\Payments
2026-07-13 09:29:15,4769,SRV-DC-01,i.golan,,WKS-HQ-22,mssqlsvc_svc,,,MSSQLSvc/srv-cardproc.northgate.local:1433
2026-07-13 09:31:54,4624,SRV-FILE-HQ,z.amar,3,WKS-HQ-25,,,,
2026-07-13 09:31:56,5140,SRV-FILE-HQ,z.amar,3,WKS-HQ-25,,,,\\SRV-FILE-HQ\Branches
2026-07-13 09:36:45,4624,SRV-FILE-HQ,c.barak,3,WKS-HQ-27,,,,
2026-07-13 09:47:19,4769,SRV-DC-01,n.barzilai,,WKS-HQ-04,http_svc,,,HTTP/web-supplier.northgate.local
2026-07-13 09:56:18,4624,SRV-DC-01,a.mizrahi,3,WKS-IT-01,,,,
2026-07-13 09:56:20,5140,SRV-DC-01,a.mizrahi,3,WKS-IT-01,,,,\\SRV-DC-01\IT
2026-07-13 09:59:15,4624,SRV-FILE-HQ,i.golan,3,WKS-HQ-22,,,,
2026-07-13 10:03:19,4624,SRV-FILE-HQ,n.barzilai,3,WKS-HQ-04,,,,
2026-07-13 10:11:15,4769,SRV-DC-01,i.golan,,WKS-HQ-22,http_svc,,,HTTP/web-supplier.northgate.local
2026-07-13 10:16:05,4769,SRV-DC-01,v.harel,,WKS-HQ-24,http_svc,,,HTTP/web-supplier.northgate.local
2026-07-13 10:19:25,4769,SRV-DC-01,a.dahan,,WKS-HQ-17,mssqlsvc_svc,,,MSSQLSvc/srv-cardproc.northgate.local:1433
2026-07-13 10:31:20,4624,SRV-FILE-HQ,p.stein,3,WKS-HQ-26,,,,
2026-07-13 10:32:54,4688,WKS-HQ-25,z.amar,,,,outlook.exe,outlook.exe /recycle,
2026-07-13 10:37:30,4624,SRV-FILE-HQ,r.avni,3,WKS-HQ-14,,,,
2026-07-13 10:40:18,4624,SRV-FILE-HQ,a.mizrahi,3,WKS-IT-01,,,,
2026-07-13 10:44:18,4624,SRV-FILE-HQ,m.saban,3,WKS-IT-09,,,,
2026-07-13 10:48:43,4769,SRV-DC-01,d.levi,,WKS-SEC-10,mssqlsvc_svc,,,MSSQLSvc/srv-cardproc.northgate.local:1433
2026-07-13 10:50:12,4769,SRV-DC-01,m.tal,,WKS-HQ-18,http_svc,,,HTTP/web-supplier.northgate.local
2026-07-13 10:51:42,4769,SRV-DC-01,u.regev,,WKS-HQ-28,mssqlsvc_svc,,,MSSQLSvc/srv-cardproc.northgate.local:1433
2026-07-13 10:55:40,4769,SRV-DC-01,e.katz,,WKS-SEC-03,mssqlsvc_svc,,,MSSQLSvc/srv-posmgt.northgate.local:1433
2026-07-13 11:05:56,4769,SRV-DC-01,s.mor,,WKS-HQ-23,mssqlsvc_svc,,,MSSQLSvc/srv-posmgt.northgate.local:1433
2026-07-13 11:19:20,4769,SRV-DC-01,p.stein,,WKS-HQ-26,cifs_svc,,,CIFS/srv-file-hq.northgate.local
2026-07-13 11:36:05,4769,SRV-DC-01,v.harel,,WKS-HQ-24,cifs_svc,,,CIFS/srv-file-hq.northgate.local
2026-07-13 11:37:12,4624,SRV-FILE-HQ,h.peretz,3,WKS-IT-08,,,,
2026-07-13 11:39:18,4769,SRV-DC-01,a.mizrahi,,WKS-IT-01,http_svc,,,HTTP/web-supplier.northgate.local
2026-07-13 11:54:43,4624,SRV-FILE-HQ,l.beit,3,WKS-HQ-13,,,,
2026-07-13 11:56:18,4769,SRV-DC-01,m.saban,,WKS-IT-09,mssqlsvc_svc,,,MSSQLSvc/srv-posmgt.northgate.local:1433
2026-07-13 11:59:40,4769,SRV-DC-01,e.katz,,WKS-SEC-03,http_svc,,,HTTP/web-supplier.northgate.local
2026-07-13 12:02:20,4769,SRV-DC-01,p.stein,,WKS-HQ-26,mssqlsvc_svc,,,MSSQLSvc/srv-posmgt.northgate.local:1433
2026-07-13 12:03:15,4624,SRV-POSMGT,i.golan,3,WKS-HQ-22,,,,
2026-07-13 12:06:46,4769,SRV-DC-01,r.stern,,WKS-PAY-02,cifs_svc,,,CIFS/srv-file-hq.northgate.local
2026-07-13 12:10:45,4769,SRV-DC-01,c.barak,,WKS-HQ-27,cifs_svc,,,CIFS/srv-file-hq.northgate.local
2026-07-13 12:16:18,4624,SRV-FILE-HQ,m.saban,3,WKS-IT-09,,,,
2026-07-13 12:20:31,4624,SRV-FILE-HQ,k.oz,3,WKS-HQ-20,,,,
2026-07-13 12:24:42,4769,SRV-DC-01,u.regev,,WKS-HQ-28,mssqlsvc_svc,,,MSSQLSvc/srv-posmgt.northgate.local:1433
2026-07-13 12:31:18,4769,SRV-DC-01,m.saban,,WKS-IT-09,mssqlsvc_svc,,,MSSQLSvc/srv-cardproc.northgate.local:1433
2026-07-13 12:36:05,4624,SRV-FILE-HQ,v.harel,3,WKS-HQ-24,,,,
2026-07-13 12:49:30,4769,SRV-DC-01,g.shemesh,,WKS-HQ-06,cifs_svc,,,CIFS/srv-file-hq.northgate.local
2026-07-13 12:55:25,4769,SRV-DC-01,a.dahan,,WKS-HQ-17,http_svc,,,HTTP/web-supplier.northgate.local
2026-07-13 12:55:56,4769,SRV-DC-01,s.mor,,WKS-HQ-23,mssqlsvc_svc,,,MSSQLSvc/srv-posmgt.northgate.local:1433
2026-07-13 13:20:40,4688,WKS-SEC-03,e.katz,,,,winword.exe,winword.exe /w,
2026-07-13 13:21:53,4624,SRV-FILE-HQ,y.oren,3,WKS-HQ-05,,,,
2026-07-13 13:21:55,5140,SRV-FILE-HQ,y.oren,3,WKS-HQ-05,,,,\\SRV-FILE-HQ\Procurement
2026-07-13 13:22:12,4624,SRV-FILE-HQ,m.tal,3,WKS-HQ-18,,,,
2026-07-13 13:25:42,4624,SRV-FILE-HQ,u.regev,3,WKS-HQ-28,,,,
2026-07-13 13:30:04,4688,WKS-PAY-11,s.arbel,,,,chrome.exe,chrome.exe --restore-last-session,
2026-07-13 13:34:43,4769,SRV-DC-01,l.beit,,WKS-HQ-13,mssqlsvc_svc,,,MSSQLSvc/srv-posmgt.northgate.local:1433
2026-07-13 13:36:30,4769,SRV-DC-01,r.avni,,WKS-HQ-14,cifs_svc,,,CIFS/srv-file-hq.northgate.local
2026-07-13 13:39:05,4624,SRV-FILE-HQ,v.harel,3,WKS-HQ-24,,,,
2026-07-13 13:40:12,4624,SRV-DC-01,h.peretz,3,WKS-IT-08,,,,
2026-07-13 13:41:20,4624,SRV-POSMGT,p.stein,3,WKS-HQ-26,,,,
2026-07-13 13:51:53,4769,SRV-DC-01,y.oren,,WKS-HQ-05,mssqlsvc_svc,,,MSSQLSvc/srv-posmgt.northgate.local:1433
2026-07-13 13:57:54,4624,SRV-FILE-HQ,z.amar,3,WKS-HQ-25,,,,
2026-07-13 14:01:45,4688,WKS-HQ-27,c.barak,,,,winword.exe,winword.exe /w,
2026-07-13 14:05:53,4769,SRV-DC-01,y.oren,,WKS-HQ-05,mssqlsvc_svc,,,MSSQLSvc/srv-posmgt.northgate.local:1433
2026-07-13 14:08:43,4688,WKS-SEC-10,d.levi,,,,excel.exe,excel.exe /dde,
2026-07-13 14:16:53,4624,SRV-FILE-HQ,y.oren,3,WKS-HQ-05,,,,
2026-07-13 14:18:15,4624,SRV-POSMGT,i.golan,3,WKS-HQ-22,,,,
2026-07-13 14:18:49,4769,SRV-DC-01,e.shalom,,WKS-HQ-16,http_svc,,,HTTP/web-supplier.northgate.local
2026-07-13 14:22:12,4624,SRV-FILE-HQ,m.tal,3,WKS-HQ-18,,,,
2026-07-13 14:25:11,4624,SRV-FILE-HQ,f.zohar,3,WKS-IT-29,,,,
2026-07-13 14:26:30,4688,WKS-HQ-14,r.avni,,,,teams.exe,teams.exe --system-initiated,
2026-07-13 14:42:30,4624,SRV-FILE-HQ,r.avni,3,WKS-HQ-14,,,,
2026-07-13 14:44:04,4624,SRV-FILE-HQ,s.arbel,3,WKS-PAY-11,,,,
2026-07-13 14:47:19,4769,SRV-DC-01,n.barzilai,,WKS-HQ-04,http_svc,,,HTTP/web-supplier.northgate.local
2026-07-13 14:57:40,4769,SRV-DC-01,b.naim,,WKS-HQ-21,http_svc,,,HTTP/web-supplier.northgate.local
2026-07-13 15:11:17,4624,SRV-FILE-HQ,y.segev,3,WKS-HQ-19,,,,
2026-07-13 15:13:12,4624,SRV-DC-01,h.peretz,3,WKS-IT-08,,,,
2026-07-13 15:26:25,4624,SRV-FILE-HQ,a.dahan,3,WKS-HQ-17,,,,
2026-07-13 15:26:26,4634,WKS-HQ-25,z.amar,2,,,,,
2026-07-13 15:26:42,4624,SRV-FILE-HQ,u.regev,3,WKS-HQ-28,,,,
2026-07-13 15:26:44,5140,SRV-FILE-HQ,u.regev,3,WKS-HQ-28,,,,\\SRV-FILE-HQ\Marketing
2026-07-13 15:31:30,4769,SRV-DC-01,r.avni,,WKS-HQ-14,http_svc,,,HTTP/web-supplier.northgate.local
2026-07-13 15:32:17,4624,SRV-FILE-HQ,y.segev,3,WKS-HQ-19,,,,
2026-07-13 15:32:18,4624,SRV-FILE-HQ,m.saban,3,WKS-IT-09,,,,
2026-07-13 15:32:20,5140,SRV-FILE-HQ,m.saban,3,WKS-IT-09,,,,\\SRV-FILE-HQ\IT
2026-07-13 15:36:20,4769,SRV-DC-01,p.stein,,WKS-HQ-26,mssqlsvc_svc,,,MSSQLSvc/srv-cardproc.northgate.local:1433
2026-07-13 15:40:54,4624,SRV-POSMGT,z.amar,3,WKS-HQ-25,,,,
2026-07-13 15:57:43,4624,SRV-FILE-HQ,l.beit,3,WKS-HQ-13,,,,
2026-07-13 16:15:30,4688,WKS-HQ-06,g.shemesh,,,,chrome.exe,chrome.exe --restore-last-session,
2026-07-13 16:16:52,4634,WKS-HQ-26,p.stein,2,,,,,
2026-07-13 16:20:49,4624,SRV-FILE-HQ,e.shalom,3,WKS-HQ-16,,,,
2026-07-13 16:31:42,4769,SRV-DC-01,u.regev,,WKS-HQ-28,http_svc,,,HTTP/web-supplier.northgate.local
2026-07-13 16:34:26,4634,WKS-HQ-14,r.avni,2,,,,,
2026-07-13 16:34:51,4634,WKS-HQ-21,b.naim,2,,,,,
2026-07-13 16:35:40,4624,SRV-FILE-HQ,b.naim,3,WKS-HQ-21,,,,
2026-07-13 16:36:31,4624,SRV-FILE-HQ,k.oz,3,WKS-HQ-20,,,,
2026-07-13 16:41:43,4624,SRV-FILE-HQ,l.beit,3,WKS-HQ-13,,,,
2026-07-13 16:45:18,4624,SRV-DC-01,m.saban,3,WKS-IT-09,,,,
2026-07-13 16:45:20,5140,SRV-DC-01,m.saban,3,WKS-IT-09,,,,\\SRV-DC-01\IT
2026-07-13 16:46:00,4634,WKS-HQ-19,y.segev,2,,,,,
2026-07-13 16:55:29,4634,WKS-IT-09,m.saban,2,,,,,
2026-07-13 16:57:10,4634,WKS-PAY-02,r.stern,2,,,,,
2026-07-13 17:07:29,4634,WKS-HQ-16,e.shalom,2,,,,,
2026-07-13 17:15:12,4769,SRV-DC-01,h.peretz,,WKS-IT-08,http_svc,,,HTTP/web-supplier.northgate.local
2026-07-13 17:19:28,4634,WKS-HQ-04,n.barzilai,2,,,,,
2026-07-13 17:23:43,4769,SRV-DC-01,d.levi,,WKS-SEC-10,http_svc,,,HTTP/web-supplier.northgate.local
2026-07-13 17:23:58,4634,WKS-HQ-27,c.barak,2,,,,,
2026-07-13 17:24:50,4634,WKS-HQ-22,i.golan,2,,,,,
2026-07-13 17:27:31,4634,WKS-HQ-23,s.mor,2,,,,,
2026-07-13 17:30:43,4624,SRV-DC-01,d.levi,3,WKS-SEC-10,,,,
2026-07-13 17:32:49,4624,SRV-FILE-HQ,e.shalom,3,WKS-HQ-16,,,,
2026-07-13 17:36:34,4634,WKS-IT-08,h.peretz,2,,,,,
2026-07-13 17:40:57,4634,WKS-IT-29,f.zohar,2,,,,,
2026-07-13 17:44:00,4634,WKS-PAY-11,s.arbel,2,,,,,
2026-07-13 17:48:13,4634,WKS-SEC-10,d.levi,2,,,,,
2026-07-13 17:54:08,4634,WKS-HQ-28,u.regev,2,,,,,
2026-07-13 17:55:11,4634,WKS-HQ-24,v.harel,2,,,,,
2026-07-13 17:56:47,4634,WKS-SEC-03,e.katz,2,,,,,
2026-07-13 18:08:31,4634,WKS-HQ-20,k.oz,2,,,,,
2026-07-13 18:09:10,4634,WKS-IT-01,a.mizrahi,2,,,,,
2026-07-13 18:09:17,4634,WKS-PAY-30,g.ben-ari,2,,,,,
2026-07-13 18:25:07,4634,WKS-HQ-13,l.beit,2,,,,,
2026-07-13 18:37:06,4634,WKS-HQ-05,y.oren,2,,,,,
2026-07-13 18:42:34,4634,WKS-HQ-06,g.shemesh,2,,,,,
2026-07-13 18:45:42,4634,WKS-HQ-17,a.dahan,2,,,,,
2026-07-13 19:26:54,4634,WKS-HQ-18,m.tal,2,,,,,
2026-07-14 06:37:18,4624,WKS-HQ-25,z.amar,2,WKS-HQ-25,,,,
2026-07-14 06:46:18,4624,SRV-POSMGT,z.amar,3,WKS-HQ-25,,,,
2026-07-14 06:46:18,4624,SRV-FILE-HQ,z.amar,3,WKS-HQ-25,,,,
2026-07-14 06:47:18,4769,SRV-DC-01,z.amar,,WKS-HQ-25,http_svc,,,HTTP/web-supplier.northgate.local
2026-07-14 07:29:05,4624,WKS-HQ-23,s.mor,2,WKS-HQ-23,,,,
2026-07-14 07:37:07,4624,WKS-HQ-24,v.harel,2,WKS-HQ-24,,,,
2026-07-14 07:47:09,4624,WKS-HQ-22,i.golan,2,WKS-HQ-22,,,,
2026-07-14 07:49:17,4624,WKS-HQ-26,p.stein,2,WKS-HQ-26,,,,
2026-07-14 07:51:20,4624,WKS-PAY-11,s.arbel,2,WKS-PAY-11,,,,
2026-07-14 08:06:05,4624,WKS-PAY-02,r.stern,2,WKS-PAY-02,,,,
2026-07-14 08:06:12,4624,WKS-PAY-30,g.ben-ari,2,WKS-PAY-30,,,,
2026-07-14 08:11:49,4624,WKS-HQ-14,r.avni,2,WKS-HQ-14,,,,
2026-07-14 08:16:03,4624,WKS-IT-01,a.mizrahi,2,WKS-IT-01,,,,
2026-07-14 08:16:04,4672,WKS-IT-01,a.mizrahi,2,,,,,
2026-07-14 08:19:26,4624,WKS-HQ-19,y.segev,2,WKS-HQ-19,,,,
2026-07-14 08:26:59,4624,WKS-HQ-28,u.regev,2,WKS-HQ-28,,,,
2026-07-14 08:32:17,4624,WKS-HQ-20,k.oz,2,WKS-HQ-20,,,,
2026-07-14 08:32:50,4624,WKS-HQ-05,y.oren,2,WKS-HQ-05,,,,
2026-07-14 08:35:02,4624,WKS-IT-29,f.zohar,2,WKS-IT-29,,,,
2026-07-14 08:35:17,4624,SRV-FILE-HQ,p.stein,3,WKS-HQ-26,,,,
2026-07-14 08:36:51,4624,WKS-HQ-16,e.shalom,2,WKS-HQ-16,,,,
2026-07-14 08:48:39,4624,WKS-HQ-04,n.barzilai,2,WKS-HQ-04,,,,
2026-07-14 08:50:28,4624,WKS-PAY-12,t.hadar,2,WKS-PAY-12,,,,
2026-07-14 08:51:15,4624,WKS-SEC-03,e.katz,2,WKS-SEC-03,,,,
2026-07-14 08:51:27,4625,WKS-HQ-13,l.beit,2,WKS-HQ-13,,,,
2026-07-14 08:54:26,4624,SRV-FILE-HQ,y.segev,3,WKS-HQ-19,,,,
2026-07-14 08:54:58,4624,WKS-HQ-13,l.beit,2,WKS-HQ-13,,,,
2026-07-14 08:56:12,4624,SRV-FILE-HQ,g.ben-ari,3,WKS-PAY-30,,,,
2026-07-14 08:58:47,4624,WKS-HQ-21,b.naim,2,WKS-HQ-21,,,,
2026-07-14 08:59:05,4769,SRV-DC-01,r.stern,,WKS-PAY-02,mssqlsvc_svc,,,MSSQLSvc/srv-cardproc.northgate.local:1433
2026-07-14 09:02:07,4624,WKS-IT-09,m.saban,2,WKS-IT-09,,,,
2026-07-14 09:04:02,4624,WKS-HQ-18,m.tal,2,WKS-HQ-18,,,,
2026-07-14 09:04:52,4624,WKS-HQ-07,o.raviv,2,WKS-HQ-07,,,,
2026-07-14 09:05:40,4624,WKS-SEC-10,d.levi,2,WKS-SEC-10,,,,
2026-07-14 09:17:09,4624,SRV-FILE-HQ,i.golan,3,WKS-HQ-22,,,,
2026-07-14 09:17:11,5140,SRV-FILE-HQ,i.golan,3,WKS-HQ-22,,,,\\SRV-FILE-HQ\Branches
2026-07-14 09:18:02,4624,WKS-HQ-06,g.shemesh,2,WKS-HQ-06,,,,
2026-07-14 09:18:40,4624,SRV-FILE-HQ,d.levi,3,WKS-SEC-10,,,,
2026-07-14 09:28:06,4624,WKS-HQ-17,a.dahan,2,WKS-HQ-17,,,,
2026-07-14 09:39:18,4769,SRV-DC-01,z.amar,,WKS-HQ-25,http_svc,,,HTTP/web-supplier.northgate.local
2026-07-14 09:49:40,4769,SRV-DC-01,d.levi,,WKS-SEC-10,mssqlsvc_svc,,,MSSQLSvc/srv-posmgt.northgate.local:1433
2026-07-14 09:50:52,4769,SRV-DC-01,o.raviv,,WKS-HQ-07,cifs_svc,,,CIFS/srv-file-hq.northgate.local
2026-07-14 09:53:06,4769,SRV-DC-01,a.dahan,,WKS-HQ-17,http_svc,,,HTTP/web-supplier.northgate.local
2026-07-14 10:01:02,4769,SRV-DC-01,m.tal,,WKS-HQ-18,cifs_svc,,,CIFS/srv-file-hq.northgate.local
2026-07-14 10:07:02,4624,SRV-FILE-HQ,m.tal,3,WKS-HQ-18,,,,
2026-07-14 10:13:59,4624,SRV-FILE-HQ,u.regev,3,WKS-HQ-28,,,,
2026-07-14 10:14:01,5140,SRV-FILE-HQ,u.regev,3,WKS-HQ-28,,,,\\SRV-FILE-HQ\Marketing
2026-07-14 10:14:49,4769,SRV-DC-01,r.avni,,WKS-HQ-14,cifs_svc,,,CIFS/srv-file-hq.northgate.local
2026-07-14 10:20:09,4624,SRV-FILE-HQ,i.golan,3,WKS-HQ-22,,,,
2026-07-14 10:20:11,5140,SRV-FILE-HQ,i.golan,3,WKS-HQ-22,,,,\\SRV-FILE-HQ\Branches
2026-07-14 10:36:15,4769,SRV-DC-01,e.katz,,WKS-SEC-03,mssqlsvc_svc,,,MSSQLSvc/srv-posmgt.northgate.local:1433
2026-07-14 10:42:12,4769,SRV-DC-01,g.ben-ari,,WKS-PAY-30,mssqlsvc_svc,,,MSSQLSvc/srv-cardproc.northgate.local:1433
2026-07-14 10:45:06,4624,SRV-FILE-HQ,a.dahan,3,WKS-HQ-17,,,,
2026-07-14 10:45:07,4769,SRV-DC-01,m.saban,,WKS-IT-09,http_svc,,,HTTP/web-supplier.northgate.local
2026-07-14 10:45:08,5140,SRV-FILE-HQ,a.dahan,3,WKS-HQ-17,,,,\\SRV-FILE-HQ\HR
2026-07-14 10:53:50,4624,SRV-FILE-HQ,y.oren,3,WKS-HQ-05,,,,
2026-07-14 10:55:17,4769,SRV-DC-01,k.oz,,WKS-HQ-20,http_svc,,,HTTP/web-supplier.northgate.local
2026-07-14 11:06:20,4769,SRV-DC-01,s.arbel,,WKS-PAY-11,mssqlsvc_svc,,,MSSQLSvc/srv-posmgt.northgate.local:1433
2026-07-14 11:15:39,4688,WKS-HQ-04,n.barzilai,,,,chrome.exe,chrome.exe --restore-last-session,
2026-07-14 11:16:03,4769,SRV-DC-01,a.mizrahi,,WKS-IT-01,mssqlsvc_svc,,,MSSQLSvc/srv-cardproc.northgate.local:1433
2026-07-14 11:17:09,4624,SRV-FILE-HQ,i.golan,3,WKS-HQ-22,,,,
2026-07-14 11:17:17,4769,SRV-DC-01,k.oz,,WKS-HQ-20,mssqlsvc_svc,,,MSSQLSvc/srv-cardproc.northgate.local:1433
2026-07-14 11:19:58,4769,SRV-DC-01,l.beit,,WKS-HQ-13,cifs_svc,,,CIFS/srv-file-hq.northgate.local
2026-07-14 11:20:15,4624,SRV-FILE-HQ,e.katz,3,WKS-SEC-03,,,,
2026-07-14 11:20:17,5140,SRV-FILE-HQ,e.katz,3,WKS-SEC-03,,,,\\SRV-FILE-HQ\IT
2026-07-14 11:24:26,4624,SRV-FILE-HQ,y.segev,3,WKS-HQ-19,,,,
2026-07-14 11:29:09,4769,SRV-DC-01,i.golan,,WKS-HQ-22,mssqlsvc_svc,,,MSSQLSvc/srv-posmgt.northgate.local:1433
2026-07-14 11:37:05,4624,SRV-FILE-HQ,s.mor,3,WKS-HQ-23,,,,
2026-07-14 11:46:20,4624,SRV-FILE-HQ,s.arbel,3,WKS-PAY-11,,,,
2026-07-14 11:47:28,4688,WKS-PAY-12,t.hadar,,,,excel.exe,excel.exe /dde,
2026-07-14 11:48:17,4624,SRV-POSMGT,p.stein,3,WKS-HQ-26,,,,
2026-07-14 11:48:49,4769,SRV-DC-01,r.avni,,WKS-HQ-14,mssqlsvc_svc,,,MSSQLSvc/srv-posmgt.northgate.local:1433
2026-07-14 11:56:18,4624,SRV-POSMGT,z.amar,3,WKS-HQ-25,,,,
2026-07-14 11:57:05,4769,SRV-DC-01,r.stern,,WKS-PAY-02,mssqlsvc_svc,,,MSSQLSvc/srv-cardproc.northgate.local:1433
2026-07-14 11:59:07,4769,SRV-DC-01,v.harel,,WKS-HQ-24,cifs_svc,,,CIFS/srv-file-hq.northgate.local
2026-07-14 12:09:58,4624,SRV-FILE-HQ,l.beit,3,WKS-HQ-13,,,,
2026-07-14 12:10:00,5140,SRV-FILE-HQ,l.beit,3,WKS-HQ-13,,,,\\SRV-FILE-HQ\Vendors
2026-07-14 12:15:59,4624,SRV-FILE-HQ,u.regev,3,WKS-HQ-28,,,,
2026-07-14 12:16:01,5140,SRV-FILE-HQ,u.regev,3,WKS-HQ-28,,,,\\SRV-FILE-HQ\Marketing
2026-07-14 12:32:20,4624,SRV-CARDPROC,s.arbel,3,WKS-PAY-11,,,,
2026-07-14 12:36:15,4624,SRV-FILE-HQ,e.katz,3,WKS-SEC-03,,,,
2026-07-14 12:38:28,4624,SRV-FILE-HQ,t.hadar,3,WKS-PAY-12,,,,
2026-07-14 12:46:18,4688,WKS-HQ-25,z.amar,,,,chrome.exe,chrome.exe --restore-last-session,
2026-07-14 12:48:26,4769,SRV-DC-01,y.segev,,WKS-HQ-19,http_svc,,,HTTP/web-supplier.northgate.local
2026-07-14 12:54:49,4624,SRV-FILE-HQ,r.avni,3,WKS-HQ-14,,,,
2026-07-14 13:05:03,4624,SRV-FILE-HQ,a.mizrahi,3,WKS-IT-01,,,,
2026-07-14 13:08:28,4769,SRV-DC-01,t.hadar,,WKS-PAY-12,mssqlsvc_svc,,,MSSQLSvc/srv-posmgt.northgate.local:1433
2026-07-14 13:10:05,4624,SRV-FILE-HQ,s.mor,3,WKS-HQ-23,,,,
2026-07-14 13:14:07,4624,SRV-DC-01,m.saban,3,WKS-IT-09,,,,
2026-07-14 13:15:51,4769,SRV-DC-01,e.shalom,,WKS-HQ-16,http_svc,,,HTTP/web-supplier.northgate.local
2026-07-14 13:17:47,4769,SRV-DC-01,b.naim,,WKS-HQ-21,cifs_svc,,,CIFS/srv-file-hq.northgate.local
2026-07-14 13:20:07,4769,SRV-DC-01,v.harel,,WKS-HQ-24,cifs_svc,,,CIFS/srv-file-hq.northgate.local
2026-07-14 13:24:02,4769,SRV-DC-01,f.zohar,,WKS-IT-29,http_svc,,,HTTP/web-supplier.northgate.local
2026-07-14 13:30:47,4769,SRV-DC-01,b.naim,,WKS-HQ-21,mssqlsvc_svc,,,MSSQLSvc/srv-cardproc.northgate.local:1433
2026-07-14 13:32:58,4624,SRV-FILE-HQ,l.beit,3,WKS-HQ-13,,,,
2026-07-14 13:33:49,4688,WKS-HQ-14,r.avni,,,,outlook.exe,outlook.exe /recycle,
2026-07-14 13:36:03,4624,SRV-FILE-HQ,a.mizrahi,3,WKS-IT-01,,,,
2026-07-14 13:36:05,5140,SRV-FILE-HQ,a.mizrahi,3,WKS-IT-01,,,,\\SRV-FILE-HQ\IT
2026-07-14 13:46:39,4769,SRV-DC-01,n.barzilai,,WKS-HQ-04,mssqlsvc_svc,,,MSSQLSvc/srv-cardproc.northgate.local:1433
2026-07-14 13:46:50,4624,SRV-FILE-HQ,y.oren,3,WKS-HQ-05,,,,
2026-07-14 13:49:03,4624,SRV-DC-01,a.mizrahi,3,WKS-IT-01,,,,
2026-07-14 13:52:02,4624,SRV-FILE-HQ,m.tal,3,WKS-HQ-18,,,,
2026-07-14 13:54:02,4624,SRV-FILE-HQ,g.shemesh,3,WKS-HQ-06,,,,
2026-07-14 14:00:12,4624,SRV-CARDPROC,g.ben-ari,3,WKS-PAY-30,,,,
2026-07-14 14:00:14,5140,SRV-CARDPROC,g.ben-ari,3,WKS-PAY-30,,,,\\SRV-CARDPROC\Payments
2026-07-14 14:05:28,4769,SRV-DC-01,t.hadar,,WKS-PAY-12,mssqlsvc_svc,,,MSSQLSvc/srv-posmgt.northgate.local:1433
2026-07-14 14:11:47,4688,WKS-HQ-21,b.naim,,,,winword.exe,winword.exe /w,
2026-07-14 14:13:50,4769,SRV-DC-01,y.oren,,WKS-HQ-05,mssqlsvc_svc,,,MSSQLSvc/srv-posmgt.northgate.local:1433
2026-07-14 14:14:50,4688,WKS-HQ-05,y.oren,,,,winword.exe,winword.exe /w,
2026-07-14 14:23:51,4624,SRV-FILE-HQ,e.shalom,3,WKS-HQ-16,,,,
2026-07-14 14:27:09,4624,SRV-FILE-HQ,i.golan,3,WKS-HQ-22,,,,
2026-07-14 14:27:12,4624,SRV-FILE-HQ,g.ben-ari,3,WKS-PAY-30,,,,
2026-07-14 14:27:14,5140,SRV-FILE-HQ,g.ben-ari,3,WKS-PAY-30,,,,\\SRV-FILE-HQ\Payments
2026-07-14 14:31:02,4624,SRV-FILE-HQ,m.tal,3,WKS-HQ-18,,,,
2026-07-14 14:37:47,4624,SRV-FILE-HQ,b.naim,3,WKS-HQ-21,,,,
2026-07-14 15:05:59,4624,SRV-FILE-HQ,u.regev,3,WKS-HQ-28,,,,
2026-07-14 15:06:01,5140,SRV-FILE-HQ,u.regev,3,WKS-HQ-28,,,,\\SRV-FILE-HQ\Marketing
2026-07-14 15:09:07,4634,WKS-HQ-25,z.amar,2,,,,,
2026-07-14 15:10:05,4688,WKS-HQ-23,s.mor,,,,winword.exe,winword.exe /w,
2026-07-14 15:12:03,4624,SRV-FILE-HQ,a.mizrahi,3,WKS-IT-01,,,,
2026-07-14 15:16:07,4769,SRV-DC-01,m.saban,,WKS-IT-09,mssqlsvc_svc,,,MSSQLSvc/srv-cardproc.northgate.local:1433
2026-07-14 15:21:06,4624,SRV-FILE-HQ,a.dahan,3,WKS-HQ-17,,,,
2026-07-14 15:29:02,4769,SRV-DC-01,f.zohar,,WKS-IT-29,mssqlsvc_svc,,,MSSQLSvc/srv-cardproc.northgate.local:1433
2026-07-14 15:33:28,4624,SRV-FILE-HQ,t.hadar,3,WKS-PAY-12,,,,
2026-07-14 15:33:30,5140,SRV-FILE-HQ,t.hadar,3,WKS-PAY-12,,,,\\SRV-FILE-HQ\Payments
2026-07-14 15:33:40,4769,SRV-DC-01,d.levi,,WKS-SEC-10,http_svc,,,HTTP/web-supplier.northgate.local
2026-07-14 15:37:07,4769,SRV-DC-01,m.saban,,WKS-IT-09,mssqlsvc_svc,,,MSSQLSvc/srv-cardproc.northgate.local:1433
2026-07-14 15:42:15,4624,SRV-DC-01,e.katz,3,WKS-SEC-03,,,,
2026-07-14 15:45:59,4769,SRV-DC-01,u.regev,,WKS-HQ-28,http_svc,,,HTTP/web-supplier.northgate.local
2026-07-14 15:47:17,4624,SRV-FILE-HQ,p.stein,3,WKS-HQ-26,,,,
2026-07-14 15:51:58,4769,SRV-DC-01,l.beit,,WKS-HQ-13,mssqlsvc_svc,,,MSSQLSvc/srv-cardproc.northgate.local:1433
2026-07-14 15:52:52,4624,SRV-FILE-HQ,o.raviv,3,WKS-HQ-07,,,,
2026-07-14 15:53:17,4769,SRV-DC-01,p.stein,,WKS-HQ-26,http_svc,,,HTTP/web-supplier.northgate.local
2026-07-14 15:55:28,4634,WKS-HQ-23,s.mor,2,,,,,
2026-07-14 15:58:17,4624,SRV-FILE-HQ,k.oz,3,WKS-HQ-20,,,,
2026-07-14 16:03:07,4624,SRV-DC-01,m.saban,3,WKS-IT-09,,,,
2026-07-14 16:03:09,5140,SRV-DC-01,m.saban,3,WKS-IT-09,,,,\\SRV-DC-01\IT
2026-07-14 16:18:05,4634,WKS-HQ-22,i.golan,2,,,,,
2026-07-14 16:26:52,4624,SRV-FILE-HQ,o.raviv,3,WKS-HQ-07,,,,
2026-07-14 16:26:54,5140,SRV-FILE-HQ,o.raviv,3,WKS-HQ-07,,,,\\SRV-FILE-HQ\Finance
2026-07-14 16:27:33,4634,WKS-HQ-14,r.avni,2,,,,,
2026-07-14 16:34:15,4769,SRV-DC-01,e.katz,,WKS-SEC-03,mssqlsvc_svc,,,MSSQLSvc/srv-posmgt.northgate.local:1433
2026-07-14 16:48:28,4624,SRV-CARDPROC,t.hadar,3,WKS-PAY-12,,,,
2026-07-14 16:48:30,5140,SRV-CARDPROC,t.hadar,3,WKS-PAY-12,,,,\\SRV-CARDPROC\Payments
2026-07-14 16:56:53,4634,WKS-PAY-12,t.hadar,2,,,,,
2026-07-14 16:58:02,4769,SRV-DC-01,g.shemesh,,WKS-HQ-06,mssqlsvc_svc,,,MSSQLSvc/srv-cardproc.northgate.local:1433
2026-07-14 16:58:07,4624,SRV-DC-01,m.saban,3,WKS-IT-09,,,,
2026-07-14 16:58:09,5140,SRV-DC-01,m.saban,3,WKS-IT-09,,,,\\SRV-DC-01\IT
2026-07-14 17:00:49,4634,WKS-HQ-05,y.oren,2,,,,,
2026-07-14 17:04:39,4624,SRV-FILE-HQ,n.barzilai,3,WKS-HQ-04,,,,
2026-07-14 17:10:00,4634,WKS-HQ-19,y.segev,2,,,,,
2026-07-14 17:21:52,4769,SRV-DC-01,o.raviv,,WKS-HQ-07,cifs_svc,,,CIFS/srv-file-hq.northgate.local
2026-07-14 17:32:28,4634,WKS-PAY-11,s.arbel,2,,,,,
2026-07-14 17:33:00,4634,WKS-HQ-07,o.raviv,2,,,,,
2026-07-14 17:34:01,4634,WKS-HQ-26,p.stein,2,,,,,
2026-07-14 17:41:04,4634,WKS-PAY-02,r.stern,2,,,,,
2026-07-14 17:42:40,4634,WKS-HQ-24,v.harel,2,,,,,
2026-07-14 17:44:36,4634,WKS-HQ-13,l.beit,2,,,,,
2026-07-14 17:48:19,4634,WKS-HQ-20,k.oz,2,,,,,
2026-07-14 17:48:29,4634,WKS-IT-09,m.saban,2,,,,,
2026-07-14 18:00:38,4634,WKS-HQ-06,g.shemesh,2,,,,,
2026-07-14 18:04:54,4634,WKS-HQ-28,u.regev,2,,,,,
2026-07-14 18:18:55,4634,WKS-HQ-18,m.tal,2,,,,,
2026-07-14 18:19:47,4634,WKS-HQ-16,e.shalom,2,,,,,
2026-07-14 18:20:28,4634,WKS-IT-01,a.mizrahi,2,,,,,
2026-07-14 18:20:41,4634,WKS-PAY-30,g.ben-ari,2,,,,,
2026-07-14 18:29:29,4634,WKS-HQ-21,b.naim,2,,,,,
2026-07-14 18:33:24,4634,WKS-SEC-10,d.levi,2,,,,,
2026-07-14 18:36:30,4634,WKS-IT-29,f.zohar,2,,,,,
2026-07-14 18:43:38,4634,WKS-HQ-17,a.dahan,2,,,,,
2026-07-14 19:03:17,4634,WKS-HQ-04,n.barzilai,2,,,,,
2026-07-14 19:06:45,4634,WKS-SEC-03,e.katz,2,,,,,
2026-07-15 06:54:28,4624,WKS-HQ-25,z.amar,2,WKS-HQ-25,,,,
2026-07-15 07:15:24,4624,WKS-HQ-24,v.harel,2,WKS-HQ-24,,,,
2026-07-15 07:45:55,4624,WKS-HQ-26,p.stein,2,WKS-HQ-26,,,,
2026-07-15 07:46:30,4624,WKS-PAY-11,s.arbel,2,WKS-PAY-11,,,,
2026-07-15 08:00:12,4624,WKS-PAY-30,g.ben-ari,2,WKS-PAY-30,,,,
2026-07-15 08:00:36,4624,WKS-HQ-19,y.segev,2,WKS-HQ-19,,,,
2026-07-15 08:01:57,4624,WKS-PAY-02,r.stern,2,WKS-PAY-02,,,,
2026-07-15 08:07:25,4624,WKS-SEC-03,e.katz,2,WKS-SEC-03,,,,
2026-07-15 08:11:24,4769,SRV-DC-01,v.harel,,WKS-HQ-24,mssqlsvc_svc,,,MSSQLSvc/srv-posmgt.northgate.local:1433
2026-07-15 08:18:06,4624,WKS-IT-01,a.mizrahi,2,WKS-IT-01,,,,
2026-07-15 08:18:07,4672,WKS-IT-01,a.mizrahi,2,,,,,
2026-07-15 08:20:58,4624,WKS-IT-09,m.saban,2,WKS-IT-09,,,,
2026-07-15 08:23:31,4624,WKS-HQ-16,e.shalom,2,WKS-HQ-16,,,,
2026-07-15 08:24:43,4624,WKS-IT-29,f.zohar,2,WKS-IT-29,,,,
2026-07-15 08:24:55,4769,SRV-DC-01,p.stein,,WKS-HQ-26,cifs_svc,,,CIFS/srv-file-hq.northgate.local
2026-07-15 08:32:06,4624,WKS-HQ-20,k.oz,2,WKS-HQ-20,,,,
2026-07-15 08:34:42,4624,WKS-HQ-21,b.naim,2,WKS-HQ-21,,,,
2026-07-15 08:35:18,4624,WKS-HQ-13,l.beit,2,WKS-HQ-13,,,,
2026-07-15 08:51:20,4624,WKS-HQ-15,n.hazan,2,WKS-HQ-15,,,,
2026-07-15 08:52:40,4624,WKS-HQ-17,a.dahan,2,WKS-HQ-17,,,,
2026-07-15 08:55:55,4624,WKS-HQ-14,r.avni,2,WKS-HQ-14,,,,
2026-07-15 08:56:06,4769,SRV-DC-01,a.mizrahi,,WKS-IT-01,mssqlsvc_svc,,,MSSQLSvc/srv-cardproc.northgate.local:1433
2026-07-15 08:56:48,4624,WKS-PAY-12,t.hadar,2,WKS-PAY-12,,,,
2026-07-15 09:00:54,4624,WKS-HQ-28,u.regev,2,WKS-HQ-28,,,,
2026-07-15 09:02:13,4624,WKS-HQ-06,g.shemesh,2,WKS-HQ-06,,,,
2026-07-15 09:05:25,4624,SRV-FILE-HQ,e.katz,3,WKS-SEC-03,,,,
2026-07-15 09:08:15,4624,WKS-HQ-04,n.barzilai,2,WKS-HQ-04,,,,
2026-07-15 09:09:20,4624,WKS-SEC-10,d.levi,2,WKS-SEC-10,,,,
2026-07-15 09:09:29,4624,WKS-HQ-27,c.barak,2,WKS-HQ-27,,,,
2026-07-15 09:14:28,4769,SRV-DC-01,z.amar,,WKS-HQ-25,mssqlsvc_svc,,,MSSQLSvc/srv-posmgt.northgate.local:1433
2026-07-15 09:16:40,4624,SRV-FILE-HQ,a.dahan,3,WKS-HQ-17,,,,
2026-07-15 09:22:43,4624,SRV-FILE-HQ,f.zohar,3,WKS-IT-29,,,,
2026-07-15 09:22:45,5140,SRV-FILE-HQ,f.zohar,3,WKS-IT-29,,,,\\SRV-FILE-HQ\IT
2026-07-15 09:24:45,4625,WKS-HQ-07,o.raviv,2,WKS-HQ-07,,,,
2026-07-15 09:27:26,4624,WKS-HQ-07,o.raviv,2,WKS-HQ-07,,,,
2026-07-15 09:31:30,4624,SRV-FILE-HQ,s.arbel,3,WKS-PAY-11,,,,
2026-07-15 09:37:28,4769,SRV-DC-01,z.amar,,WKS-HQ-25,mssqlsvc_svc,,,MSSQLSvc/srv-cardproc.northgate.local:1433
2026-07-15 09:38:25,4769,SRV-DC-01,e.katz,,WKS-SEC-03,mssqlsvc_svc,,,MSSQLSvc/srv-posmgt.northgate.local:1433
2026-07-15 09:39:54,4624,SRV-FILE-HQ,u.regev,3,WKS-HQ-28,,,,
2026-07-15 09:39:56,5140,SRV-FILE-HQ,u.regev,3,WKS-HQ-28,,,,\\SRV-FILE-HQ\Marketing
2026-07-15 09:41:20,4624,SRV-FILE-HQ,n.hazan,3,WKS-HQ-15,,,,
2026-07-15 09:48:55,4624,SRV-POSMGT,p.stein,3,WKS-HQ-26,,,,
2026-07-15 09:53:20,4624,SRV-DC-01,d.levi,3,WKS-SEC-10,,,,
2026-07-15 09:53:22,5140,SRV-DC-01,d.levi,3,WKS-SEC-10,,,,\\SRV-DC-01\IT
2026-07-15 09:55:28,4624,SRV-POSMGT,z.amar,3,WKS-HQ-25,,,,
2026-07-15 09:55:30,5140,SRV-POSMGT,z.amar,3,WKS-HQ-25,,,,\\SRV-POSMGT\Branches
2026-07-15 10:02:26,4769,SRV-DC-01,o.raviv,,WKS-HQ-07,mssqlsvc_svc,,,MSSQLSvc/srv-cardproc.northgate.local:1433
2026-07-15 10:03:42,4769,SRV-DC-01,b.naim,,WKS-HQ-21,mssqlsvc_svc,,,MSSQLSvc/srv-cardproc.northgate.local:1433
2026-07-15 10:12:29,4624,SRV-FILE-HQ,c.barak,3,WKS-HQ-27,,,,
2026-07-15 10:23:06,4624,SRV-DC-01,a.mizrahi,3,WKS-IT-01,,,,
2026-07-15 10:23:55,4624,SRV-FILE-HQ,r.avni,3,WKS-HQ-14,,,,
2026-07-15 10:30:54,4624,SRV-FILE-HQ,u.regev,3,WKS-HQ-28,,,,
2026-07-15 10:33:40,4769,SRV-DC-01,a.dahan,,WKS-HQ-17,mssqlsvc_svc,,,MSSQLSvc/srv-posmgt.northgate.local:1433
2026-07-15 10:34:29,4624,SRV-FILE-HQ,c.barak,3,WKS-HQ-27,,,,
2026-07-15 10:43:15,4769,SRV-DC-01,n.barzilai,,WKS-HQ-04,http_svc,,,HTTP/web-supplier.northgate.local
2026-07-15 10:46:48,4624,SRV-CARDPROC,t.hadar,3,WKS-PAY-12,,,,
2026-07-15 10:51:18,4624,SRV-FILE-HQ,l.beit,3,WKS-HQ-13,,,,
2026-07-15 10:53:48,4624,SRV-CARDPROC,t.hadar,3,WKS-PAY-12,,,,
2026-07-15 10:53:50,5140,SRV-CARDPROC,t.hadar,3,WKS-PAY-12,,,,\\SRV-CARDPROC\Payments
2026-07-15 10:54:54,4624,SRV-FILE-HQ,u.regev,3,WKS-HQ-28,,,,
2026-07-15 10:54:56,5140,SRV-FILE-HQ,u.regev,3,WKS-HQ-28,,,,\\SRV-FILE-HQ\Marketing
2026-07-15 11:03:42,4769,SRV-DC-01,b.naim,,WKS-HQ-21,mssqlsvc_svc,,,MSSQLSvc/srv-cardproc.northgate.local:1433
2026-07-15 11:10:20,4624,SRV-FILE-HQ,n.hazan,3,WKS-HQ-15,,,,
2026-07-15 11:13:58,4624,SRV-DC-01,m.saban,3,WKS-IT-09,,,,
2026-07-15 11:20:26,4624,SRV-FILE-HQ,o.raviv,3,WKS-HQ-07,,,,
2026-07-15 11:20:28,5140,SRV-FILE-HQ,o.raviv,3,WKS-HQ-07,,,,\\SRV-FILE-HQ\Finance
2026-07-15 11:22:42,4624,SRV-FILE-HQ,b.naim,3,WKS-HQ-21,,,,
2026-07-15 11:25:55,4688,WKS-HQ-14,r.avni,,,,teams.exe,teams.exe --system-initiated,
2026-07-15 11:28:57,4769,SRV-DC-01,r.stern,,WKS-PAY-02,mssqlsvc_svc,,,MSSQLSvc/srv-cardproc.northgate.local:1433
2026-07-15 11:40:58,4624,SRV-DC-01,m.saban,3,WKS-IT-09,,,,
2026-07-15 11:42:28,4624,SRV-POSMGT,z.amar,3,WKS-HQ-25,,,,
2026-07-15 11:42:30,5140,SRV-POSMGT,z.amar,3,WKS-HQ-25,,,,\\SRV-POSMGT\Branches
2026-07-15 11:43:55,4624,SRV-FILE-HQ,p.stein,3,WKS-HQ-26,,,,
2026-07-15 11:53:15,4624,SRV-FILE-HQ,n.barzilai,3,WKS-HQ-04,,,,
2026-07-15 11:53:17,5140,SRV-FILE-HQ,n.barzilai,3,WKS-HQ-04,,,,\\SRV-FILE-HQ\Finance
2026-07-15 11:55:12,4624,SRV-FILE-HQ,g.ben-ari,3,WKS-PAY-30,,,,
2026-07-15 11:56:20,4769,SRV-DC-01,n.hazan,,WKS-HQ-15,mssqlsvc_svc,,,MSSQLSvc/srv-cardproc.northgate.local:1433
2026-07-15 11:56:54,4624,SRV-FILE-HQ,u.regev,3,WKS-HQ-28,,,,
2026-07-15 12:27:48,4624,SRV-FILE-HQ,t.hadar,3,WKS-PAY-12,,,,
2026-07-15 12:29:57,4624,SRV-FILE-HQ,r.stern,3,WKS-PAY-02,,,,
2026-07-15 12:33:26,4688,WKS-HQ-07,o.raviv,,,,excel.exe,excel.exe /dde,
2026-07-15 12:42:15,4624,SRV-FILE-HQ,n.barzilai,3,WKS-HQ-04,,,,
2026-07-15 12:52:30,4769,SRV-DC-01,s.arbel,,WKS-PAY-11,mssqlsvc_svc,,,MSSQLSvc/srv-posmgt.northgate.local:1433
2026-07-15 13:00:55,4769,SRV-DC-01,p.stein,,WKS-HQ-26,mssqlsvc_svc,,,MSSQLSvc/srv-posmgt.northgate.local:1433
2026-07-15 13:02:28,4769,SRV-DC-01,z.amar,,WKS-HQ-25,cifs_svc,,,CIFS/srv-file-hq.northgate.local
2026-07-15 13:12:54,4688,WKS-HQ-28,u.regev,,,,chrome.exe,chrome.exe --restore-last-session,
2026-07-15 13:17:58,4688,WKS-IT-09,m.saban,,,,chrome.exe,chrome.exe --restore-last-session,
2026-07-15 13:21:54,4769,SRV-DC-01,u.regev,,WKS-HQ-28,mssqlsvc_svc,,,MSSQLSvc/srv-posmgt.northgate.local:1433
2026-07-15 13:33:26,4769,SRV-DC-01,o.raviv,,WKS-HQ-07,cifs_svc,,,CIFS/srv-file-hq.northgate.local
2026-07-15 13:35:29,4688,WKS-HQ-27,c.barak,,,,outlook.exe,outlook.exe /recycle,
2026-07-15 13:52:06,4624,SRV-FILE-HQ,k.oz,3,WKS-HQ-20,,,,
2026-07-15 13:55:31,4624,SRV-FILE-HQ,e.shalom,3,WKS-HQ-16,,,,
2026-07-15 14:25:06,4624,SRV-FILE-HQ,k.oz,3,WKS-HQ-20,,,,
2026-07-15 14:28:06,4624,SRV-FILE-HQ,a.mizrahi,3,WKS-IT-01,,,,
2026-07-15 14:28:12,4769,SRV-DC-01,g.ben-ari,,WKS-PAY-30,cifs_svc,,,CIFS/srv-file-hq.northgate.local
2026-07-15 14:37:48,4769,SRV-DC-01,t.hadar,,WKS-PAY-12,mssqlsvc_svc,,,MSSQLSvc/srv-cardproc.northgate.local:1433
2026-07-15 14:42:43,4624,SRV-DC-01,f.zohar,3,WKS-IT-29,,,,
2026-07-15 14:42:45,5140,SRV-DC-01,f.zohar,3,WKS-IT-29,,,,\\SRV-DC-01\IT
2026-07-15 14:45:18,4624,SRV-FILE-HQ,l.beit,3,WKS-HQ-13,,,,
2026-07-15 14:48:20,4624,SRV-FILE-HQ,n.hazan,3,WKS-HQ-15,,,,
2026-07-15 14:48:22,5140,SRV-FILE-HQ,n.hazan,3,WKS-HQ-15,,,,\\SRV-FILE-HQ\Finance
2026-07-15 14:55:29,4624,SRV-FILE-HQ,c.barak,3,WKS-HQ-27,,,,
2026-07-15 15:00:48,4634,WKS-HQ-25,z.amar,2,,,,,
2026-07-15 15:04:58,4624,SRV-FILE-HQ,m.saban,3,WKS-IT-09,,,,
2026-07-15 15:05:13,4769,SRV-DC-01,g.shemesh,,WKS-HQ-06,mssqlsvc_svc,,,MSSQLSvc/srv-cardproc.northgate.local:1433
2026-07-15 15:31:26,4624,SRV-FILE-HQ,o.raviv,3,WKS-HQ-07,,,,
2026-07-15 15:32:57,4624,SRV-CARDPROC,r.stern,3,WKS-PAY-02,,,,
2026-07-15 15:41:15,4624,SRV-FILE-HQ,n.barzilai,3,WKS-HQ-04,,,,
2026-07-15 15:42:40,4769,SRV-DC-01,a.dahan,,WKS-HQ-17,cifs_svc,,,CIFS/srv-file-hq.northgate.local
2026-07-15 15:49:00,4634,WKS-HQ-26,p.stein,2,,,,,
2026-07-15 15:49:36,4769,SRV-DC-01,y.segev,,WKS-HQ-19,cifs_svc,,,CIFS/srv-file-hq.northgate.local
2026-07-15 15:50:48,4769,SRV-DC-01,t.hadar,,WKS-PAY-12,http_svc,,,HTTP/web-supplier.northgate.local
2026-07-15 15:50:58,4624,SRV-DC-01,m.saban,3,WKS-IT-09,,,,
2026-07-15 15:52:30,4624,SRV-CARDPROC,s.arbel,3,WKS-PAY-11,,,,
2026-07-15 15:56:33,4634,WKS-PAY-11,s.arbel,2,,,,,
2026-07-15 16:02:48,4624,SRV-FILE-HQ,t.hadar,3,WKS-PAY-12,,,,
2026-07-15 16:02:50,5140,SRV-FILE-HQ,t.hadar,3,WKS-PAY-12,,,,\\SRV-FILE-HQ\Payments
2026-07-15 16:14:20,4634,WKS-HQ-24,v.harel,2,,,,,
2026-07-15 16:25:42,4624,SRV-FILE-HQ,b.naim,3,WKS-HQ-21,,,,
2026-07-15 16:27:26,4624,SRV-FILE-HQ,o.raviv,3,WKS-HQ-07,,,,
2026-07-15 16:27:28,5140,SRV-FILE-HQ,o.raviv,3,WKS-HQ-07,,,,\\SRV-FILE-HQ\Finance
2026-07-15 16:28:15,4769,SRV-DC-01,n.barzilai,,WKS-HQ-04,cifs_svc,,,CIFS/srv-file-hq.northgate.local
2026-07-15 16:30:06,4769,SRV-DC-01,k.oz,,WKS-HQ-20,http_svc,,,HTTP/web-supplier.northgate.local
2026-07-15 16:36:05,4634,WKS-IT-09,m.saban,2,,,,,
2026-07-15 16:45:23,4634,WKS-HQ-16,e.shalom,2,,,,,
2026-07-15 16:55:20,4624,SRV-FILE-HQ,n.hazan,3,WKS-HQ-15,,,,
2026-07-15 16:57:32,4634,WKS-HQ-19,y.segev,2,,,,,
2026-07-15 17:00:46,4634,WKS-HQ-14,r.avni,2,,,,,
2026-07-15 17:01:20,4769,SRV-DC-01,d.levi,,WKS-SEC-10,mssqlsvc_svc,,,MSSQLSvc/srv-cardproc.northgate.local:1433
2026-07-15 17:06:56,4634,WKS-SEC-03,e.katz,2,,,,,
2026-07-15 17:13:53,4634,WKS-IT-01,a.mizrahi,2,,,,,
2026-07-15 17:22:12,4634,WKS-HQ-27,c.barak,2,,,,,
2026-07-15 17:27:20,4624,SRV-DC-01,d.levi,3,WKS-SEC-10,,,,
2026-07-15 17:27:22,5140,SRV-DC-01,d.levi,3,WKS-SEC-10,,,,\\SRV-DC-01\IT
2026-07-15 17:31:19,4634,WKS-PAY-30,g.ben-ari,2,,,,,
2026-07-15 17:31:21,4634,WKS-HQ-13,l.beit,2,,,,,
2026-07-15 17:32:16,4634,WKS-SEC-10,d.levi,2,,,,,
2026-07-15 17:33:47,4634,WKS-HQ-15,n.hazan,2,,,,,
2026-07-15 17:39:38,4634,WKS-HQ-28,u.regev,2,,,,,
2026-07-15 17:40:20,4634,WKS-IT-29,f.zohar,2,,,,,
2026-07-15 17:43:13,4634,WKS-HQ-21,b.naim,2,,,,,
2026-07-15 18:00:19,4634,WKS-HQ-20,k.oz,2,,,,,
2026-07-15 18:13:40,4634,WKS-PAY-02,r.stern,2,,,,,
2026-07-15 18:32:22,4634,WKS-HQ-17,a.dahan,2,,,,,
2026-07-15 19:03:10,4634,WKS-HQ-04,n.barzilai,2,,,,,
2026-07-15 19:03:36,4634,WKS-HQ-07,o.raviv,2,,,,,
2026-07-15 19:12:20,4634,WKS-HQ-06,g.shemesh,2,,,,,
2026-07-15 19:15:46,4634,WKS-PAY-12,t.hadar,2,,,,,
2026-07-16 07:22:16,4624,WKS-HQ-25,z.amar,2,WKS-HQ-25,,,,
2026-07-16 07:22:28,4624,WKS-HQ-26,p.stein,2,WKS-HQ-26,,,,
2026-07-16 07:27:16,4769,SRV-DC-01,z.amar,,WKS-HQ-25,cifs_svc,,,CIFS/srv-file-hq.northgate.local
2026-07-16 07:33:28,4624,WKS-HQ-22,i.golan,2,WKS-HQ-22,,,,
2026-07-16 07:39:28,4769,SRV-DC-01,p.stein,,WKS-HQ-26,http_svc,,,HTTP/web-supplier.northgate.local
2026-07-16 07:43:15,4624,WKS-HQ-23,s.mor,2,WKS-HQ-23,,,,
2026-07-16 07:49:54,4624,WKS-HQ-24,v.harel,2,WKS-HQ-24,,,,
2026-07-16 08:16:31,4624,WKS-HQ-05,y.oren,2,WKS-HQ-05,,,,
2026-07-16 08:20:29,4624,WKS-PAY-11,s.arbel,2,WKS-PAY-11,,,,
2026-07-16 08:22:05,4624,WKS-HQ-16,e.shalom,2,WKS-HQ-16,,,,
2026-07-16 08:22:28,4624,WKS-HQ-20,k.oz,2,WKS-HQ-20,,,,
2026-07-16 08:23:32,4624,WKS-IT-01,a.mizrahi,2,WKS-IT-01,,,,
2026-07-16 08:23:33,4672,WKS-IT-01,a.mizrahi,2,,,,,
2026-07-16 08:24:06,4624,WKS-PAY-02,r.stern,2,WKS-PAY-02,,,,
2026-07-16 08:25:31,4624,SRV-FILE-HQ,y.oren,3,WKS-HQ-05,,,,
2026-07-16 08:27:11,4624,WKS-PAY-30,g.ben-ari,2,WKS-PAY-30,,,,
2026-07-16 08:27:52,4624,WKS-SEC-03,e.katz,2,WKS-SEC-03,,,,
2026-07-16 08:30:35,4624,WKS-HQ-19,y.segev,2,WKS-HQ-19,,,,
2026-07-16 08:31:06,4624,WKS-HQ-14,r.avni,2,WKS-HQ-14,,,,
2026-07-16 08:31:38,4624,WKS-PAY-12,t.hadar,2,WKS-PAY-12,,,,
2026-07-16 08:35:49,4624,WKS-HQ-18,m.tal,2,WKS-HQ-18,,,,
2026-07-16 08:37:33,4624,WKS-HQ-06,g.shemesh,2,WKS-HQ-06,,,,
2026-07-16 08:37:50,4624,WKS-IT-08,h.peretz,2,WKS-IT-08,,,,
2026-07-16 08:39:03,4624,WKS-HQ-17,a.dahan,2,WKS-HQ-17,,,,
2026-07-16 08:42:28,4769,SRV-DC-01,p.stein,,WKS-HQ-26,mssqlsvc_svc,,,MSSQLSvc/srv-cardproc.northgate.local:1433
2026-07-16 08:44:29,4624,WKS-HQ-04,n.barzilai,2,WKS-HQ-04,,,,
2026-07-16 08:45:38,4624,SRV-FILE-HQ,t.hadar,3,WKS-PAY-12,,,,
2026-07-16 08:45:40,5140,SRV-FILE-HQ,t.hadar,3,WKS-PAY-12,,,,\\SRV-FILE-HQ\Payments
2026-07-16 08:47:28,4624,SRV-FILE-HQ,i.golan,3,WKS-HQ-22,,,,
2026-07-16 08:48:04,4624,WKS-HQ-13,l.beit,2,WKS-HQ-13,,,,
2026-07-16 08:49:45,4624,WKS-IT-09,m.saban,2,WKS-IT-09,,,,
2026-07-16 08:49:54,4624,SRV-POSMGT,v.harel,3,WKS-HQ-24,,,,
2026-07-16 08:49:56,5140,SRV-POSMGT,v.harel,3,WKS-HQ-24,,,,\\SRV-POSMGT\Branches
2026-07-16 08:50:29,4624,WKS-HQ-21,b.naim,2,WKS-HQ-21,,,,
2026-07-16 08:53:15,4624,WKS-IT-29,f.zohar,2,WKS-IT-29,,,,
2026-07-16 08:53:21,4624,WKS-HQ-15,n.hazan,2,WKS-HQ-15,,,,
2026-07-16 08:57:32,4624,SRV-FILE-HQ,a.mizrahi,3,WKS-IT-01,,,,
2026-07-16 08:59:00,4624,WKS-HQ-28,u.regev,2,WKS-HQ-28,,,,
2026-07-16 08:59:01,4624,WKS-SEC-10,d.levi,2,WKS-SEC-10,,,,
2026-07-16 09:04:14,4624,WKS-HQ-27,c.barak,2,WKS-HQ-27,,,,
2026-07-16 09:08:03,4624,SRV-FILE-HQ,a.dahan,3,WKS-HQ-17,,,,
2026-07-16 09:08:50,4624,WKS-HQ-07,o.raviv,2,WKS-HQ-07,,,,
2026-07-16 09:09:01,4769,SRV-DC-01,d.levi,,WKS-SEC-10,http_svc,,,HTTP/web-supplier.northgate.local
2026-07-16 09:09:38,4624,SRV-CARDPROC,t.hadar,3,WKS-PAY-12,,,,
2026-07-16 09:09:40,5140,SRV-CARDPROC,t.hadar,3,WKS-PAY-12,,,,\\SRV-CARDPROC\Payments
2026-07-16 09:21:06,4624,SRV-FILE-HQ,r.avni,3,WKS-HQ-14,,,,
2026-07-16 09:21:15,4624,SRV-DC-01,f.zohar,3,WKS-IT-29,,,,
2026-07-16 09:29:49,4624,SRV-FILE-HQ,m.tal,3,WKS-HQ-18,,,,
2026-07-16 09:35:00,4624,SRV-FILE-HQ,u.regev,3,WKS-HQ-28,,,,
2026-07-16 09:40:04,4688,WKS-HQ-13,l.beit,,,,outlook.exe,outlook.exe /recycle,
2026-07-16 09:43:29,4624,SRV-FILE-HQ,b.naim,3,WKS-HQ-21,,,,
2026-07-16 09:51:16,4769,SRV-DC-01,z.amar,,WKS-HQ-25,mssqlsvc_svc,,,MSSQLSvc/srv-cardproc.northgate.local:1433
2026-07-16 09:51:50,4624,SRV-FILE-HQ,o.raviv,3,WKS-HQ-07,,,,
2026-07-16 09:51:52,5140,SRV-FILE-HQ,o.raviv,3,WKS-HQ-07,,,,\\SRV-FILE-HQ\Finance
2026-07-16 09:54:21,4624,SRV-FILE-HQ,n.hazan,3,WKS-HQ-15,,,,
2026-07-16 09:57:06,4769,SRV-DC-01,r.stern,,WKS-PAY-02,cifs_svc,,,CIFS/srv-file-hq.northgate.local
2026-07-16 10:09:49,4769,SRV-DC-01,m.tal,,WKS-HQ-18,http_svc,,,HTTP/web-supplier.northgate.local
2026-07-16 10:10:03,4624,SRV-FILE-HQ,a.dahan,3,WKS-HQ-17,,,,
2026-07-16 10:16:11,4624,SRV-FILE-HQ,g.ben-ari,3,WKS-PAY-30,,,,
2026-07-16 10:16:13,5140,SRV-FILE-HQ,g.ben-ari,3,WKS-PAY-30,,,,\\SRV-FILE-HQ\Payments
2026-07-16 10:17:38,4624,SRV-FILE-HQ,t.hadar,3,WKS-PAY-12,,,,
2026-07-16 10:18:14,4624,SRV-FILE-HQ,c.barak,3,WKS-HQ-27,,,,
2026-07-16 10:18:16,5140,SRV-FILE-HQ,c.barak,3,WKS-HQ-27,,,,\\SRV-FILE-HQ\Marketing
2026-07-16 10:25:04,4769,SRV-DC-01,l.beit,,WKS-HQ-13,cifs_svc,,,CIFS/srv-file-hq.northgate.local
2026-07-16 10:26:50,4624,SRV-DC-01,h.peretz,3,WKS-IT-08,,,,
2026-07-16 10:30:49,4624,SRV-FILE-HQ,m.tal,3,WKS-HQ-18,,,,
2026-07-16 10:33:06,4624,SRV-FILE-HQ,r.stern,3,WKS-PAY-02,,,,
2026-07-16 10:34:06,4624,SRV-FILE-HQ,r.stern,3,WKS-PAY-02,,,,
2026-07-16 10:40:29,4624,SRV-FILE-HQ,b.naim,3,WKS-HQ-21,,,,
2026-07-16 10:45:54,4624,SRV-FILE-HQ,v.harel,3,WKS-HQ-24,,,,
2026-07-16 10:49:14,4624,SRV-FILE-HQ,c.barak,3,WKS-HQ-27,,,,
2026-07-16 10:49:16,5140,SRV-FILE-HQ,c.barak,3,WKS-HQ-27,,,,\\SRV-FILE-HQ\Marketing
2026-07-16 10:53:50,4769,SRV-DC-01,h.peretz,,WKS-IT-08,mssqlsvc_svc,,,MSSQLSvc/srv-posmgt.northgate.local:1433
2026-07-16 11:00:50,4769,SRV-DC-01,h.peretz,,WKS-IT-08,cifs_svc,,,CIFS/srv-file-hq.northgate.local
2026-07-16 11:01:15,4769,SRV-DC-01,s.mor,,WKS-HQ-23,cifs_svc,,,CIFS/srv-file-hq.northgate.local
2026-07-16 11:01:52,4624,SRV-DC-01,e.katz,3,WKS-SEC-03,,,,
2026-07-16 11:01:54,5140,SRV-DC-01,e.katz,3,WKS-SEC-03,,,,\\SRV-DC-01\IT
2026-07-16 11:09:03,4769,SRV-DC-01,a.dahan,,WKS-HQ-17,mssqlsvc_svc,,,MSSQLSvc/srv-posmgt.northgate.local:1433
2026-07-16 11:12:29,4624,SRV-FILE-HQ,b.naim,3,WKS-HQ-21,,,,
2026-07-16 11:15:04,4624,SRV-FILE-HQ,l.beit,3,WKS-HQ-13,,,,
2026-07-16 11:19:29,4769,SRV-DC-01,n.barzilai,,WKS-HQ-04,mssqlsvc_svc,,,MSSQLSvc/srv-cardproc.northgate.local:1433
2026-07-16 11:23:00,4769,SRV-DC-01,u.regev,,WKS-HQ-28,cifs_svc,,,CIFS/srv-file-hq.northgate.local
2026-07-16 11:30:28,4624,SRV-FILE-HQ,i.golan,3,WKS-HQ-22,,,,
2026-07-16 11:34:29,4624,SRV-FILE-HQ,n.barzilai,3,WKS-HQ-04,,,,
2026-07-16 11:34:31,5140,SRV-FILE-HQ,n.barzilai,3,WKS-HQ-04,,,,\\SRV-FILE-HQ\Finance
2026-07-16 11:34:31,4769,SRV-DC-01,y.oren,,WKS-HQ-05,mssqlsvc_svc,,,MSSQLSvc/srv-cardproc.northgate.local:1433
2026-07-16 11:38:45,4624,SRV-DC-01,m.saban,3,WKS-IT-09,,,,
2026-07-16 11:38:47,5140,SRV-DC-01,m.saban,3,WKS-IT-09,,,,\\SRV-DC-01\IT
2026-07-16 11:43:45,4769,SRV-DC-01,m.saban,,WKS-IT-09,mssqlsvc_svc,,,MSSQLSvc/srv-posmgt.northgate.local:1433
2026-07-16 11:51:06,4769,SRV-DC-01,r.avni,,WKS-HQ-14,http_svc,,,HTTP/web-supplier.northgate.local
2026-07-16 11:56:28,4688,WKS-HQ-22,i.golan,,,,winword.exe,winword.exe /w,
2026-07-16 12:00:38,4769,SRV-DC-01,t.hadar,,WKS-PAY-12,mssqlsvc_svc,,,MSSQLSvc/srv-cardproc.northgate.local:1433
2026-07-16 12:01:04,4769,SRV-DC-01,l.beit,,WKS-HQ-13,mssqlsvc_svc,,,MSSQLSvc/srv-cardproc.northgate.local:1433
2026-07-16 12:01:21,4624,SRV-FILE-HQ,n.hazan,3,WKS-HQ-15,,,,
2026-07-16 12:03:50,4624,SRV-DC-01,h.peretz,3,WKS-IT-08,,,,
2026-07-16 12:05:00,4769,SRV-DC-01,u.regev,,WKS-HQ-28,mssqlsvc_svc,,,MSSQLSvc/srv-cardproc.northgate.local:1433
2026-07-16 12:05:52,4624,SRV-FILE-HQ,e.katz,3,WKS-SEC-03,,,,
2026-07-16 12:05:54,5140,SRV-FILE-HQ,e.katz,3,WKS-SEC-03,,,,\\SRV-FILE-HQ\IT
2026-07-16 12:10:45,4769,SRV-DC-01,m.saban,,WKS-IT-09,http_svc,,,HTTP/web-supplier.northgate.local
2026-07-16 12:15:28,4624,SRV-FILE-HQ,i.golan,3,WKS-HQ-22,,,,
2026-07-16 12:17:49,4624,SRV-FILE-HQ,m.tal,3,WKS-HQ-18,,,,
2026-07-16 12:21:29,4769,SRV-DC-01,s.arbel,,WKS-PAY-11,mssqlsvc_svc,,,MSSQLSvc/srv-posmgt.northgate.local:1433
2026-07-16 12:36:06,4769,SRV-DC-01,r.avni,,WKS-HQ-14,cifs_svc,,,CIFS/srv-file-hq.northgate.local
2026-07-16 12:37:00,4624,SRV-FILE-HQ,u.regev,3,WKS-HQ-28,,,,
2026-07-16 12:38:35,4624,SRV-FILE-HQ,y.segev,3,WKS-HQ-19,,,,
2026-07-16 12:38:37,5140,SRV-FILE-HQ,y.segev,3,WKS-HQ-19,,,,\\SRV-FILE-HQ\Logistics
2026-07-16 12:48:06,4624,SRV-FILE-HQ,r.avni,3,WKS-HQ-14,,,,
2026-07-16 12:58:35,4688,WKS-HQ-19,y.segev,,,,excel.exe,excel.exe /dde,
2026-07-16 13:04:50,4769,SRV-DC-01,o.raviv,,WKS-HQ-07,mssqlsvc_svc,,,MSSQLSvc/srv-cardproc.northgate.local:1433
2026-07-16 13:04:54,4624,SRV-POSMGT,v.harel,3,WKS-HQ-24,,,,
2026-07-16 13:08:28,4769,SRV-DC-01,k.oz,,WKS-HQ-20,mssqlsvc_svc,,,MSSQLSvc/srv-cardproc.northgate.local:1433
2026-07-16 13:10:15,4769,SRV-DC-01,s.mor,,WKS-HQ-23,http_svc,,,HTTP/web-supplier.northgate.local
2026-07-16 13:11:16,4624,SRV-POSMGT,z.amar,3,WKS-HQ-25,,,,
2026-07-16 13:11:18,5140,SRV-POSMGT,z.amar,3,WKS-HQ-25,,,,\\SRV-POSMGT\Branches
2026-07-16 13:12:32,4624,SRV-FILE-HQ,a.mizrahi,3,WKS-IT-01,,,,
2026-07-16 13:25:28,4769,SRV-DC-01,i.golan,,WKS-HQ-22,mssqlsvc_svc,,,MSSQLSvc/srv-posmgt.northgate.local:1433
2026-07-16 13:31:29,4769,SRV-DC-01,s.arbel,,WKS-PAY-11,http_svc,,,HTTP/web-supplier.northgate.local
2026-07-16 13:39:28,4624,SRV-FILE-HQ,p.stein,3,WKS-HQ-26,,,,
2026-07-16 13:42:28,4624,SRV-FILE-HQ,p.stein,3,WKS-HQ-26,,,,
2026-07-16 13:42:30,5140,SRV-FILE-HQ,p.stein,3,WKS-HQ-26,,,,\\SRV-FILE-HQ\Branches
2026-07-16 13:46:29,4769,SRV-DC-01,s.arbel,,WKS-PAY-11,mssqlsvc_svc,,,MSSQLSvc/srv-cardproc.northgate.local:1433
2026-07-16 13:51:21,4624,SRV-FILE-HQ,n.hazan,3,WKS-HQ-15,,,,
2026-07-16 13:51:23,5140,SRV-FILE-HQ,n.hazan,3,WKS-HQ-15,,,,\\SRV-FILE-HQ\Finance
2026-07-16 14:02:04,4624,SRV-FILE-HQ,l.beit,3,WKS-HQ-13,,,,
2026-07-16 14:02:45,4624,SRV-FILE-HQ,m.saban,3,WKS-IT-09,,,,
2026-07-16 14:02:47,5140,SRV-FILE-HQ,m.saban,3,WKS-IT-09,,,,\\SRV-FILE-HQ\IT
2026-07-16 14:29:32,4769,SRV-DC-01,a.mizrahi,,WKS-IT-01,cifs_svc,,,CIFS/srv-file-hq.northgate.local
2026-07-16 14:43:21,4769,SRV-DC-01,n.hazan,,WKS-HQ-15,cifs_svc,,,CIFS/srv-file-hq.northgate.local
2026-07-16 14:53:04,4769,SRV-DC-01,l.beit,,WKS-HQ-13,cifs_svc,,,CIFS/srv-file-hq.northgate.local
2026-07-16 14:54:28,4769,SRV-DC-01,k.oz,,WKS-HQ-20,http_svc,,,HTTP/web-supplier.northgate.local
2026-07-16 14:56:11,4769,SRV-DC-01,g.ben-ari,,WKS-PAY-30,mssqlsvc_svc,,,MSSQLSvc/srv-cardproc.northgate.local:1433
2026-07-16 14:59:28,4769,SRV-DC-01,i.golan,,WKS-HQ-22,http_svc,,,HTTP/web-supplier.northgate.local
2026-07-16 15:10:15,4688,WKS-IT-29,f.zohar,,,,chrome.exe,chrome.exe --restore-last-session,
2026-07-16 15:19:06,4624,SRV-FILE-HQ,r.stern,3,WKS-PAY-02,,,,
2026-07-16 15:19:08,5140,SRV-FILE-HQ,r.stern,3,WKS-PAY-02,,,,\\SRV-FILE-HQ\Payments
2026-07-16 15:25:06,4624,SRV-FILE-HQ,r.avni,3,WKS-HQ-14,,,,
2026-07-16 15:26:04,4624,SRV-FILE-HQ,l.beit,3,WKS-HQ-13,,,,
2026-07-16 15:26:06,5140,SRV-FILE-HQ,l.beit,3,WKS-HQ-13,,,,\\SRV-FILE-HQ\Vendors
2026-07-16 15:31:14,4624,SRV-FILE-HQ,c.barak,3,WKS-HQ-27,,,,
2026-07-16 15:31:16,5140,SRV-FILE-HQ,c.barak,3,WKS-HQ-27,,,,\\SRV-FILE-HQ\Marketing
2026-07-16 15:31:29,4769,SRV-DC-01,b.naim,,WKS-HQ-21,cifs_svc,,,CIFS/srv-file-hq.northgate.local
2026-07-16 15:32:29,4624,SRV-FILE-HQ,s.arbel,3,WKS-PAY-11,,,,
2026-07-16 15:32:31,5140,SRV-FILE-HQ,s.arbel,3,WKS-PAY-11,,,,\\SRV-FILE-HQ\Payments
2026-07-16 15:40:21,4769,SRV-DC-01,n.hazan,,WKS-HQ-15,mssqlsvc_svc,,,MSSQLSvc/srv-posmgt.northgate.local:1433
2026-07-16 15:52:50,4769,SRV-DC-01,h.peretz,,WKS-IT-08,http_svc,,,HTTP/web-supplier.northgate.local
2026-07-16 15:53:16,4624,SRV-POSMGT,z.amar,3,WKS-HQ-25,,,,
2026-07-16 15:53:18,5140,SRV-POSMGT,z.amar,3,WKS-HQ-25,,,,\\SRV-POSMGT\Branches
2026-07-16 15:57:54,4769,SRV-DC-01,v.harel,,WKS-HQ-24,mssqlsvc_svc,,,MSSQLSvc/srv-posmgt.northgate.local:1433
2026-07-16 15:59:32,4769,SRV-DC-01,a.mizrahi,,WKS-IT-01,http_svc,,,HTTP/web-supplier.northgate.local
2026-07-16 16:03:49,4634,WKS-HQ-26,p.stein,2,,,,,
2026-07-16 16:11:45,4769,SRV-DC-01,m.saban,,WKS-IT-09,cifs_svc,,,CIFS/srv-file-hq.northgate.local
2026-07-16 16:21:45,4624,SRV-DC-01,m.saban,3,WKS-IT-09,,,,
2026-07-16 16:24:42,4634,WKS-PAY-02,r.stern,2,,,,,
2026-07-16 16:30:35,4624,SRV-FILE-HQ,y.segev,3,WKS-HQ-19,,,,
2026-07-16 16:42:00,4624,SRV-FILE-HQ,u.regev,3,WKS-HQ-28,,,,
2026-07-16 16:44:36,4634,WKS-HQ-17,a.dahan,2,,,,,
2026-07-16 16:45:43,4634,WKS-HQ-24,v.harel,2,,,,,
2026-07-16 16:45:56,4634,WKS-HQ-19,y.segev,2,,,,,
2026-07-16 16:47:14,4624,SRV-FILE-HQ,c.barak,3,WKS-HQ-27,,,,
2026-07-16 16:52:50,4634,WKS-SEC-03,e.katz,2,,,,,
2026-07-16 17:03:06,4634,WKS-HQ-18,m.tal,2,,,,,
2026-07-16 17:03:35,4634,WKS-HQ-22,i.golan,2,,,,,
2026-07-16 17:10:21,4634,WKS-PAY-11,s.arbel,2,,,,,
2026-07-16 17:11:32,4634,WKS-HQ-05,y.oren,2,,,,,
2026-07-16 17:18:27,4634,WKS-HQ-16,e.shalom,2,,,,,
2026-07-16 17:23:31,4634,WKS-HQ-06,g.shemesh,2,,,,,
2026-07-16 17:23:51,4634,WKS-SEC-10,d.levi,2,,,,,
2026-07-16 17:24:38,4634,WKS-HQ-07,o.raviv,2,,,,,
2026-07-16 17:25:24,4634,WKS-HQ-04,n.barzilai,2,,,,,
2026-07-16 17:27:54,4634,WKS-IT-29,f.zohar,2,,,,,
2026-07-16 17:28:13,4634,WKS-HQ-21,b.naim,2,,,,,
2026-07-16 17:31:08,4634,WKS-HQ-20,k.oz,2,,,,,
2026-07-16 17:37:14,4634,WKS-IT-01,a.mizrahi,2,,,,,
2026-07-16 17:44:01,4634,WKS-HQ-25,z.amar,2,,,,,
2026-07-16 17:45:47,4634,WKS-PAY-30,g.ben-ari,2,,,,,
2026-07-16 17:53:20,4634,WKS-HQ-14,r.avni,2,,,,,
2026-07-16 18:01:24,4634,WKS-HQ-15,n.hazan,2,,,,,
2026-07-16 18:05:56,4634,WKS-HQ-23,s.mor,2,,,,,
2026-07-16 18:29:04,4634,WKS-HQ-28,u.regev,2,,,,,
2026-07-16 18:31:54,4634,WKS-HQ-27,c.barak,2,,,,,
2026-07-16 18:36:40,4634,WKS-IT-09,m.saban,2,,,,,
2026-07-16 18:37:12,4634,WKS-HQ-13,l.beit,2,,,,,
2026-07-16 18:40:45,4634,WKS-PAY-12,t.hadar,2,,,,,
2026-07-16 18:48:07,4634,WKS-IT-08,h.peretz,2,,,,,
2026-07-17 07:10:47,4624,WKS-HQ-22,i.golan,2,WKS-HQ-22,,,,
2026-07-17 08:14:47,4769,SRV-DC-01,i.golan,,WKS-HQ-22,mssqlsvc_svc,,,MSSQLSvc/srv-posmgt.northgate.local:1433
2026-07-17 09:12:47,4624,SRV-POSMGT,i.golan,3,WKS-HQ-22,,,,
2026-07-17 11:45:47,4624,SRV-FILE-HQ,i.golan,3,WKS-HQ-22,,,,
2026-07-17 14:15:47,4769,SRV-DC-01,i.golan,,WKS-HQ-22,mssqlsvc_svc,,,MSSQLSvc/srv-cardproc.northgate.local:1433
2026-07-17 15:17:47,4624,SRV-POSMGT,i.golan,3,WKS-HQ-22,,,,
2026-07-17 15:17:49,5140,SRV-POSMGT,i.golan,3,WKS-HQ-22,,,,\\SRV-POSMGT\Branches
2026-07-17 15:22:31,4634,WKS-HQ-22,i.golan,2,,,,,
2026-07-19 07:22:08,4624,WKS-HQ-24,v.harel,2,WKS-HQ-24,,,,
2026-07-19 07:27:09,4624,WKS-HQ-25,z.amar,2,WKS-HQ-25,,,,
2026-07-19 07:44:18,4624,WKS-HQ-26,p.stein,2,WKS-HQ-26,,,,
2026-07-19 07:51:58,4624,WKS-PAY-02,r.stern,2,WKS-PAY-02,,,,
2026-07-19 07:57:18,4624,WKS-PAY-30,g.ben-ari,2,WKS-PAY-30,,,,
2026-07-19 08:00:18,4769,SRV-DC-01,p.stein,,WKS-HQ-26,mssqlsvc_svc,,,MSSQLSvc/srv-posmgt.northgate.local:1433
2026-07-19 08:03:19,4624,WKS-SEC-03,e.katz,2,WKS-SEC-03,,,,
2026-07-19 08:07:38,4624,WKS-HQ-15,n.hazan,2,WKS-HQ-15,,,,
2026-07-19 08:15:18,4624,SRV-FILE-HQ,p.stein,3,WKS-HQ-26,,,,
2026-07-19 08:16:25,4624,WKS-HQ-16,e.shalom,2,WKS-HQ-16,,,,
2026-07-19 08:18:29,4624,WKS-IT-01,a.mizrahi,2,WKS-IT-01,,,,
2026-07-19 08:18:30,4672,WKS-IT-01,a.mizrahi,2,,,,,
2026-07-19 08:19:27,4624,WKS-PAY-11,s.arbel,2,WKS-PAY-11,,,,
2026-07-19 08:20:25,4624,WKS-HQ-21,b.naim,2,WKS-HQ-21,,,,
2026-07-19 08:27:22,4624,WKS-HQ-28,u.regev,2,WKS-HQ-28,,,,
2026-07-19 08:28:27,4624,SRV-CARDPROC,s.arbel,3,WKS-PAY-11,,,,
2026-07-19 08:28:42,4624,WKS-IT-29,f.zohar,2,WKS-IT-29,,,,
2026-07-19 08:30:34,4624,WKS-HQ-20,k.oz,2,WKS-HQ-20,,,,
2026-07-19 08:34:31,4624,WKS-HQ-22,i.golan,2,WKS-HQ-22,,,,
2026-07-19 08:34:39,4625,WKS-HQ-05,y.oren,2,WKS-HQ-05,,,,
2026-07-19 08:36:38,4624,WKS-SEC-10,d.levi,2,WKS-SEC-10,,,,
2026-07-19 08:36:40,4624,WKS-HQ-05,y.oren,2,WKS-HQ-05,,,,
2026-07-19 08:38:34,4688,WKS-HQ-20,k.oz,,,,outlook.exe,outlook.exe /recycle,
2026-07-19 08:44:38,4769,SRV-DC-01,d.levi,,WKS-SEC-10,mssqlsvc_svc,,,MSSQLSvc/srv-posmgt.northgate.local:1433
2026-07-19 08:45:00,4624,WKS-PAY-12,t.hadar,2,WKS-PAY-12,,,,
2026-07-19 08:47:29,4624,SRV-FILE-HQ,a.mizrahi,3,WKS-IT-01,,,,
2026-07-19 08:48:51,4624,WKS-HQ-06,g.shemesh,2,WKS-HQ-06,,,,
2026-07-19 08:49:00,4624,WKS-HQ-17,a.dahan,2,WKS-HQ-17,,,,
2026-07-19 08:49:20,4624,WKS-IT-09,m.saban,2,WKS-IT-09,,,,
2026-07-19 08:53:09,4624,WKS-HQ-27,c.barak,2,WKS-HQ-27,,,,
2026-07-19 08:53:31,4624,WKS-IT-08,h.peretz,2,WKS-IT-08,,,,
2026-07-19 08:56:19,4624,SRV-FILE-HQ,e.katz,3,WKS-SEC-03,,,,
2026-07-19 08:56:21,5140,SRV-FILE-HQ,e.katz,3,WKS-SEC-03,,,,\\SRV-FILE-HQ\IT
2026-07-19 08:58:45,4624,WKS-HQ-13,l.beit,2,WKS-HQ-13,,,,
2026-07-19 09:06:59,4624,WKS-HQ-04,n.barzilai,2,WKS-HQ-04,,,,
2026-07-19 09:07:07,4624,WKS-HQ-18,m.tal,2,WKS-HQ-18,,,,
2026-07-19 09:09:28,4624,WKS-HQ-07,o.raviv,2,WKS-HQ-07,,,,
2026-07-19 09:22:38,4624,SRV-FILE-HQ,n.hazan,3,WKS-HQ-15,,,,
2026-07-19 09:25:00,4769,SRV-DC-01,a.dahan,,WKS-HQ-17,mssqlsvc_svc,,,MSSQLSvc/srv-posmgt.northgate.local:1433
2026-07-19 09:27:20,4769,SRV-DC-01,m.saban,,WKS-IT-09,mssqlsvc_svc,,,MSSQLSvc/srv-posmgt.northgate.local:1433
2026-07-19 09:29:00,4624,SRV-CARDPROC,t.hadar,3,WKS-PAY-12,,,,
2026-07-19 09:29:02,5140,SRV-CARDPROC,t.hadar,3,WKS-PAY-12,,,,\\SRV-CARDPROC\Payments
2026-07-19 09:36:38,4769,SRV-DC-01,n.hazan,,WKS-HQ-15,http_svc,,,HTTP/web-supplier.northgate.local
2026-07-19 09:41:31,4769,SRV-DC-01,i.golan,,WKS-HQ-22,cifs_svc,,,CIFS/srv-file-hq.northgate.local
2026-07-19 09:45:00,4624,SRV-CARDPROC,t.hadar,3,WKS-PAY-12,,,,
2026-07-19 09:50:40,4624,SRV-FILE-HQ,y.oren,3,WKS-HQ-05,,,,
2026-07-19 09:50:42,5140,SRV-FILE-HQ,y.oren,3,WKS-HQ-05,,,,\\SRV-FILE-HQ\Procurement
2026-07-19 09:52:31,4624,SRV-POSMGT,i.golan,3,WKS-HQ-22,,,,
2026-07-19 09:52:33,5140,SRV-POSMGT,i.golan,3,WKS-HQ-22,,,,\\SRV-POSMGT\Branches
2026-07-19 09:55:22,4769,SRV-DC-01,u.regev,,WKS-HQ-28,cifs_svc,,,CIFS/srv-file-hq.northgate.local
2026-07-19 10:04:27,4624,SRV-CARDPROC,s.arbel,3,WKS-PAY-11,,,,
2026-07-19 10:15:18,4624,SRV-POSMGT,p.stein,3,WKS-HQ-26,,,,
2026-07-19 10:15:45,4688,WKS-HQ-13,l.beit,,,,teams.exe,teams.exe --system-initiated,
2026-07-19 10:16:31,4769,SRV-DC-01,i.golan,,WKS-HQ-22,mssqlsvc_svc,,,MSSQLSvc/srv-cardproc.northgate.local:1433
2026-07-19 10:31:18,4624,SRV-FILE-HQ,g.ben-ari,3,WKS-PAY-30,,,,
2026-07-19 10:34:31,4624,SRV-FILE-HQ,i.golan,3,WKS-HQ-22,,,,
2026-07-19 10:57:59,4769,SRV-DC-01,n.barzilai,,WKS-HQ-04,mssqlsvc_svc,,,MSSQLSvc/srv-posmgt.northgate.local:1433
2026-07-19 10:59:59,4624,SRV-FILE-HQ,n.barzilai,3,WKS-HQ-04,,,,
2026-07-19 11:00:31,4624,SRV-POSMGT,i.golan,3,WKS-HQ-22,,,,
2026-07-19 11:03:34,4769,SRV-DC-01,k.oz,,WKS-HQ-20,cifs_svc,,,CIFS/srv-file-hq.northgate.local
2026-07-19 11:10:28,4769,SRV-DC-01,o.raviv,,WKS-HQ-07,mssqlsvc_svc,,,MSSQLSvc/srv-posmgt.northgate.local:1433
2026-07-19 11:16:22,4624,SRV-FILE-HQ,u.regev,3,WKS-HQ-28,,,,
2026-07-19 11:20:19,4769,SRV-DC-01,e.katz,,WKS-SEC-03,http_svc,,,HTTP/web-supplier.northgate.local
2026-07-19 11:21:34,4624,SRV-FILE-HQ,k.oz,3,WKS-HQ-20,,,,
2026-07-19 11:21:38,4624,SRV-FILE-HQ,d.levi,3,WKS-SEC-10,,,,
2026-07-19 11:25:38,4624,SRV-DC-01,d.levi,3,WKS-SEC-10,,,,
2026-07-19 11:28:00,4688,WKS-PAY-12,t.hadar,,,,teams.exe,teams.exe --system-initiated,
2026-07-19 11:28:08,4769,SRV-DC-01,v.harel,,WKS-HQ-24,mssqlsvc_svc,,,MSSQLSvc/srv-posmgt.northgate.local:1433
2026-07-19 11:37:31,4688,WKS-HQ-22,i.golan,,,,winword.exe,winword.exe /w,
2026-07-19 11:44:20,4624,SRV-FILE-HQ,m.saban,3,WKS-IT-09,,,,
2026-07-19 11:47:59,4769,SRV-DC-01,n.barzilai,,WKS-HQ-04,http_svc,,,HTTP/web-supplier.northgate.local
2026-07-19 11:56:51,4624,SRV-FILE-HQ,g.shemesh,3,WKS-HQ-06,,,,
2026-07-19 11:56:53,5140,SRV-FILE-HQ,g.shemesh,3,WKS-HQ-06,,,,\\SRV-FILE-HQ\Finance
2026-07-19 12:00:20,4769,SRV-DC-01,m.saban,,WKS-IT-09,http_svc,,,HTTP/web-supplier.northgate.local
2026-07-19 12:05:22,4624,SRV-FILE-HQ,u.regev,3,WKS-HQ-28,,,,
2026-07-19 12:06:00,4769,SRV-DC-01,a.dahan,,WKS-HQ-17,cifs_svc,,,CIFS/srv-file-hq.northgate.local
2026-07-19 12:12:00,4769,SRV-DC-01,t.hadar,,WKS-PAY-12,cifs_svc,,,CIFS/srv-file-hq.northgate.local
2026-07-19 12:17:38,4624,SRV-FILE-HQ,n.hazan,3,WKS-HQ-15,,,,
2026-07-19 12:18:08,4624,SRV-POSMGT,v.harel,3,WKS-HQ-24,,,,
2026-07-19 12:18:18,4624,SRV-POSMGT,p.stein,3,WKS-HQ-26,,,,
2026-07-19 12:20:28,4624,SRV-FILE-HQ,o.raviv,3,WKS-HQ-07,,,,
2026-07-19 12:20:30,5140,SRV-FILE-HQ,o.raviv,3,WKS-HQ-07,,,,\\SRV-FILE-HQ\Finance
2026-07-19 12:21:34,4769,SRV-DC-01,k.oz,,WKS-HQ-20,http_svc,,,HTTP/web-supplier.northgate.local
2026-07-19 12:24:45,4769,SRV-DC-01,l.beit,,WKS-HQ-13,mssqlsvc_svc,,,MSSQLSvc/srv-posmgt.northgate.local:1433
2026-07-19 12:26:31,4624,SRV-DC-01,h.peretz,3,WKS-IT-08,,,,
2026-07-19 12:26:33,5140,SRV-DC-01,h.peretz,3,WKS-IT-08,,,,\\SRV-DC-01\IT
2026-07-19 12:27:59,4624,SRV-FILE-HQ,n.barzilai,3,WKS-HQ-04,,,,
2026-07-19 12:34:09,4624,SRV-POSMGT,z.amar,3,WKS-HQ-25,,,,
2026-07-19 12:37:38,4769,SRV-DC-01,d.levi,,WKS-SEC-10,mssqlsvc_svc,,,MSSQLSvc/srv-posmgt.northgate.local:1433
2026-07-19 12:38:08,4688,WKS-HQ-24,v.harel,,,,excel.exe,excel.exe /dde,
2026-07-19 12:39:18,4624,SRV-FILE-HQ,g.ben-ari,3,WKS-PAY-30,,,,
2026-07-19 12:45:58,4624,SRV-FILE-HQ,r.stern,3,WKS-PAY-02,,,,
2026-07-19 12:48:22,4624,SRV-FILE-HQ,u.regev,3,WKS-HQ-28,,,,
2026-07-19 12:48:24,5140,SRV-FILE-HQ,u.regev,3,WKS-HQ-28,,,,\\SRV-FILE-HQ\Marketing
2026-07-19 12:51:58,4769,SRV-DC-01,r.stern,,WKS-PAY-02,http_svc,,,HTTP/web-supplier.northgate.local
2026-07-19 12:57:09,4624,SRV-FILE-HQ,c.barak,3,WKS-HQ-27,,,,
2026-07-19 12:57:11,5140,SRV-FILE-HQ,c.barak,3,WKS-HQ-27,,,,\\SRV-FILE-HQ\Marketing
2026-07-19 12:58:07,4624,SRV-FILE-HQ,m.tal,3,WKS-HQ-18,,,,
2026-07-19 12:58:31,4624,SRV-DC-01,h.peretz,3,WKS-IT-08,,,,
2026-07-19 13:00:09,4624,SRV-FILE-HQ,c.barak,3,WKS-HQ-27,,,,
2026-07-19 13:00:28,4624,SRV-FILE-HQ,o.raviv,3,WKS-HQ-07,,,,
2026-07-19 13:08:18,4769,SRV-DC-01,p.stein,,WKS-HQ-26,mssqlsvc_svc,,,MSSQLSvc/srv-cardproc.northgate.local:1433
2026-07-19 13:12:38,4769,SRV-DC-01,n.hazan,,WKS-HQ-15,http_svc,,,HTTP/web-supplier.northgate.local
2026-07-19 13:15:08,4624,SRV-POSMGT,v.harel,3,WKS-HQ-24,,,,
2026-07-19 13:15:10,5140,SRV-POSMGT,v.harel,3,WKS-HQ-24,,,,\\SRV-POSMGT\Branches
2026-07-19 13:17:18,4624,SRV-FILE-HQ,g.ben-ari,3,WKS-PAY-30,,,,
2026-07-19 13:17:20,5140,SRV-FILE-HQ,g.ben-ari,3,WKS-PAY-30,,,,\\SRV-FILE-HQ\Payments
2026-07-19 13:22:20,4624,SRV-DC-01,m.saban,3,WKS-IT-09,,,,
2026-07-19 13:27:45,4624,SRV-FILE-HQ,l.beit,3,WKS-HQ-13,,,,
2026-07-19 13:38:00,4624,SRV-FILE-HQ,a.dahan,3,WKS-HQ-17,,,,
2026-07-19 13:38:09,4688,WKS-HQ-25,z.amar,,,,excel.exe,excel.exe /dde,
2026-07-19 13:51:45,4624,SRV-FILE-HQ,l.beit,3,WKS-HQ-13,,,,
2026-07-19 13:56:00,4624,SRV-FILE-HQ,a.dahan,3,WKS-HQ-17,,,,
2026-07-19 13:56:02,5140,SRV-FILE-HQ,a.dahan,3,WKS-HQ-17,,,,\\SRV-FILE-HQ\HR
2026-07-19 14:02:38,4624,SRV-DC-01,d.levi,3,WKS-SEC-10,,,,
2026-07-19 14:10:09,4769,SRV-DC-01,z.amar,,WKS-HQ-25,http_svc,,,HTTP/web-supplier.northgate.local
2026-07-19 14:16:25,4624,SRV-FILE-HQ,e.shalom,3,WKS-HQ-16,,,,
2026-07-19 14:16:25,4624,SRV-FILE-HQ,b.naim,3,WKS-HQ-21,,,,
2026-07-19 14:16:27,5140,SRV-FILE-HQ,e.shalom,3,WKS-HQ-16,,,,\\SRV-FILE-HQ\Finance
2026-07-19 14:16:58,4769,SRV-DC-01,r.stern,,WKS-PAY-02,mssqlsvc_svc,,,MSSQLSvc/srv-cardproc.northgate.local:1433
2026-07-19 14:22:29,4624,SRV-FILE-HQ,a.mizrahi,3,WKS-IT-01,,,,
2026-07-19 14:22:31,5140,SRV-FILE-HQ,a.mizrahi,3,WKS-IT-01,,,,\\SRV-FILE-HQ\IT
2026-07-19 14:40:07,4624,SRV-FILE-HQ,m.tal,3,WKS-HQ-18,,,,
2026-07-19 14:42:38,4624,SRV-FILE-HQ,n.hazan,3,WKS-HQ-15,,,,
2026-07-19 14:50:59,4624,SRV-FILE-HQ,n.barzilai,3,WKS-HQ-04,,,,
2026-07-19 14:58:25,4769,SRV-DC-01,b.naim,,WKS-HQ-21,mssqlsvc_svc,,,MSSQLSvc/srv-cardproc.northgate.local:1433
2026-07-19 15:09:20,4624,SRV-FILE-HQ,m.saban,3,WKS-IT-09,,,,
2026-07-19 15:15:38,4624,SRV-DC-01,d.levi,3,WKS-SEC-10,,,,
2026-07-19 15:22:34,4769,SRV-DC-01,k.oz,,WKS-HQ-20,http_svc,,,HTTP/web-supplier.northgate.local
2026-07-19 15:28:00,4624,SRV-FILE-HQ,a.dahan,3,WKS-HQ-17,,,,
2026-07-19 15:32:08,4769,SRV-DC-01,v.harel,,WKS-HQ-24,cifs_svc,,,CIFS/srv-file-hq.northgate.local
2026-07-19 15:48:25,4688,WKS-HQ-16,e.shalom,,,,outlook.exe,outlook.exe /recycle,
2026-07-19 15:48:34,4624,SRV-FILE-HQ,k.oz,3,WKS-HQ-20,,,,
2026-07-19 15:48:36,5140,SRV-FILE-HQ,k.oz,3,WKS-HQ-20,,,,\\SRV-FILE-HQ\Logistics
2026-07-19 15:53:16,4634,WKS-HQ-24,v.harel,2,,,,,
2026-07-19 15:54:00,4769,SRV-DC-01,a.dahan,,WKS-HQ-17,cifs_svc,,,CIFS/srv-file-hq.northgate.local
2026-07-19 16:00:25,4769,SRV-DC-01,b.naim,,WKS-HQ-21,mssqlsvc_svc,,,MSSQLSvc/srv-cardproc.northgate.local:1433
2026-07-19 16:06:18,4769,SRV-DC-01,g.ben-ari,,WKS-PAY-30,mssqlsvc_svc,,,MSSQLSvc/srv-cardproc.northgate.local:1433
2026-07-19 16:07:40,4624,SRV-FILE-HQ,y.oren,3,WKS-HQ-05,,,,
2026-07-19 16:17:38,4634,WKS-HQ-25,z.amar,2,,,,,
2026-07-19 16:20:19,4624,SRV-DC-01,e.katz,3,WKS-SEC-03,,,,
2026-07-19 16:21:25,4769,SRV-DC-01,e.shalom,,WKS-HQ-16,cifs_svc,,,CIFS/srv-file-hq.northgate.local
2026-07-19 16:21:40,4769,SRV-DC-01,y.oren,,WKS-HQ-05,cifs_svc,,,CIFS/srv-file-hq.northgate.local
2026-07-19 16:27:40,4769,SRV-DC-01,y.oren,,WKS-HQ-05,cifs_svc,,,CIFS/srv-file-hq.northgate.local
2026-07-19 16:37:11,4634,WKS-PAY-02,r.stern,2,,,,,
2026-07-19 16:38:42,4769,SRV-DC-01,f.zohar,,WKS-IT-29,cifs_svc,,,CIFS/srv-file-hq.northgate.local
2026-07-19 16:39:20,4769,SRV-DC-01,m.saban,,WKS-IT-09,mssqlsvc_svc,,,MSSQLSvc/srv-cardproc.northgate.local:1433
2026-07-19 16:39:30,4634,WKS-HQ-21,b.naim,2,,,,,
2026-07-19 16:49:20,4769,SRV-DC-01,m.saban,,WKS-IT-09,mssqlsvc_svc,,,MSSQLSvc/srv-posmgt.northgate.local:1433
2026-07-19 16:50:40,4634,WKS-SEC-10,d.levi,2,,,,,
2026-07-19 16:50:45,4769,SRV-DC-01,l.beit,,WKS-HQ-13,cifs_svc,,,CIFS/srv-file-hq.northgate.local
2026-07-19 17:01:42,4624,SRV-FILE-HQ,f.zohar,3,WKS-IT-29,,,,
2026-07-19 17:02:12,4634,WKS-HQ-20,k.oz,2,,,,,
2026-07-19 17:02:13,4634,WKS-PAY-12,t.hadar,2,,,,,
2026-07-19 17:25:28,4634,WKS-SEC-03,e.katz,2,,,,,
2026-07-19 17:30:33,4634,WKS-HQ-16,e.shalom,2,,,,,
2026-07-19 17:34:22,4634,WKS-HQ-15,n.hazan,2,,,,,
2026-07-19 17:53:21,4634,WKS-IT-01,a.mizrahi,2,,,,,
2026-07-19 18:00:53,4634,WKS-HQ-26,p.stein,2,,,,,
2026-07-19 18:01:57,4634,WKS-IT-09,m.saban,2,,,,,
2026-07-19 18:01:58,4634,WKS-HQ-06,g.shemesh,2,,,,,
2026-07-19 18:12:47,4634,WKS-PAY-30,g.ben-ari,2,,,,,
2026-07-19 18:15:23,4634,WKS-HQ-22,i.golan,2,,,,,
2026-07-19 18:15:36,4634,WKS-HQ-18,m.tal,2,,,,,
2026-07-19 18:18:45,4634,WKS-HQ-17,a.dahan,2,,,,,
2026-07-19 18:19:39,4634,WKS-PAY-11,s.arbel,2,,,,,
2026-07-19 18:23:47,4634,WKS-HQ-28,u.regev,2,,,,,
2026-07-19 18:38:28,4634,WKS-IT-29,f.zohar,2,,,,,
2026-07-19 18:53:05,4634,WKS-IT-08,h.peretz,2,,,,,
2026-07-19 18:54:33,4634,WKS-HQ-05,y.oren,2,,,,,
2026-07-19 18:57:37,4634,WKS-HQ-13,l.beit,2,,,,,
2026-07-19 18:58:37,4634,WKS-HQ-27,c.barak,2,,,,,
2026-07-19 19:02:13,4634,WKS-HQ-04,n.barzilai,2,,,,,
2026-07-19 19:18:33,4634,WKS-HQ-07,o.raviv,2,,,,,
2026-07-20 07:10:40,4624,WKS-HQ-25,z.amar,2,WKS-HQ-25,,,,
2026-07-20 07:17:42,4624,WKS-HQ-26,p.stein,2,WKS-HQ-26,,,,
2026-07-20 07:38:32,4624,WKS-HQ-22,i.golan,2,WKS-HQ-22,,,,
2026-07-20 07:55:09,4624,WKS-HQ-21,b.naim,2,WKS-HQ-21,,,,
2026-07-20 07:55:56,4625,WKS-HQ-24,v.harel,2,WKS-HQ-24,,,,
2026-07-20 07:56:42,4624,WKS-HQ-24,v.harel,2,WKS-HQ-24,,,,
2026-07-20 07:58:58,4624,WKS-PAY-02,r.stern,2,WKS-PAY-02,,,,
2026-07-20 08:04:13,4624,WKS-HQ-23,s.mor,2,WKS-HQ-23,,,,
2026-07-20 08:08:58,4624,SRV-FILE-HQ,r.stern,3,WKS-PAY-02,,,,
2026-07-20 08:11:13,4624,WKS-IT-29,f.zohar,2,WKS-IT-29,,,,
2026-07-20 08:14:03,4624,WKS-HQ-28,u.regev,2,WKS-HQ-28,,,,
2026-07-20 08:18:35,4624,WKS-IT-09,m.saban,2,WKS-IT-09,,,,
2026-07-20 08:23:29,4624,WKS-PAY-11,s.arbel,2,WKS-PAY-11,,,,
2026-07-20 08:23:32,4624,SRV-FILE-HQ,i.golan,3,WKS-HQ-22,,,,
2026-07-20 08:24:55,4624,WKS-HQ-19,y.segev,2,WKS-HQ-19,,,,
2026-07-20 08:27:22,4624,WKS-IT-08,h.peretz,2,WKS-IT-08,,,,
2026-07-20 08:27:58,4769,SRV-DC-01,r.stern,,WKS-PAY-02,cifs_svc,,,CIFS/srv-file-hq.northgate.local
2026-07-20 08:29:49,4624,WKS-SEC-03,e.katz,2,WKS-SEC-03,,,,
2026-07-20 08:31:30,4624,WKS-HQ-05,y.oren,2,WKS-HQ-05,,,,
2026-07-20 08:33:12,4624,WKS-HQ-14,r.avni,2,WKS-HQ-14,,,,
2026-07-20 08:33:46,4624,WKS-HQ-13,l.beit,2,WKS-HQ-13,,,,
2026-07-20 08:34:47,4625,WKS-HQ-16,e.shalom,2,WKS-HQ-16,,,,
2026-07-20 08:35:36,4624,WKS-HQ-18,m.tal,2,WKS-HQ-18,,,,
2026-07-20 08:38:03,4624,WKS-HQ-16,e.shalom,2,WKS-HQ-16,,,,
2026-07-20 08:38:41,4624,WKS-PAY-30,g.ben-ari,2,WKS-PAY-30,,,,
2026-07-20 08:47:01,4624,WKS-HQ-17,a.dahan,2,WKS-HQ-17,,,,
2026-07-20 08:50:40,4624,SRV-FILE-HQ,z.amar,3,WKS-HQ-25,,,,
2026-07-20 08:51:30,4624,WKS-HQ-20,k.oz,2,WKS-HQ-20,,,,
2026-07-20 08:53:51,4624,WKS-HQ-07,o.raviv,2,WKS-HQ-07,,,,
2026-07-20 08:55:55,4624,SRV-FILE-HQ,y.segev,3,WKS-HQ-19,,,,
2026-07-20 08:55:57,5140,SRV-FILE-HQ,y.segev,3,WKS-HQ-19,,,,\\SRV-FILE-HQ\Logistics
2026-07-20 09:01:06,4624,WKS-HQ-04,n.barzilai,2,WKS-HQ-04,,,,
2026-07-20 09:04:26,4624,WKS-SEC-10,d.levi,2,WKS-SEC-10,,,,
2026-07-20 09:06:42,4624,SRV-POSMGT,v.harel,3,WKS-HQ-24,,,,
2026-07-20 09:07:58,4624,WKS-HQ-15,n.hazan,2,WKS-HQ-15,,,,
2026-07-20 09:08:17,4625,WKS-HQ-27,c.barak,2,WKS-HQ-27,,,,
2026-07-20 09:10:06,4624,WKS-HQ-06,g.shemesh,2,WKS-HQ-06,,,,
2026-07-20 09:11:10,4624,WKS-HQ-27,c.barak,2,WKS-HQ-27,,,,
2026-07-20 09:14:35,4769,SRV-DC-01,m.saban,,WKS-IT-09,cifs_svc,,,CIFS/srv-file-hq.northgate.local
2026-07-20 09:17:42,4769,SRV-DC-01,v.harel,,WKS-HQ-24,mssqlsvc_svc,,,MSSQLSvc/srv-cardproc.northgate.local:1433
2026-07-20 09:22:01,4769,SRV-DC-01,a.dahan,,WKS-HQ-17,mssqlsvc_svc,,,MSSQLSvc/srv-cardproc.northgate.local:1433
2026-07-20 09:40:06,4624,SRV-FILE-HQ,n.barzilai,3,WKS-HQ-04,,,,
2026-07-20 09:41:03,4624,SRV-FILE-HQ,e.shalom,3,WKS-HQ-16,,,,
2026-07-20 09:47:30,4624,SRV-FILE-HQ,k.oz,3,WKS-HQ-20,,,,
2026-07-20 09:53:51,4624,SRV-FILE-HQ,o.raviv,3,WKS-HQ-07,,,,
2026-07-20 09:56:51,4769,SRV-DC-01,o.raviv,,WKS-HQ-07,cifs_svc,,,CIFS/srv-file-hq.northgate.local
2026-07-20 09:57:12,4624,SRV-FILE-HQ,r.avni,3,WKS-HQ-14,,,,
2026-07-20 09:57:42,4624,SRV-POSMGT,p.stein,3,WKS-HQ-26,,,,
2026-07-20 10:01:13,4769,SRV-DC-01,f.zohar,,WKS-IT-29,cifs_svc,,,CIFS/srv-file-hq.northgate.local
2026-07-20 10:02:51,4624,SRV-FILE-HQ,o.raviv,3,WKS-HQ-07,,,,
2026-07-20 10:05:06,4769,SRV-DC-01,g.shemesh,,WKS-HQ-06,mssqlsvc_svc,,,MSSQLSvc/srv-cardproc.northgate.local:1433
2026-07-20 10:14:22,4624,SRV-DC-01,h.peretz,3,WKS-IT-08,,,,
2026-07-20 10:14:24,5140,SRV-DC-01,h.peretz,3,WKS-IT-08,,,,\\SRV-DC-01\IT
2026-07-20 10:17:30,4769,SRV-DC-01,y.oren,,WKS-HQ-05,mssqlsvc_svc,,,MSSQLSvc/srv-cardproc.northgate.local:1433
2026-07-20 10:19:03,4624,SRV-FILE-HQ,u.regev,3,WKS-HQ-28,,,,
2026-07-20 10:19:05,5140,SRV-FILE-HQ,u.regev,3,WKS-HQ-28,,,,\\SRV-FILE-HQ\Marketing
2026-07-20 10:20:58,4624,SRV-FILE-HQ,r.stern,3,WKS-PAY-02,,,,
2026-07-20 10:25:49,4624,SRV-FILE-HQ,e.katz,3,WKS-SEC-03,,,,
2026-07-20 10:27:10,4624,SRV-FILE-HQ,c.barak,3,WKS-HQ-27,,,,
2026-07-20 10:29:03,4624,SRV-FILE-HQ,e.shalom,3,WKS-HQ-16,,,,
2026-07-20 10:29:05,5140,SRV-FILE-HQ,e.shalom,3,WKS-HQ-16,,,,\\SRV-FILE-HQ\Finance
2026-07-20 10:30:13,4688,WKS-IT-29,f.zohar,,,,outlook.exe,outlook.exe /recycle,
2026-07-20 10:31:26,4624,SRV-DC-01,d.levi,3,WKS-SEC-10,,,,
2026-07-20 10:50:22,4624,SRV-DC-01,h.peretz,3,WKS-IT-08,,,,
2026-07-20 11:01:06,4688,WKS-HQ-06,g.shemesh,,,,teams.exe,teams.exe --system-initiated,
2026-07-20 11:03:58,4769,SRV-DC-01,r.stern,,WKS-PAY-02,mssqlsvc_svc,,,MSSQLSvc/srv-cardproc.northgate.local:1433
2026-07-20 11:11:36,4624,SRV-FILE-HQ,m.tal,3,WKS-HQ-18,,,,
2026-07-20 11:21:01,4624,SRV-FILE-HQ,a.dahan,3,WKS-HQ-17,,,,
2026-07-20 11:21:22,4769,SRV-DC-01,h.peretz,,WKS-IT-08,mssqlsvc_svc,,,MSSQLSvc/srv-posmgt.northgate.local:1433
2026-07-20 11:40:42,4624,SRV-FILE-HQ,p.stein,3,WKS-HQ-26,,,,
2026-07-20 11:49:03,4624,SRV-FILE-HQ,u.regev,3,WKS-HQ-28,,,,
2026-07-20 11:55:13,4624,SRV-DC-01,f.zohar,3,WKS-IT-29,,,,
2026-07-20 12:01:03,4769,SRV-DC-01,u.regev,,WKS-HQ-28,cifs_svc,,,CIFS/srv-file-hq.northgate.local
2026-07-20 12:03:40,4769,SRV-DC-01,z.amar,,WKS-HQ-25,mssqlsvc_svc,,,MSSQLSvc/srv-posmgt.northgate.local:1433
2026-07-20 12:07:03,4624,SRV-FILE-HQ,u.regev,3,WKS-HQ-28,,,,
2026-07-20 12:13:58,4624,SRV-FILE-HQ,n.hazan,3,WKS-HQ-15,,,,
2026-07-20 12:14:06,4688,WKS-HQ-04,n.barzilai,,,,excel.exe,excel.exe /dde,
2026-07-20 12:21:06,4624,SRV-FILE-HQ,n.barzilai,3,WKS-HQ-04,,,,
2026-07-20 12:33:51,4624,SRV-FILE-HQ,o.raviv,3,WKS-HQ-07,,,,
2026-07-20 12:37:32,4769,SRV-DC-01,i.golan,,WKS-HQ-22,cifs_svc,,,CIFS/srv-file-hq.northgate.local
2026-07-20 12:44:29,4769,SRV-DC-01,s.arbel,,WKS-PAY-11,mssqlsvc_svc,,,MSSQLSvc/srv-posmgt.northgate.local:1433
2026-07-20 12:44:58,4624,SRV-FILE-HQ,r.stern,3,WKS-PAY-02,,,,
2026-07-20 12:46:32,4624,SRV-POSMGT,i.golan,3,WKS-HQ-22,,,,
2026-07-20 12:46:34,5140,SRV-POSMGT,i.golan,3,WKS-HQ-22,,,,\\SRV-POSMGT\Branches
2026-07-20 12:50:29,4624,SRV-CARDPROC,s.arbel,3,WKS-PAY-11,,,,
2026-07-20 12:55:55,4624,SRV-FILE-HQ,y.segev,3,WKS-HQ-19,,,,
2026-07-20 12:58:03,4624,SRV-FILE-HQ,u.regev,3,WKS-HQ-28,,,,
2026-07-20 13:06:09,4624,SRV-FILE-HQ,b.naim,3,WKS-HQ-21,,,,
2026-07-20 13:08:01,4769,SRV-DC-01,a.dahan,,WKS-HQ-17,http_svc,,,HTTP/web-supplier.northgate.local
2026-07-20 13:13:26,4624,SRV-DC-01,d.levi,3,WKS-SEC-10,,,,
2026-07-20 13:16:40,4624,SRV-FILE-HQ,z.amar,3,WKS-HQ-25,,,,
2026-07-20 13:32:35,4624,SRV-FILE-HQ,m.saban,3,WKS-IT-09,,,,
2026-07-20 13:36:41,4769,SRV-DC-01,g.ben-ari,,WKS-PAY-30,cifs_svc,,,CIFS/srv-file-hq.northgate.local
2026-07-20 13:38:40,4769,SRV-DC-01,z.amar,,WKS-HQ-25,mssqlsvc_svc,,,MSSQLSvc/srv-cardproc.northgate.local:1433
2026-07-20 13:41:42,4624,SRV-POSMGT,v.harel,3,WKS-HQ-24,,,,
2026-07-20 13:53:58,4769,SRV-DC-01,n.hazan,,WKS-HQ-15,cifs_svc,,,CIFS/srv-file-hq.northgate.local
2026-07-20 13:55:26,4624,SRV-FILE-HQ,d.levi,3,WKS-SEC-10,,,,
2026-07-20 13:56:06,4624,SRV-FILE-HQ,g.shemesh,3,WKS-HQ-06,,,,
2026-07-20 14:06:22,4688,WKS-IT-08,h.peretz,,,,excel.exe,excel.exe /dde,
2026-07-20 14:16:42,4769,SRV-DC-01,p.stein,,WKS-HQ-26,mssqlsvc_svc,,,MSSQLSvc/srv-posmgt.northgate.local:1433
2026-07-20 14:20:13,4624,SRV-DC-01,f.zohar,3,WKS-IT-29,,,,
2026-07-20 14:20:22,4624,SRV-FILE-HQ,h.peretz,3,WKS-IT-08,,,,
2026-07-20 14:20:35,4624,SRV-FILE-HQ,m.saban,3,WKS-IT-09,,,,
2026-07-20 14:20:37,5140,SRV-FILE-HQ,m.saban,3,WKS-IT-09,,,,\\SRV-FILE-HQ\IT
2026-07-20 14:29:58,4624,SRV-FILE-HQ,n.hazan,3,WKS-HQ-15,,,,
2026-07-20 14:30:00,5140,SRV-FILE-HQ,n.hazan,3,WKS-HQ-15,,,,\\SRV-FILE-HQ\Finance
2026-07-20 14:54:06,4624,SRV-FILE-HQ,g.shemesh,3,WKS-HQ-06,,,,
2026-07-20 14:55:49,4769,SRV-DC-01,e.katz,,WKS-SEC-03,mssqlsvc_svc,,,MSSQLSvc/srv-cardproc.northgate.local:1433
2026-07-20 14:56:26,4769,SRV-DC-01,d.levi,,WKS-SEC-10,http_svc,,,HTTP/web-supplier.northgate.local
2026-07-20 15:00:30,4624,SRV-FILE-HQ,k.oz,3,WKS-HQ-20,,,,
2026-07-20 15:00:32,5140,SRV-FILE-HQ,k.oz,3,WKS-HQ-20,,,,\\SRV-FILE-HQ\Logistics
2026-07-20 15:05:35,4624,SRV-DC-01,m.saban,3,WKS-IT-09,,,,
2026-07-20 15:08:42,4769,SRV-DC-01,p.stein,,WKS-HQ-26,mssqlsvc_svc,,,MSSQLSvc/srv-cardproc.northgate.local:1433
2026-07-20 15:11:12,4624,SRV-FILE-HQ,r.avni,3,WKS-HQ-14,,,,
2026-07-20 15:26:30,4688,WKS-HQ-20,k.oz,,,,excel.exe,excel.exe /dde,
2026-07-20 15:35:13,4624,SRV-FILE-HQ,s.mor,3,WKS-HQ-23,,,,
2026-07-20 15:44:26,4769,SRV-DC-01,d.levi,,WKS-SEC-10,cifs_svc,,,CIFS/srv-file-hq.northgate.local
2026-07-20 15:44:46,4624,SRV-FILE-HQ,l.beit,3,WKS-HQ-13,,,,
2026-07-20 15:53:35,4769,SRV-DC-01,m.saban,,WKS-IT-09,mssqlsvc_svc,,,MSSQLSvc/srv-cardproc.northgate.local:1433
2026-07-20 16:01:35,4634,WKS-HQ-21,b.naim,2,,,,,
2026-07-20 16:07:06,4624,SRV-FILE-HQ,n.barzilai,3,WKS-HQ-04,,,,
2026-07-20 16:07:46,4634,WKS-HQ-24,v.harel,2,,,,,
2026-07-20 16:11:54,4634,WKS-IT-29,f.zohar,2,,,,,
2026-07-20 16:16:07,4634,WKS-HQ-22,i.golan,2,,,,,
2026-07-20 16:20:36,4634,WKS-PAY-02,r.stern,2,,,,,
2026-07-20 16:30:55,4769,SRV-DC-01,y.segev,,WKS-HQ-19,http_svc,,,HTTP/web-supplier.northgate.local
2026-07-20 16:31:13,4624,SRV-FILE-HQ,s.mor,3,WKS-HQ-23,,,,
2026-07-20 16:31:30,4688,WKS-HQ-05,y.oren,,,,chrome.exe,chrome.exe --restore-last-session,
2026-07-20 16:37:55,4769,SRV-DC-01,y.segev,,WKS-HQ-19,mssqlsvc_svc,,,MSSQLSvc/srv-cardproc.northgate.local:1433
2026-07-20 16:43:29,4769,SRV-DC-01,s.arbel,,WKS-PAY-11,mssqlsvc_svc,,,MSSQLSvc/srv-cardproc.northgate.local:1433
2026-07-20 16:45:10,4634,WKS-HQ-16,e.shalom,2,,,,,
2026-07-20 16:45:48,4634,WKS-HQ-28,u.regev,2,,,,,
2026-07-20 16:51:36,4634,WKS-PAY-30,g.ben-ari,2,,,,,
2026-07-20 16:52:46,4769,SRV-DC-01,l.beit,,WKS-HQ-13,cifs_svc,,,CIFS/srv-file-hq.northgate.local
2026-07-20 16:58:10,4634,WKS-HQ-25,z.amar,2,,,,,
2026-07-20 17:01:49,4634,WKS-IT-09,m.saban,2,,,,,
2026-07-20 17:11:15,4634,WKS-SEC-03,e.katz,2,,,,,
2026-07-20 17:12:14,4634,WKS-IT-08,h.peretz,2,,,,,
2026-07-20 17:18:26,4624,SRV-FILE-HQ,d.levi,3,WKS-SEC-10,,,,
2026-07-20 17:18:54,4634,WKS-HQ-07,o.raviv,2,,,,,
2026-07-20 17:24:46,4634,WKS-HQ-23,s.mor,2,,,,,
2026-07-20 17:30:48,4634,WKS-HQ-26,p.stein,2,,,,,
2026-07-20 17:37:41,4634,WKS-PAY-11,s.arbel,2,,,,,
2026-07-20 17:44:48,4634,WKS-HQ-19,y.segev,2,,,,,
2026-07-20 17:48:12,4634,WKS-HQ-18,m.tal,2,,,,,
2026-07-20 17:49:28,4634,WKS-HQ-20,k.oz,2,,,,,
2026-07-20 17:51:51,4634,WKS-HQ-13,l.beit,2,,,,,
2026-07-20 18:11:18,4634,WKS-HQ-05,y.oren,2,,,,,
2026-07-20 18:14:41,4634,WKS-HQ-06,g.shemesh,2,,,,,
2026-07-20 18:22:21,4634,WKS-HQ-15,n.hazan,2,,,,,
2026-07-20 18:27:06,4634,WKS-HQ-27,c.barak,2,,,,,
2026-07-20 18:31:23,4634,WKS-HQ-17,a.dahan,2,,,,,
2026-07-20 18:40:19,4634,WKS-SEC-10,d.levi,2,,,,,
2026-07-20 18:54:51,4634,WKS-HQ-14,r.avni,2,,,,,
2026-07-20 19:04:01,4634,WKS-HQ-04,n.barzilai,2,,,,,
2026-07-21 07:24:03,4624,WKS-HQ-25,z.amar,2,WKS-HQ-25,,,,
2026-07-21 07:26:37,4624,WKS-HQ-22,i.golan,2,WKS-HQ-22,,,,
2026-07-21 07:26:53,4624,WKS-HQ-24,v.harel,2,WKS-HQ-24,,,,
2026-07-21 07:32:53,4769,SRV-DC-01,v.harel,,WKS-HQ-24,mssqlsvc_svc,,,MSSQLSvc/srv-posmgt.northgate.local:1433
2026-07-21 07:39:05,4624,WKS-HQ-26,p.stein,2,WKS-HQ-26,,,,
2026-07-21 07:43:37,4769,SRV-DC-01,i.golan,,WKS-HQ-22,cifs_svc,,,CIFS/srv-file-hq.northgate.local
2026-07-21 07:59:55,4624,WKS-HQ-23,s.mor,2,WKS-HQ-23,,,,
2026-07-21 08:02:25,4624,WKS-SEC-03,e.katz,2,WKS-SEC-03,,,,
2026-07-21 08:06:05,4624,WKS-PAY-30,g.ben-ari,2,WKS-PAY-30,,,,
2026-07-21 08:09:58,4624,WKS-HQ-05,y.oren,2,WKS-HQ-05,,,,
2026-07-21 08:13:15,4624,WKS-HQ-19,y.segev,2,WKS-HQ-19,,,,
2026-07-21 08:17:10,4624,WKS-PAY-11,s.arbel,2,WKS-PAY-11,,,,
2026-07-21 08:19:19,4624,WKS-IT-01,a.mizrahi,2,WKS-IT-01,,,,
2026-07-21 08:19:20,4672,WKS-IT-01,a.mizrahi,2,,,,,
2026-07-21 08:24:20,4625,WKS-IT-08,h.peretz,2,WKS-IT-08,,,,
2026-07-21 08:26:33,4624,WKS-IT-08,h.peretz,2,WKS-IT-08,,,,
2026-07-21 08:28:07,4624,WKS-PAY-12,t.hadar,2,WKS-PAY-12,,,,
2026-07-21 08:34:38,4624,WKS-HQ-20,k.oz,2,WKS-HQ-20,,,,
2026-07-21 08:37:00,4624,WKS-HQ-21,b.naim,2,WKS-HQ-21,,,,
2026-07-21 08:38:07,4624,WKS-HQ-04,n.barzilai,2,WKS-HQ-04,,,,
2026-07-21 08:41:18,4624,WKS-IT-09,m.saban,2,WKS-IT-09,,,,
2026-07-21 08:44:28,4625,WKS-HQ-28,u.regev,2,WKS-HQ-28,,,,
2026-07-21 08:44:48,4624,WKS-SEC-10,d.levi,2,WKS-SEC-10,,,,
2026-07-21 08:45:25,4769,SRV-DC-01,e.katz,,WKS-SEC-03,cifs_svc,,,CIFS/srv-file-hq.northgate.local
2026-07-21 08:46:41,4624,WKS-HQ-28,u.regev,2,WKS-HQ-28,,,,
2026-07-21 08:51:40,4624,WKS-HQ-15,n.hazan,2,WKS-HQ-15,,,,
2026-07-21 08:52:05,4624,SRV-FILE-HQ,p.stein,3,WKS-HQ-26,,,,
2026-07-21 08:52:07,5140,SRV-FILE-HQ,p.stein,3,WKS-HQ-26,,,,\\SRV-FILE-HQ\Branches
2026-07-21 08:55:14,4624,WKS-HQ-14,r.avni,2,WKS-HQ-14,,,,
2026-07-21 08:58:03,4769,SRV-DC-01,z.amar,,WKS-HQ-25,mssqlsvc_svc,,,MSSQLSvc/srv-cardproc.northgate.local:1433
2026-07-21 08:59:28,4624,WKS-HQ-16,e.shalom,2,WKS-HQ-16,,,,
2026-07-21 09:02:37,4624,SRV-POSMGT,i.golan,3,WKS-HQ-22,,,,
2026-07-21 09:05:05,4624,WKS-HQ-27,c.barak,2,WKS-HQ-27,,,,
2026-07-21 09:06:46,4624,WKS-IT-29,f.zohar,2,WKS-IT-29,,,,
2026-07-21 09:07:41,4688,WKS-HQ-28,u.regev,,,,chrome.exe,chrome.exe --restore-last-session,
2026-07-21 09:10:11,4624,WKS-HQ-06,g.shemesh,2,WKS-HQ-06,,,,
2026-07-21 09:10:21,4624,WKS-HQ-17,a.dahan,2,WKS-HQ-17,,,,
2026-07-21 09:14:21,4769,SRV-DC-01,a.dahan,,WKS-HQ-17,mssqlsvc_svc,,,MSSQLSvc/srv-cardproc.northgate.local:1433
2026-07-21 09:15:18,4624,WKS-HQ-13,l.beit,2,WKS-HQ-13,,,,
2026-07-21 09:16:22,4624,WKS-HQ-07,o.raviv,2,WKS-HQ-07,,,,
2026-07-21 09:19:05,4624,SRV-FILE-HQ,c.barak,3,WKS-HQ-27,,,,
2026-07-21 09:19:07,5140,SRV-FILE-HQ,c.barak,3,WKS-HQ-27,,,,\\SRV-FILE-HQ\Marketing
2026-07-21 09:24:58,4688,WKS-HQ-05,y.oren,,,,chrome.exe,chrome.exe --restore-last-session,
2026-07-21 09:27:03,4688,WKS-HQ-25,z.amar,,,,outlook.exe,outlook.exe /recycle,
2026-07-21 09:29:22,4688,WKS-HQ-07,o.raviv,,,,outlook.exe,outlook.exe /recycle,
2026-07-21 09:31:18,4624,SRV-FILE-HQ,l.beit,3,WKS-HQ-13,,,,
2026-07-21 09:37:10,4769,SRV-DC-01,s.arbel,,WKS-PAY-11,mssqlsvc_svc,,,MSSQLSvc/srv-cardproc.northgate.local:1433
2026-07-21 09:40:55,4624,SRV-POSMGT,s.mor,3,WKS-HQ-23,,,,
2026-07-21 09:45:22,4769,SRV-DC-01,o.raviv,,WKS-HQ-07,http_svc,,,HTTP/web-supplier.northgate.local
2026-07-21 09:59:03,4769,SRV-DC-01,z.amar,,WKS-HQ-25,http_svc,,,HTTP/web-supplier.northgate.local
2026-07-21 09:59:05,4624,SRV-POSMGT,p.stein,3,WKS-HQ-26,,,,
2026-07-21 09:59:07,5140,SRV-POSMGT,p.stein,3,WKS-HQ-26,,,,\\SRV-POSMGT\Branches
2026-07-21 09:59:18,4769,SRV-DC-01,m.saban,,WKS-IT-09,mssqlsvc_svc,,,MSSQLSvc/srv-posmgt.northgate.local:1433
2026-07-21 10:00:14,4624,SRV-FILE-HQ,r.avni,3,WKS-HQ-14,,,,
2026-07-21 10:11:37,4624,SRV-POSMGT,i.golan,3,WKS-HQ-22,,,,
2026-07-21 10:16:10,4688,WKS-PAY-11,s.arbel,,,,chrome.exe,chrome.exe --restore-last-session,
2026-07-21 10:18:37,4769,SRV-DC-01,i.golan,,WKS-HQ-22,mssqlsvc_svc,,,MSSQLSvc/srv-cardproc.northgate.local:1433
2026-07-21 10:22:40,4624,SRV-FILE-HQ,n.hazan,3,WKS-HQ-15,,,,
2026-07-21 10:27:48,4688,WKS-SEC-10,d.levi,,,,outlook.exe,outlook.exe /recycle,
2026-07-21 10:35:11,4688,WKS-HQ-06,g.shemesh,,,,chrome.exe,chrome.exe --restore-last-session,
2026-07-21 10:38:22,4624,SRV-FILE-HQ,o.raviv,3,WKS-HQ-07,,,,
2026-07-21 10:38:53,4624,SRV-POSMGT,v.harel,3,WKS-HQ-24,,,,
2026-07-21 10:49:40,4624,SRV-FILE-HQ,n.hazan,3,WKS-HQ-15,,,,
2026-07-21 10:56:00,4769,SRV-DC-01,b.naim,,WKS-HQ-21,http_svc,,,HTTP/web-supplier.northgate.local
2026-07-21 11:03:07,4769,SRV-DC-01,n.barzilai,,WKS-HQ-04,cifs_svc,,,CIFS/srv-file-hq.northgate.local
2026-07-21 11:06:25,4624,SRV-FILE-HQ,e.katz,3,WKS-SEC-03,,,,
2026-07-21 11:10:18,4769,SRV-DC-01,l.beit,,WKS-HQ-13,mssqlsvc_svc,,,MSSQLSvc/srv-posmgt.northgate.local:1433
2026-07-21 11:22:58,4624,SRV-FILE-HQ,y.oren,3,WKS-HQ-05,,,,
2026-07-21 11:35:18,4769,SRV-DC-01,l.beit,,WKS-HQ-13,http_svc,,,HTTP/web-supplier.northgate.local
2026-07-21 11:38:15,4769,SRV-DC-01,y.segev,,WKS-HQ-19,cifs_svc,,,CIFS/srv-file-hq.northgate.local
2026-07-21 11:40:41,4769,SRV-DC-01,u.regev,,WKS-HQ-28,mssqlsvc_svc,,,MSSQLSvc/srv-cardproc.northgate.local:1433
2026-07-21 11:42:07,4769,SRV-DC-01,t.hadar,,WKS-PAY-12,http_svc,,,HTTP/web-supplier.northgate.local
2026-07-21 11:46:07,4688,WKS-HQ-04,n.barzilai,,,,chrome.exe,chrome.exe --restore-last-session,
2026-07-21 11:48:19,4769,SRV-DC-01,a.mizrahi,,WKS-IT-01,cifs_svc,,,CIFS/srv-file-hq.northgate.local
2026-07-21 11:54:00,4624,SRV-FILE-HQ,b.naim,3,WKS-HQ-21,,,,
2026-07-21 11:56:05,4624,SRV-FILE-HQ,c.barak,3,WKS-HQ-27,,,,
2026-07-21 11:56:07,5140,SRV-FILE-HQ,c.barak,3,WKS-HQ-27,,,,\\SRV-FILE-HQ\Marketing
2026-07-21 12:00:15,4624,SRV-FILE-HQ,y.segev,3,WKS-HQ-19,,,,
2026-07-21 12:02:18,4624,SRV-FILE-HQ,l.beit,3,WKS-HQ-13,,,,
2026-07-21 12:04:07,4624,SRV-FILE-HQ,n.barzilai,3,WKS-HQ-04,,,,
2026-07-21 12:04:09,5140,SRV-FILE-HQ,n.barzilai,3,WKS-HQ-04,,,,\\SRV-FILE-HQ\Finance
2026-07-21 12:08:05,4624,SRV-FILE-HQ,c.barak,3,WKS-HQ-27,,,,
2026-07-21 12:08:07,5140,SRV-FILE-HQ,c.barak,3,WKS-HQ-27,,,,\\SRV-FILE-HQ\Marketing
2026-07-21 12:12:55,4624,SRV-FILE-HQ,s.mor,3,WKS-HQ-23,,,,
2026-07-21 12:28:18,4624,SRV-DC-01,m.saban,3,WKS-IT-09,,,,
2026-07-21 12:30:07,4769,SRV-DC-01,n.barzilai,,WKS-HQ-04,cifs_svc,,,CIFS/srv-file-hq.northgate.local
2026-07-21 12:31:05,4769,SRV-DC-01,p.stein,,WKS-HQ-26,cifs_svc,,,CIFS/srv-file-hq.northgate.local
2026-07-21 12:42:18,4769,SRV-DC-01,m.saban,,WKS-IT-09,mssqlsvc_svc,,,MSSQLSvc/srv-posmgt.northgate.local:1433
2026-07-21 12:48:21,4769,SRV-DC-01,a.dahan,,WKS-HQ-17,mssqlsvc_svc,,,MSSQLSvc/srv-posmgt.northgate.local:1433
2026-07-21 12:56:40,4624,SRV-FILE-HQ,n.hazan,3,WKS-HQ-15,,,,
2026-07-21 13:03:05,4769,SRV-DC-01,p.stein,,WKS-HQ-26,cifs_svc,,,CIFS/srv-file-hq.northgate.local
2026-07-21 13:04:53,4624,SRV-POSMGT,v.harel,3,WKS-HQ-24,,,,
2026-07-21 13:11:28,4769,SRV-DC-01,e.shalom,,WKS-HQ-16,cifs_svc,,,CIFS/srv-file-hq.northgate.local
2026-07-21 13:13:11,4624,SRV-FILE-HQ,g.shemesh,3,WKS-HQ-06,,,,
2026-07-21 13:13:13,5140,SRV-FILE-HQ,g.shemesh,3,WKS-HQ-06,,,,\\SRV-FILE-HQ\Finance
2026-07-21 13:19:19,4769,SRV-DC-01,a.mizrahi,,WKS-IT-01,mssqlsvc_svc,,,MSSQLSvc/srv-posmgt.northgate.local:1433
2026-07-21 13:21:33,4769,SRV-DC-01,h.peretz,,WKS-IT-08,mssqlsvc_svc,,,MSSQLSvc/srv-cardproc.northgate.local:1433
2026-07-21 13:23:41,4624,SRV-FILE-HQ,u.regev,3,WKS-HQ-28,,,,
2026-07-21 13:23:43,5140,SRV-FILE-HQ,u.regev,3,WKS-HQ-28,,,,\\SRV-FILE-HQ\Marketing
2026-07-21 13:39:33,4769,SRV-DC-01,h.peretz,,WKS-IT-08,cifs_svc,,,CIFS/srv-file-hq.northgate.local
2026-07-21 13:58:48,4624,SRV-FILE-HQ,d.levi,3,WKS-SEC-10,,,,
2026-07-21 14:08:41,4769,SRV-DC-01,u.regev,,WKS-HQ-28,http_svc,,,HTTP/web-supplier.northgate.local
2026-07-21 14:28:14,4769,SRV-DC-01,r.avni,,WKS-HQ-14,mssqlsvc_svc,,,MSSQLSvc/srv-cardproc.northgate.local:1433
2026-07-21 14:29:48,4769,SRV-DC-01,d.levi,,WKS-SEC-10,mssqlsvc_svc,,,MSSQLSvc/srv-cardproc.northgate.local:1433
2026-07-21 14:32:03,4624,SRV-FILE-HQ,z.amar,3,WKS-HQ-25,,,,
2026-07-21 14:32:05,5140,SRV-FILE-HQ,z.amar,3,WKS-HQ-25,,,,\\SRV-FILE-HQ\Branches
2026-07-21 14:41:05,4769,SRV-DC-01,g.ben-ari,,WKS-PAY-30,cifs_svc,,,CIFS/srv-file-hq.northgate.local
2026-07-21 14:43:41,4624,SRV-FILE-HQ,u.regev,3,WKS-HQ-28,,,,
2026-07-21 14:48:07,4624,SRV-FILE-HQ,n.barzilai,3,WKS-HQ-04,,,,
2026-07-21 14:48:33,4624,SRV-DC-01,h.peretz,3,WKS-IT-08,,,,
2026-07-21 14:49:38,4688,WKS-HQ-20,k.oz,,,,chrome.exe,chrome.exe --restore-last-session,
2026-07-21 14:51:33,4769,SRV-DC-01,h.peretz,,WKS-IT-08,mssqlsvc_svc,,,MSSQLSvc/srv-posmgt.northgate.local:1433
2026-07-21 14:59:33,4624,SRV-DC-01,h.peretz,3,WKS-IT-08,,,,
2026-07-21 15:07:38,4624,SRV-FILE-HQ,k.oz,3,WKS-HQ-20,,,,
2026-07-21 15:15:38,4624,SRV-FILE-HQ,k.oz,3,WKS-HQ-20,,,,
2026-07-21 15:23:40,4769,SRV-DC-01,n.hazan,,WKS-HQ-15,http_svc,,,HTTP/web-supplier.northgate.local
2026-07-21 15:24:33,4634,WKS-HQ-25,z.amar,2,,,,,
2026-07-21 15:34:00,4624,SRV-FILE-HQ,b.naim,3,WKS-HQ-21,,,,
2026-07-21 15:34:19,4624,SRV-DC-01,a.mizrahi,3,WKS-IT-01,,,,
2026-07-21 15:35:00,4624,SRV-FILE-HQ,b.naim,3,WKS-HQ-21,,,,
2026-07-21 15:35:02,5140,SRV-FILE-HQ,b.naim,3,WKS-HQ-21,,,,\\SRV-FILE-HQ\Logistics
2026-07-21 15:40:18,4624,SRV-DC-01,m.saban,3,WKS-IT-09,,,,
2026-07-21 15:43:58,4624,SRV-FILE-HQ,y.oren,3,WKS-HQ-05,,,,
2026-07-21 15:44:19,4624,SRV-FILE-HQ,a.mizrahi,3,WKS-IT-01,,,,
2026-07-21 15:44:21,5140,SRV-FILE-HQ,a.mizrahi,3,WKS-IT-01,,,,\\SRV-FILE-HQ\IT
2026-07-21 15:49:05,4624,SRV-CARDPROC,g.ben-ari,3,WKS-PAY-30,,,,
2026-07-21 15:49:07,5140,SRV-CARDPROC,g.ben-ari,3,WKS-PAY-30,,,,\\SRV-CARDPROC\Payments
2026-07-21 15:50:22,4624,SRV-FILE-HQ,o.raviv,3,WKS-HQ-07,,,,
2026-07-21 15:50:24,5140,SRV-FILE-HQ,o.raviv,3,WKS-HQ-07,,,,\\SRV-FILE-HQ\Finance
2026-07-21 16:01:05,4769,SRV-DC-01,c.barak,,WKS-HQ-27,mssqlsvc_svc,,,MSSQLSvc/srv-posmgt.northgate.local:1433
2026-07-21 16:04:25,4624,SRV-FILE-HQ,e.katz,3,WKS-SEC-03,,,,
2026-07-21 16:04:53,4634,WKS-SEC-03,e.katz,2,,,,,
2026-07-21 16:39:48,4624,SRV-FILE-HQ,d.levi,3,WKS-SEC-10,,,,
2026-07-21 16:39:50,5140,SRV-FILE-HQ,d.levi,3,WKS-SEC-10,,,,\\SRV-FILE-HQ\IT
2026-07-21 16:47:43,4634,WKS-HQ-05,y.oren,2,,,,,
2026-07-21 16:48:56,4634,WKS-HQ-19,y.segev,2,,,,,
2026-07-21 16:50:52,4634,WKS-HQ-26,p.stein,2,,,,,
2026-07-21 16:54:45,4634,WKS-HQ-22,i.golan,2,,,,,
2026-07-21 17:01:30,4634,WKS-HQ-23,s.mor,2,,,,,
2026-07-21 17:04:20,4634,WKS-HQ-24,v.harel,2,,,,,
2026-07-21 17:05:52,4634,WKS-PAY-30,g.ben-ari,2,,,,,
2026-07-21 17:06:21,4624,SRV-FILE-HQ,a.dahan,3,WKS-HQ-17,,,,
2026-07-21 17:09:29,4634,WKS-IT-09,m.saban,2,,,,,
2026-07-21 17:09:43,4634,WKS-HQ-04,n.barzilai,2,,,,,
2026-07-21 17:11:18,4624,SRV-FILE-HQ,l.beit,3,WKS-HQ-13,,,,
2026-07-21 17:13:58,4634,WKS-HQ-28,u.regev,2,,,,,
2026-07-21 17:19:14,4634,WKS-HQ-07,o.raviv,2,,,,,
2026-07-21 17:23:10,4634,WKS-HQ-27,c.barak,2,,,,,
2026-07-21 17:31:07,4634,WKS-HQ-16,e.shalom,2,,,,,
2026-07-21 17:35:11,4634,WKS-HQ-14,r.avni,2,,,,,
2026-07-21 18:03:18,4634,WKS-HQ-21,b.naim,2,,,,,
2026-07-21 18:30:15,4634,WKS-PAY-11,s.arbel,2,,,,,
2026-07-21 18:30:19,4634,WKS-PAY-12,t.hadar,2,,,,,
2026-07-21 18:31:54,4634,WKS-SEC-10,d.levi,2,,,,,
2026-07-21 18:32:23,4634,WKS-HQ-13,l.beit,2,,,,,
2026-07-21 18:35:23,4634,WKS-IT-08,h.peretz,2,,,,,
2026-07-21 18:36:22,4634,WKS-HQ-15,n.hazan,2,,,,,
2026-07-21 18:39:13,4634,WKS-IT-01,a.mizrahi,2,,,,,
2026-07-21 18:39:21,4634,WKS-HQ-20,k.oz,2,,,,,
2026-07-21 18:58:01,4634,WKS-HQ-06,g.shemesh,2,,,,,
2026-07-21 19:22:36,4634,WKS-IT-29,f.zohar,2,,,,,
2026-07-21 19:25:11,4634,WKS-HQ-17,a.dahan,2,,,,,
2026-07-22 07:04:50,4624,WKS-HQ-25,z.amar,2,WKS-HQ-25,,,,
2026-07-22 07:37:50,4624,SRV-POSMGT,z.amar,3,WKS-HQ-25,,,,
2026-07-22 07:40:51,4624,WKS-HQ-23,s.mor,2,WKS-HQ-23,,,,
2026-07-22 07:48:30,4624,WKS-HQ-26,p.stein,2,WKS-HQ-26,,,,
2026-07-22 07:58:04,4624,WKS-PAY-02,r.stern,2,WKS-PAY-02,,,,
2026-07-22 07:58:54,4624,WKS-HQ-22,i.golan,2,WKS-HQ-22,,,,
2026-07-22 08:03:48,4624,WKS-PAY-30,g.ben-ari,2,WKS-PAY-30,,,,
2026-07-22 08:03:54,4624,SRV-POSMGT,i.golan,3,WKS-HQ-22,,,,
2026-07-22 08:03:56,5140,SRV-POSMGT,i.golan,3,WKS-HQ-22,,,,\\SRV-POSMGT\Branches
2026-07-22 08:09:32,4624,WKS-PAY-11,s.arbel,2,WKS-PAY-11,,,,
2026-07-22 08:13:14,4624,WKS-IT-09,m.saban,2,WKS-IT-09,,,,
2026-07-22 08:18:35,4624,WKS-PAY-12,t.hadar,2,WKS-PAY-12,,,,
2026-07-22 08:21:33,4624,WKS-HQ-21,b.naim,2,WKS-HQ-21,,,,
2026-07-22 08:21:38,4624,WKS-HQ-19,y.segev,2,WKS-HQ-19,,,,
2026-07-22 08:28:47,4624,WKS-IT-08,h.peretz,2,WKS-IT-08,,,,
2026-07-22 08:28:54,4624,WKS-IT-01,a.mizrahi,2,WKS-IT-01,,,,
2026-07-22 08:28:55,4672,WKS-IT-01,a.mizrahi,2,,,,,
2026-07-22 08:33:08,4624,WKS-HQ-05,y.oren,2,WKS-HQ-05,,,,
2026-07-22 08:33:41,4625,WKS-HQ-20,k.oz,2,WKS-HQ-20,,,,
2026-07-22 08:34:59,4624,WKS-SEC-03,e.katz,2,WKS-SEC-03,,,,
2026-07-22 08:35:03,4624,WKS-SEC-10,d.levi,2,WKS-SEC-10,,,,
2026-07-22 08:35:58,4624,WKS-HQ-20,k.oz,2,WKS-HQ-20,,,,
2026-07-22 08:37:35,4688,WKS-PAY-12,t.hadar,,,,excel.exe,excel.exe /dde,
2026-07-22 08:37:54,4688,WKS-HQ-22,i.golan,,,,excel.exe,excel.exe /dde,
2026-07-22 08:38:29,4624,WKS-HQ-17,a.dahan,2,WKS-HQ-17,,,,
2026-07-22 08:39:58,4624,WKS-HQ-28,u.regev,2,WKS-HQ-28,,,,
2026-07-22 08:45:32,4688,WKS-PAY-11,s.arbel,,,,chrome.exe,chrome.exe --restore-last-session,
2026-07-22 08:45:44,4624,WKS-HQ-14,r.avni,2,WKS-HQ-14,,,,
2026-07-22 08:51:53,4624,WKS-HQ-27,c.barak,2,WKS-HQ-27,,,,
2026-07-22 08:53:09,4624,WKS-HQ-06,g.shemesh,2,WKS-HQ-06,,,,
2026-07-22 08:53:54,4769,SRV-DC-01,a.mizrahi,,WKS-IT-01,cifs_svc,,,CIFS/srv-file-hq.northgate.local
2026-07-22 08:54:14,4624,SRV-FILE-HQ,m.saban,3,WKS-IT-09,,,,
2026-07-22 08:55:17,4624,WKS-HQ-16,e.shalom,2,WKS-HQ-16,,,,
2026-07-22 08:58:19,4624,WKS-HQ-07,o.raviv,2,WKS-HQ-07,,,,
2026-07-22 09:01:01,4624,WKS-HQ-18,m.tal,2,WKS-HQ-18,,,,
2026-07-22 09:01:44,4624,WKS-HQ-13,l.beit,2,WKS-HQ-13,,,,
2026-07-22 09:10:38,4769,SRV-DC-01,y.segev,,WKS-HQ-19,cifs_svc,,,CIFS/srv-file-hq.northgate.local
2026-07-22 09:12:44,4624,SRV-FILE-HQ,l.beit,3,WKS-HQ-13,,,,
2026-07-22 09:15:33,4688,WKS-HQ-21,b.naim,,,,excel.exe,excel.exe /dde,
2026-07-22 09:18:03,4624,SRV-DC-01,d.levi,3,WKS-SEC-10,,,,
2026-07-22 09:18:05,5140,SRV-DC-01,d.levi,3,WKS-SEC-10,,,,\\SRV-DC-01\IT
2026-07-22 09:18:32,4624,SRV-CARDPROC,s.arbel,3,WKS-PAY-11,,,,
2026-07-22 09:21:29,4624,SRV-FILE-HQ,a.dahan,3,WKS-HQ-17,,,,
2026-07-22 09:21:44,4769,SRV-DC-01,l.beit,,WKS-HQ-13,mssqlsvc_svc,,,MSSQLSvc/srv-cardproc.northgate.local:1433
2026-07-22 09:24:21,4624,WKS-HQ-04,n.barzilai,2,WKS-HQ-04,,,,
2026-07-22 09:36:51,4624,SRV-POSMGT,s.mor,3,WKS-HQ-23,,,,
2026-07-22 09:41:50,4769,SRV-DC-01,z.amar,,WKS-HQ-25,http_svc,,,HTTP/web-supplier.northgate.local
2026-07-22 09:54:53,4769,SRV-DC-01,c.barak,,WKS-HQ-27,cifs_svc,,,CIFS/srv-file-hq.northgate.local
2026-07-22 09:58:09,4624,SRV-FILE-HQ,g.shemesh,3,WKS-HQ-06,,,,
2026-07-22 09:58:19,4769,SRV-DC-01,o.raviv,,WKS-HQ-07,mssqlsvc_svc,,,MSSQLSvc/srv-posmgt.northgate.local:1433
2026-07-22 09:58:58,4624,SRV-FILE-HQ,k.oz,3,WKS-HQ-20,,,,
2026-07-22 10:13:19,4688,WKS-HQ-07,o.raviv,,,,winword.exe,winword.exe /w,
2026-07-22 10:13:54,4624,SRV-FILE-HQ,i.golan,3,WKS-HQ-22,,,,
2026-07-22 10:24:53,4624,SRV-FILE-HQ,c.barak,3,WKS-HQ-27,,,,
2026-07-22 10:24:55,5140,SRV-FILE-HQ,c.barak,3,WKS-HQ-27,,,,\\SRV-FILE-HQ\Marketing
2026-07-22 10:25:33,4769,SRV-DC-01,b.naim,,WKS-HQ-21,mssqlsvc_svc,,,MSSQLSvc/srv-cardproc.northgate.local:1433
2026-07-22 10:28:33,4624,SRV-FILE-HQ,b.naim,3,WKS-HQ-21,,,,
2026-07-22 10:28:35,5140,SRV-FILE-HQ,b.naim,3,WKS-HQ-21,,,,\\SRV-FILE-HQ\Logistics
2026-07-22 10:43:59,4769,SRV-DC-01,e.katz,,WKS-SEC-03,cifs_svc,,,CIFS/srv-file-hq.northgate.local
2026-07-22 10:47:33,4624,SRV-FILE-HQ,b.naim,3,WKS-HQ-21,,,,
2026-07-22 10:52:04,4624,SRV-FILE-HQ,r.stern,3,WKS-PAY-02,,,,
2026-07-22 11:09:08,4769,SRV-DC-01,y.oren,,WKS-HQ-05,cifs_svc,,,CIFS/srv-file-hq.northgate.local
2026-07-22 11:22:50,4769,SRV-DC-01,z.amar,,WKS-HQ-25,mssqlsvc_svc,,,MSSQLSvc/srv-cardproc.northgate.local:1433
2026-07-22 11:24:58,4769,SRV-DC-01,k.oz,,WKS-HQ-20,cifs_svc,,,CIFS/srv-file-hq.northgate.local
2026-07-22 11:26:04,4769,SRV-DC-01,r.stern,,WKS-PAY-02,cifs_svc,,,CIFS/srv-file-hq.northgate.local
2026-07-22 11:34:21,4769,SRV-DC-01,n.barzilai,,WKS-HQ-04,mssqlsvc_svc,,,MSSQLSvc/srv-posmgt.northgate.local:1433
2026-07-22 11:34:30,4624,SRV-POSMGT,p.stein,3,WKS-HQ-26,,,,
2026-07-22 11:41:19,4624,SRV-FILE-HQ,o.raviv,3,WKS-HQ-07,,,,
2026-07-22 11:41:21,5140,SRV-FILE-HQ,o.raviv,3,WKS-HQ-07,,,,\\SRV-FILE-HQ\Finance
2026-07-22 11:42:30,4624,SRV-FILE-HQ,p.stein,3,WKS-HQ-26,,,,
2026-07-22 11:42:32,5140,SRV-FILE-HQ,p.stein,3,WKS-HQ-26,,,,\\SRV-FILE-HQ\Branches
2026-07-22 11:53:58,4769,SRV-DC-01,k.oz,,WKS-HQ-20,cifs_svc,,,CIFS/srv-file-hq.northgate.local
2026-07-22 12:20:04,4624,SRV-CARDPROC,r.stern,3,WKS-PAY-02,,,,
2026-07-22 12:20:06,5140,SRV-CARDPROC,r.stern,3,WKS-PAY-02,,,,\\SRV-CARDPROC\Payments
2026-07-22 12:25:53,4769,SRV-DC-01,c.barak,,WKS-HQ-27,mssqlsvc_svc,,,MSSQLSvc/srv-cardproc.northgate.local:1433
2026-07-22 12:25:54,4624,SRV-FILE-HQ,a.mizrahi,3,WKS-IT-01,,,,
2026-07-22 12:34:30,4769,SRV-DC-01,p.stein,,WKS-HQ-26,mssqlsvc_svc,,,MSSQLSvc/srv-posmgt.northgate.local:1433
2026-07-22 12:34:50,4624,SRV-FILE-HQ,z.amar,3,WKS-HQ-25,,,,
2026-07-22 12:35:03,4769,SRV-DC-01,d.levi,,WKS-SEC-10,cifs_svc,,,CIFS/srv-file-hq.northgate.local
2026-07-22 12:37:53,4624,SRV-FILE-HQ,c.barak,3,WKS-HQ-27,,,,
2026-07-22 12:47:14,4624,SRV-FILE-HQ,m.saban,3,WKS-IT-09,,,,
2026-07-22 12:52:32,4624,SRV-FILE-HQ,s.arbel,3,WKS-PAY-11,,,,
2026-07-22 12:52:34,5140,SRV-FILE-HQ,s.arbel,3,WKS-PAY-11,,,,\\SRV-FILE-HQ\Payments
2026-07-22 13:07:47,4624,SRV-DC-01,h.peretz,3,WKS-IT-08,,,,
2026-07-22 13:08:29,4624,SRV-FILE-HQ,a.dahan,3,WKS-HQ-17,,,,
2026-07-22 13:08:31,5140,SRV-FILE-HQ,a.dahan,3,WKS-HQ-17,,,,\\SRV-FILE-HQ\HR
2026-07-22 13:16:17,4769,SRV-DC-01,e.shalom,,WKS-HQ-16,mssqlsvc_svc,,,MSSQLSvc/srv-cardproc.northgate.local:1433
2026-07-22 13:16:58,4769,SRV-DC-01,k.oz,,WKS-HQ-20,mssqlsvc_svc,,,MSSQLSvc/srv-posmgt.northgate.local:1433
2026-07-22 13:19:29,4769,SRV-DC-01,a.dahan,,WKS-HQ-17,mssqlsvc_svc,,,MSSQLSvc/srv-cardproc.northgate.local:1433
2026-07-22 13:21:17,4624,SRV-FILE-HQ,e.shalom,3,WKS-HQ-16,,,,
2026-07-22 13:26:33,4769,SRV-DC-01,b.naim,,WKS-HQ-21,cifs_svc,,,CIFS/srv-file-hq.northgate.local
2026-07-22 13:32:58,4769,SRV-DC-01,u.regev,,WKS-HQ-28,mssqlsvc_svc,,,MSSQLSvc/srv-cardproc.northgate.local:1433
2026-07-22 13:40:35,4769,SRV-DC-01,t.hadar,,WKS-PAY-12,cifs_svc,,,CIFS/srv-file-hq.northgate.local
2026-07-22 13:42:14,4769,SRV-DC-01,m.saban,,WKS-IT-09,cifs_svc,,,CIFS/srv-file-hq.northgate.local
2026-07-22 13:43:21,4688,WKS-HQ-04,n.barzilai,,,,excel.exe,excel.exe /dde,
2026-07-22 13:46:30,4769,SRV-DC-01,p.stein,,WKS-HQ-26,mssqlsvc_svc,,,MSSQLSvc/srv-posmgt.northgate.local:1433
2026-07-22 13:46:44,4624,SRV-FILE-HQ,r.avni,3,WKS-HQ-14,,,,
2026-07-22 13:55:21,4624,SRV-FILE-HQ,n.barzilai,3,WKS-HQ-04,,,,
2026-07-22 14:00:09,4688,WKS-HQ-06,g.shemesh,,,,teams.exe,teams.exe --system-initiated,
2026-07-22 14:01:47,4769,SRV-DC-01,h.peretz,,WKS-IT-08,cifs_svc,,,CIFS/srv-file-hq.northgate.local
2026-07-22 14:01:47,4769,SRV-DC-01,h.peretz,,WKS-IT-08,mssqlsvc_svc,,,MSSQLSvc/srv-cardproc.northgate.local:1433
2026-07-22 14:03:48,4688,WKS-PAY-30,g.ben-ari,,,,chrome.exe,chrome.exe --restore-last-session,
2026-07-22 14:07:59,4624,SRV-DC-01,e.katz,3,WKS-SEC-03,,,,
2026-07-22 14:12:35,4624,SRV-FILE-HQ,t.hadar,3,WKS-PAY-12,,,,
2026-07-22 14:12:37,5140,SRV-FILE-HQ,t.hadar,3,WKS-PAY-12,,,,\\SRV-FILE-HQ\Payments
2026-07-22 14:13:54,4769,SRV-DC-01,i.golan,,WKS-HQ-22,mssqlsvc_svc,,,MSSQLSvc/srv-posmgt.northgate.local:1433
2026-07-22 14:36:04,4769,SRV-DC-01,r.stern,,WKS-PAY-02,mssqlsvc_svc,,,MSSQLSvc/srv-posmgt.northgate.local:1433
2026-07-22 14:37:33,4769,SRV-DC-01,b.naim,,WKS-HQ-21,http_svc,,,HTTP/web-supplier.northgate.local
2026-07-22 14:46:35,4769,SRV-DC-01,t.hadar,,WKS-PAY-12,cifs_svc,,,CIFS/srv-file-hq.northgate.local
2026-07-22 14:49:44,4624,SRV-FILE-HQ,l.beit,3,WKS-HQ-13,,,,
2026-07-22 14:51:19,4769,SRV-DC-01,o.raviv,,WKS-HQ-07,http_svc,,,HTTP/web-supplier.northgate.local
2026-07-22 14:54:38,4624,SRV-FILE-HQ,y.segev,3,WKS-HQ-19,,,,
2026-07-22 14:54:40,5140,SRV-FILE-HQ,y.segev,3,WKS-HQ-19,,,,\\SRV-FILE-HQ\Logistics
2026-07-22 14:59:54,4688,WKS-IT-01,a.mizrahi,,,,excel.exe,excel.exe /dde,
2026-07-22 15:01:59,4624,SRV-DC-01,e.katz,3,WKS-SEC-03,,,,
2026-07-22 15:05:53,4624,SRV-FILE-HQ,c.barak,3,WKS-HQ-27,,,,
2026-07-22 15:05:55,5140,SRV-FILE-HQ,c.barak,3,WKS-HQ-27,,,,\\SRV-FILE-HQ\Marketing
2026-07-22 15:08:54,4769,SRV-DC-01,a.mizrahi,,WKS-IT-01,mssqlsvc_svc,,,MSSQLSvc/srv-posmgt.northgate.local:1433
2026-07-22 15:08:58,4624,SRV-FILE-HQ,u.regev,3,WKS-HQ-28,,,,
2026-07-22 15:23:54,4624,SRV-FILE-HQ,a.mizrahi,3,WKS-IT-01,,,,
2026-07-22 15:23:58,4688,WKS-HQ-28,u.regev,,,,chrome.exe,chrome.exe --restore-last-session,
2026-07-22 15:31:04,4624,SRV-FILE-HQ,r.stern,3,WKS-PAY-02,,,,
2026-07-22 15:31:48,4624,SRV-FILE-HQ,g.ben-ari,3,WKS-PAY-30,,,,
2026-07-22 15:37:48,4769,SRV-DC-01,g.ben-ari,,WKS-PAY-30,mssqlsvc_svc,,,MSSQLSvc/srv-cardproc.northgate.local:1433
2026-07-22 15:42:32,4769,SRV-DC-01,s.arbel,,WKS-PAY-11,mssqlsvc_svc,,,MSSQLSvc/srv-posmgt.northgate.local:1433
2026-07-22 15:53:38,4769,SRV-DC-01,y.segev,,WKS-HQ-19,mssqlsvc_svc,,,MSSQLSvc/srv-posmgt.northgate.local:1433
2026-07-22 16:00:03,4624,SRV-DC-01,d.levi,3,WKS-SEC-10,,,,
2026-07-22 16:00:05,5140,SRV-DC-01,d.levi,3,WKS-SEC-10,,,,\\SRV-DC-01\IT
2026-07-22 16:00:05,4634,WKS-PAY-02,r.stern,2,,,,,
2026-07-22 16:00:54,4624,SRV-POSMGT,i.golan,3,WKS-HQ-22,,,,
2026-07-22 16:01:29,4769,SRV-DC-01,a.dahan,,WKS-HQ-17,mssqlsvc_svc,,,MSSQLSvc/srv-posmgt.northgate.local:1433
2026-07-22 16:01:48,4624,SRV-FILE-HQ,g.ben-ari,3,WKS-PAY-30,,,,
2026-07-22 16:02:21,4624,SRV-FILE-HQ,n.barzilai,3,WKS-HQ-04,,,,
2026-07-22 16:02:47,4624,SRV-DC-01,h.peretz,3,WKS-IT-08,,,,
2026-07-22 16:02:49,5140,SRV-DC-01,h.peretz,3,WKS-IT-08,,,,\\SRV-DC-01\IT
2026-07-22 16:03:17,4624,SRV-FILE-HQ,e.shalom,3,WKS-HQ-16,,,,
2026-07-22 16:03:19,5140,SRV-FILE-HQ,e.shalom,3,WKS-HQ-16,,,,\\SRV-FILE-HQ\Finance
2026-07-22 16:05:09,4624,SRV-FILE-HQ,g.shemesh,3,WKS-HQ-06,,,,
2026-07-22 16:10:58,4769,SRV-DC-01,u.regev,,WKS-HQ-28,http_svc,,,HTTP/web-supplier.northgate.local
2026-07-22 16:11:03,4688,WKS-SEC-10,d.levi,,,,outlook.exe,outlook.exe /recycle,
2026-07-22 16:11:48,4634,WKS-HQ-23,s.mor,2,,,,,
2026-07-22 16:12:44,4769,SRV-DC-01,r.avni,,WKS-HQ-14,mssqlsvc_svc,,,MSSQLSvc/srv-cardproc.northgate.local:1433
2026-07-22 16:16:29,4624,SRV-FILE-HQ,a.dahan,3,WKS-HQ-17,,,,
2026-07-22 16:28:23,4634,WKS-HQ-25,z.amar,2,,,,,
2026-07-22 16:34:19,4769,SRV-DC-01,o.raviv,,WKS-HQ-07,mssqlsvc_svc,,,MSSQLSvc/srv-posmgt.northgate.local:1433
2026-07-22 16:44:29,4769,SRV-DC-01,a.dahan,,WKS-HQ-17,mssqlsvc_svc,,,MSSQLSvc/srv-cardproc.northgate.local:1433
2026-07-22 16:45:00,4634,WKS-IT-09,m.saban,2,,,,,
2026-07-22 16:55:35,4634,WKS-HQ-06,g.shemesh,2,,,,,
2026-07-22 17:04:00,4634,WKS-HQ-07,o.raviv,2,,,,,
2026-07-22 17:08:40,4634,WKS-HQ-27,c.barak,2,,,,,
2026-07-22 17:09:34,4634,WKS-HQ-13,l.beit,2,,,,,
2026-07-22 17:15:33,4634,WKS-HQ-16,e.shalom,2,,,,,
2026-07-22 17:21:00,4634,WKS-SEC-03,e.katz,2,,,,,
2026-07-22 17:26:15,4634,WKS-PAY-11,s.arbel,2,,,,,
2026-07-22 17:35:23,4634,WKS-HQ-26,p.stein,2,,,,,
2026-07-22 17:42:53,4634,WKS-HQ-28,u.regev,2,,,,,
2026-07-22 17:46:20,4634,WKS-IT-01,a.mizrahi,2,,,,,
2026-07-22 17:50:52,4634,WKS-PAY-12,t.hadar,2,,,,,
2026-07-22 17:51:21,4634,WKS-HQ-19,y.segev,2,,,,,
2026-07-22 17:54:10,4634,WKS-PAY-30,g.ben-ari,2,,,,,
2026-07-22 17:57:40,4634,WKS-IT-08,h.peretz,2,,,,,
2026-07-22 17:59:41,4634,WKS-HQ-22,i.golan,2,,,,,
2026-07-22 18:04:19,4634,WKS-HQ-14,r.avni,2,,,,,
2026-07-22 18:08:23,4634,WKS-HQ-17,a.dahan,2,,,,,
2026-07-22 18:09:41,4634,WKS-HQ-21,b.naim,2,,,,,
2026-07-22 18:24:40,4634,WKS-HQ-20,k.oz,2,,,,,
2026-07-22 18:29:13,4634,WKS-HQ-05,y.oren,2,,,,,
2026-07-22 18:44:20,4634,WKS-HQ-18,m.tal,2,,,,,
2026-07-22 18:47:53,4634,WKS-HQ-04,n.barzilai,2,,,,,
2026-07-22 18:58:26,4634,WKS-SEC-10,d.levi,2,,,,,
2026-07-23 06:50:21,4624,WKS-HQ-25,z.amar,2,WKS-HQ-25,,,,
2026-07-23 07:19:21,4769,SRV-DC-01,z.amar,,WKS-HQ-25,http_svc,,,HTTP/web-supplier.northgate.local
2026-07-23 07:22:01,4624,WKS-HQ-22,i.golan,2,WKS-HQ-22,,,,
2026-07-23 07:22:14,4624,WKS-HQ-23,s.mor,2,WKS-HQ-23,,,,
2026-07-23 07:36:01,4769,SRV-DC-01,i.golan,,WKS-HQ-22,cifs_svc,,,CIFS/srv-file-hq.northgate.local
2026-07-23 07:42:23,4624,WKS-HQ-24,v.harel,2,WKS-HQ-24,,,,
2026-07-23 07:50:29,4624,WKS-PAY-02,r.stern,2,WKS-PAY-02,,,,
2026-07-23 07:55:12,4624,WKS-PAY-11,s.arbel,2,WKS-PAY-11,,,,
2026-07-23 07:56:09,4624,WKS-HQ-26,p.stein,2,WKS-HQ-26,,,,
2026-07-23 08:06:31,4624,WKS-IT-01,a.mizrahi,2,WKS-IT-01,,,,
2026-07-23 08:06:32,4672,WKS-IT-01,a.mizrahi,2,,,,,
2026-07-23 08:10:01,4688,WKS-HQ-22,i.golan,,,,winword.exe,winword.exe /w,
2026-07-23 08:11:29,4769,SRV-DC-01,r.stern,,WKS-PAY-02,cifs_svc,,,CIFS/srv-file-hq.northgate.local
2026-07-23 08:13:21,4624,WKS-IT-29,f.zohar,2,WKS-IT-29,,,,
2026-07-23 08:20:43,4624,WKS-PAY-30,g.ben-ari,2,WKS-PAY-30,,,,
2026-07-23 08:21:40,4624,WKS-HQ-19,y.segev,2,WKS-HQ-19,,,,
2026-07-23 08:21:47,4624,WKS-HQ-21,b.naim,2,WKS-HQ-21,,,,
2026-07-23 08:22:43,4769,SRV-DC-01,g.ben-ari,,WKS-PAY-30,http_svc,,,HTTP/web-supplier.northgate.local
2026-07-23 08:25:25,4624,WKS-HQ-20,k.oz,2,WKS-HQ-20,,,,
2026-07-23 08:27:52,4624,WKS-SEC-03,e.katz,2,WKS-SEC-03,,,,
2026-07-23 08:33:45,4624,WKS-HQ-28,u.regev,2,WKS-HQ-28,,,,
2026-07-23 08:36:06,4624,WKS-HQ-13,l.beit,2,WKS-HQ-13,,,,
2026-07-23 08:38:25,4769,SRV-DC-01,k.oz,,WKS-HQ-20,http_svc,,,HTTP/web-supplier.northgate.local
2026-07-23 08:39:05,4624,WKS-HQ-16,e.shalom,2,WKS-HQ-16,,,,
2026-07-23 08:41:39,4624,WKS-HQ-07,o.raviv,2,WKS-HQ-07,,,,
2026-07-23 08:43:22,4624,WKS-HQ-05,y.oren,2,WKS-HQ-05,,,,
2026-07-23 08:47:47,4624,WKS-HQ-06,g.shemesh,2,WKS-HQ-06,,,,
2026-07-23 08:48:16,4624,WKS-IT-08,h.peretz,2,WKS-IT-08,,,,
2026-07-23 08:49:45,4624,WKS-SEC-10,d.levi,2,WKS-SEC-10,,,,
2026-07-23 08:52:02,4624,WKS-HQ-18,m.tal,2,WKS-HQ-18,,,,
2026-07-23 08:55:43,4624,WKS-HQ-04,n.barzilai,2,WKS-HQ-04,,,,
2026-07-23 08:57:17,4624,WKS-IT-09,m.saban,2,WKS-IT-09,,,,
2026-07-23 08:59:09,4624,SRV-POSMGT,p.stein,3,WKS-HQ-26,,,,
2026-07-23 08:59:51,4624,WKS-HQ-14,r.avni,2,WKS-HQ-14,,,,
2026-07-23 09:12:23,4624,SRV-FILE-HQ,v.harel,3,WKS-HQ-24,,,,
2026-07-23 09:19:13,4624,WKS-HQ-27,c.barak,2,WKS-HQ-27,,,,
2026-07-23 09:22:09,4688,WKS-HQ-26,p.stein,,,,outlook.exe,outlook.exe /recycle,
2026-07-23 09:28:31,4769,SRV-DC-01,a.mizrahi,,WKS-IT-01,cifs_svc,,,CIFS/srv-file-hq.northgate.local
2026-07-23 09:30:06,4624,SRV-FILE-HQ,l.beit,3,WKS-HQ-13,,,,
2026-07-23 09:30:08,5140,SRV-FILE-HQ,l.beit,3,WKS-HQ-13,,,,\\SRV-FILE-HQ\Procurement
2026-07-23 09:31:52,4624,SRV-DC-01,e.katz,3,WKS-SEC-03,,,,
2026-07-23 09:32:23,4624,SRV-FILE-HQ,v.harel,3,WKS-HQ-24,,,,
2026-07-23 09:38:01,4624,SRV-FILE-HQ,i.golan,3,WKS-HQ-22,,,,
2026-07-23 09:38:03,5140,SRV-FILE-HQ,i.golan,3,WKS-HQ-22,,,,\\SRV-FILE-HQ\Branches
2026-07-23 09:42:45,4624,SRV-FILE-HQ,u.regev,3,WKS-HQ-28,,,,
2026-07-23 09:42:47,5140,SRV-FILE-HQ,u.regev,3,WKS-HQ-28,,,,\\SRV-FILE-HQ\Marketing
2026-07-23 09:47:47,4624,SRV-FILE-HQ,g.shemesh,3,WKS-HQ-06,,,,
2026-07-23 09:53:13,4624,SRV-FILE-HQ,c.barak,3,WKS-HQ-27,,,,
2026-07-23 10:05:17,4769,SRV-DC-01,m.saban,,WKS-IT-09,http_svc,,,HTTP/web-supplier.northgate.local
2026-07-23 10:06:51,4624,SRV-FILE-HQ,r.avni,3,WKS-HQ-14,,,,
2026-07-23 10:06:53,5140,SRV-FILE-HQ,r.avni,3,WKS-HQ-14,,,,\\SRV-FILE-HQ\Procurement
2026-07-23 10:13:51,4624,SRV-FILE-HQ,r.avni,3,WKS-HQ-14,,,,
2026-07-23 10:28:43,4624,SRV-FILE-HQ,n.barzilai,3,WKS-HQ-04,,,,
2026-07-23 10:31:23,4769,SRV-DC-01,v.harel,,WKS-HQ-24,mssqlsvc_svc,,,MSSQLSvc/srv-posmgt.northgate.local:1433
2026-07-23 10:38:02,4624,SRV-FILE-HQ,m.tal,3,WKS-HQ-18,,,,
2026-07-23 10:40:21,4624,SRV-FILE-HQ,z.amar,3,WKS-HQ-25,,,,
2026-07-23 10:43:01,4769,SRV-DC-01,i.golan,,WKS-HQ-22,cifs_svc,,,CIFS/srv-file-hq.northgate.local
2026-07-23 10:47:23,4769,SRV-DC-01,v.harel,,WKS-HQ-24,mssqlsvc_svc,,,MSSQLSvc/srv-posmgt.northgate.local:1433
2026-07-23 10:49:01,4624,SRV-FILE-HQ,i.golan,3,WKS-HQ-22,,,,
2026-07-23 10:57:45,4624,SRV-DC-01,d.levi,3,WKS-SEC-10,,,,
2026-07-23 10:57:47,5140,SRV-DC-01,d.levi,3,WKS-SEC-10,,,,\\SRV-DC-01\IT
2026-07-23 10:59:09,4769,SRV-DC-01,p.stein,,WKS-HQ-26,http_svc,,,HTTP/web-supplier.northgate.local
2026-07-23 11:05:43,4769,SRV-DC-01,n.barzilai,,WKS-HQ-04,mssqlsvc_svc,,,MSSQLSvc/srv-posmgt.northgate.local:1433
2026-07-23 11:13:12,4624,SRV-CARDPROC,s.arbel,3,WKS-PAY-11,,,,
2026-07-23 11:13:14,5140,SRV-CARDPROC,s.arbel,3,WKS-PAY-11,,,,\\SRV-CARDPROC\Payments
2026-07-23 11:16:47,4624,SRV-FILE-HQ,g.shemesh,3,WKS-HQ-06,,,,
2026-07-23 11:16:49,5140,SRV-FILE-HQ,g.shemesh,3,WKS-HQ-06,,,,\\SRV-FILE-HQ\Finance
2026-07-23 11:18:09,4769,SRV-DC-01,p.stein,,WKS-HQ-26,http_svc,,,HTTP/web-supplier.northgate.local
2026-07-23 11:21:29,4624,SRV-FILE-HQ,r.stern,3,WKS-PAY-02,,,,
2026-07-23 11:27:39,4769,SRV-DC-01,o.raviv,,WKS-HQ-07,mssqlsvc_svc,,,MSSQLSvc/srv-cardproc.northgate.local:1433
2026-07-23 11:57:45,4769,SRV-DC-01,u.regev,,WKS-HQ-28,mssqlsvc_svc,,,MSSQLSvc/srv-cardproc.northgate.local:1433
2026-07-23 11:59:01,4624,SRV-POSMGT,i.golan,3,WKS-HQ-22,,,,
2026-07-23 11:59:03,5140,SRV-POSMGT,i.golan,3,WKS-HQ-22,,,,\\SRV-POSMGT\Branches
2026-07-23 11:59:39,4624,SRV-FILE-HQ,o.raviv,3,WKS-HQ-07,,,,
2026-07-23 11:59:43,4624,SRV-CARDPROC,g.ben-ari,3,WKS-PAY-30,,,,
2026-07-23 12:24:22,4688,WKS-HQ-05,y.oren,,,,teams.exe,teams.exe --system-initiated,
2026-07-23 12:40:47,4624,SRV-FILE-HQ,b.naim,3,WKS-HQ-21,,,,
2026-07-23 12:40:49,5140,SRV-FILE-HQ,b.naim,3,WKS-HQ-21,,,,\\SRV-FILE-HQ\Logistics
2026-07-23 12:41:47,4769,SRV-DC-01,g.shemesh,,WKS-HQ-06,mssqlsvc_svc,,,MSSQLSvc/srv-posmgt.northgate.local:1433
2026-07-23 12:43:09,4624,SRV-FILE-HQ,p.stein,3,WKS-HQ-26,,,,
2026-07-23 12:47:17,4688,WKS-IT-09,m.saban,,,,teams.exe,teams.exe --system-initiated,
2026-07-23 12:51:45,4624,SRV-DC-01,d.levi,3,WKS-SEC-10,,,,
2026-07-23 13:00:01,4624,SRV-POSMGT,i.golan,3,WKS-HQ-22,,,,
2026-07-23 13:00:03,5140,SRV-POSMGT,i.golan,3,WKS-HQ-22,,,,\\SRV-POSMGT\Branches
2026-07-23 13:03:52,4624,SRV-DC-01,e.katz,3,WKS-SEC-03,,,,
2026-07-23 13:07:17,4624,SRV-DC-01,m.saban,3,WKS-IT-09,,,,
2026-07-23 13:09:43,4624,SRV-FILE-HQ,n.barzilai,3,WKS-HQ-04,,,,
2026-07-23 13:09:45,5140,SRV-FILE-HQ,n.barzilai,3,WKS-HQ-04,,,,\\SRV-FILE-HQ\Finance
2026-07-23 13:10:31,4624,SRV-DC-01,a.mizrahi,3,WKS-IT-01,,,,
2026-07-23 13:43:09,4624,SRV-POSMGT,p.stein,3,WKS-HQ-26,,,,
2026-07-23 14:07:43,4624,SRV-FILE-HQ,g.ben-ari,3,WKS-PAY-30,,,,
2026-07-23 14:11:12,4624,SRV-FILE-HQ,s.arbel,3,WKS-PAY-11,,,,
2026-07-23 14:12:05,4769,SRV-DC-01,e.shalom,,WKS-HQ-16,mssqlsvc_svc,,,MSSQLSvc/srv-cardproc.northgate.local:1433
2026-07-23 14:12:16,4624,SRV-DC-01,h.peretz,3,WKS-IT-08,,,,
2026-07-23 14:12:18,5140,SRV-DC-01,h.peretz,3,WKS-IT-08,,,,\\SRV-DC-01\IT
2026-07-23 14:16:21,4624,SRV-DC-01,f.zohar,3,WKS-IT-29,,,,
2026-07-23 14:17:31,4624,SRV-FILE-HQ,a.mizrahi,3,WKS-IT-01,,,,
2026-07-23 14:20:45,4769,SRV-DC-01,d.levi,,WKS-SEC-10,cifs_svc,,,CIFS/srv-file-hq.northgate.local
2026-07-23 14:21:17,4624,SRV-FILE-HQ,m.saban,3,WKS-IT-09,,,,
2026-07-23 14:21:19,5140,SRV-FILE-HQ,m.saban,3,WKS-IT-09,,,,\\SRV-FILE-HQ\IT
2026-07-23 14:26:21,4624,SRV-DC-01,f.zohar,3,WKS-IT-29,,,,
2026-07-23 14:28:16,4769,SRV-DC-01,h.peretz,,WKS-IT-08,cifs_svc,,,CIFS/srv-file-hq.northgate.local
2026-07-23 14:28:22,4769,SRV-DC-01,y.oren,,WKS-HQ-05,mssqlsvc_svc,,,MSSQLSvc/srv-posmgt.northgate.local:1433
2026-07-23 14:33:12,4769,SRV-DC-01,s.arbel,,WKS-PAY-11,cifs_svc,,,CIFS/srv-file-hq.northgate.local
2026-07-23 14:35:02,4769,SRV-DC-01,m.tal,,WKS-HQ-18,cifs_svc,,,CIFS/srv-file-hq.northgate.local
2026-07-23 14:36:09,4769,SRV-DC-01,p.stein,,WKS-HQ-26,mssqlsvc_svc,,,MSSQLSvc/srv-posmgt.northgate.local:1433
2026-07-23 14:42:16,4624,SRV-FILE-HQ,h.peretz,3,WKS-IT-08,,,,
2026-07-23 14:42:18,5140,SRV-FILE-HQ,h.peretz,3,WKS-IT-08,,,,\\SRV-FILE-HQ\IT
2026-07-23 14:43:02,4624,SRV-FILE-HQ,m.tal,3,WKS-HQ-18,,,,
2026-07-23 14:43:04,5140,SRV-FILE-HQ,m.tal,3,WKS-HQ-18,,,,\\SRV-FILE-HQ\HR
2026-07-23 14:45:47,4688,WKS-HQ-06,g.shemesh,,,,chrome.exe,chrome.exe --restore-last-session,
2026-07-23 14:46:40,4624,SRV-FILE-HQ,y.segev,3,WKS-HQ-19,,,,
2026-07-23 14:51:16,4624,SRV-FILE-HQ,h.peretz,3,WKS-IT-08,,,,
2026-07-23 15:00:12,4624,SRV-FILE-HQ,s.arbel,3,WKS-PAY-11,,,,
2026-07-23 15:00:17,4769,SRV-DC-01,m.saban,,WKS-IT-09,cifs_svc,,,CIFS/srv-file-hq.northgate.local
2026-07-23 15:07:45,4624,SRV-FILE-HQ,d.levi,3,WKS-SEC-10,,,,
2026-07-23 15:07:47,5140,SRV-FILE-HQ,d.levi,3,WKS-SEC-10,,,,\\SRV-FILE-HQ\IT
2026-07-23 15:16:21,4688,WKS-IT-29,f.zohar,,,,excel.exe,excel.exe /dde,
2026-07-23 15:16:43,4769,SRV-DC-01,g.ben-ari,,WKS-PAY-30,mssqlsvc_svc,,,MSSQLSvc/srv-cardproc.northgate.local:1433
2026-07-23 15:20:25,4688,WKS-HQ-20,k.oz,,,,winword.exe,winword.exe /w,
2026-07-23 15:21:45,4624,SRV-FILE-HQ,u.regev,3,WKS-HQ-28,,,,
2026-07-23 15:32:17,4624,SRV-DC-01,m.saban,3,WKS-IT-09,,,,
2026-07-23 15:39:40,4624,SRV-FILE-HQ,y.segev,3,WKS-HQ-19,,,,
2026-07-23 15:46:29,4624,SRV-CARDPROC,r.stern,3,WKS-PAY-02,,,,
2026-07-23 15:47:40,4624,SRV-FILE-HQ,y.segev,3,WKS-HQ-19,,,,
2026-07-23 15:54:17,4624,SRV-FILE-HQ,m.saban,3,WKS-IT-09,,,,
2026-07-23 15:54:19,5140,SRV-FILE-HQ,m.saban,3,WKS-IT-09,,,,\\SRV-FILE-HQ\IT
2026-07-23 15:57:02,4624,SRV-FILE-HQ,m.tal,3,WKS-HQ-18,,,,
2026-07-23 15:57:04,5140,SRV-FILE-HQ,m.tal,3,WKS-HQ-18,,,,\\SRV-FILE-HQ\HR
2026-07-23 15:57:06,4769,SRV-DC-01,l.beit,,WKS-HQ-13,mssqlsvc_svc,,,MSSQLSvc/srv-cardproc.northgate.local:1433
2026-07-23 15:58:29,4769,SRV-DC-01,r.stern,,WKS-PAY-02,mssqlsvc_svc,,,MSSQLSvc/srv-cardproc.northgate.local:1433
2026-07-23 16:08:02,4634,WKS-HQ-23,s.mor,2,,,,,
2026-07-23 16:08:37,4634,WKS-HQ-26,p.stein,2,,,,,
2026-07-23 16:14:06,4624,SRV-FILE-HQ,l.beit,3,WKS-HQ-13,,,,
2026-07-23 16:14:08,5140,SRV-FILE-HQ,l.beit,3,WKS-HQ-13,,,,\\SRV-FILE-HQ\Vendors
2026-07-23 16:15:29,4624,SRV-FILE-HQ,r.stern,3,WKS-PAY-02,,,,
2026-07-23 16:15:45,4769,SRV-DC-01,d.levi,,WKS-SEC-10,mssqlsvc_svc,,,MSSQLSvc/srv-cardproc.northgate.local:1433
2026-07-23 16:18:13,4769,SRV-DC-01,c.barak,,WKS-HQ-27,http_svc,,,HTTP/web-supplier.northgate.local
2026-07-23 16:19:13,4624,SRV-FILE-HQ,c.barak,3,WKS-HQ-27,,,,
2026-07-23 16:19:15,5140,SRV-FILE-HQ,c.barak,3,WKS-HQ-27,,,,\\SRV-FILE-HQ\Marketing
2026-07-23 16:23:31,4769,SRV-DC-01,a.mizrahi,,WKS-IT-01,mssqlsvc_svc,,,MSSQLSvc/srv-cardproc.northgate.local:1433
2026-07-23 16:25:06,4624,SRV-FILE-HQ,l.beit,3,WKS-HQ-13,,,,
2026-07-23 16:25:08,5140,SRV-FILE-HQ,l.beit,3,WKS-HQ-13,,,,\\SRV-FILE-HQ\Procurement
2026-07-23 16:27:42,4634,WKS-HQ-22,i.golan,2,,,,,
2026-07-23 16:30:51,4624,SRV-FILE-HQ,r.avni,3,WKS-HQ-14,,,,
2026-07-23 16:30:52,4624,SRV-FILE-HQ,e.katz,3,WKS-SEC-03,,,,
2026-07-23 16:35:51,4634,WKS-HQ-28,u.regev,2,,,,,
2026-07-23 16:39:29,4634,WKS-HQ-24,v.harel,2,,,,,
2026-07-23 16:40:21,4634,WKS-HQ-25,z.amar,2,,,,,
2026-07-23 16:46:23,4634,WKS-HQ-07,o.raviv,2,,,,,
2026-07-23 16:46:27,4634,WKS-HQ-16,e.shalom,2,,,,,
2026-07-23 16:51:48,4634,WKS-IT-29,f.zohar,2,,,,,
2026-07-23 16:55:45,4624,SRV-FILE-HQ,u.regev,3,WKS-HQ-28,,,,
2026-07-23 17:02:54,4634,WKS-PAY-11,s.arbel,2,,,,,
2026-07-23 17:04:39,4634,WKS-HQ-19,y.segev,2,,,,,
2026-07-23 17:17:09,4634,WKS-HQ-13,l.beit,2,,,,,
2026-07-23 17:18:02,4624,SRV-FILE-HQ,m.tal,3,WKS-HQ-18,,,,
2026-07-23 17:18:28,4634,WKS-HQ-21,b.naim,2,,,,,
2026-07-23 17:28:03,4634,WKS-PAY-30,g.ben-ari,2,,,,,
2026-07-23 17:30:17,4624,SRV-FILE-HQ,m.saban,3,WKS-IT-09,,,,
2026-07-23 17:33:04,4634,WKS-PAY-02,r.stern,2,,,,,
2026-07-23 17:33:27,4634,WKS-HQ-18,m.tal,2,,,,,
2026-07-23 17:34:17,4634,WKS-IT-09,m.saban,2,,,,,
2026-07-23 17:57:41,4634,WKS-HQ-27,c.barak,2,,,,,
2026-07-23 17:59:36,4634,WKS-HQ-04,n.barzilai,2,,,,,
2026-07-23 18:04:02,4634,WKS-HQ-20,k.oz,2,,,,,
2026-07-23 18:09:16,4634,WKS-SEC-03,e.katz,2,,,,,
2026-07-23 18:11:11,4634,WKS-HQ-06,g.shemesh,2,,,,,
2026-07-23 18:18:38,4634,WKS-HQ-14,r.avni,2,,,,,
2026-07-23 18:21:24,4634,WKS-IT-01,a.mizrahi,2,,,,,
2026-07-23 18:22:58,4634,WKS-IT-08,h.peretz,2,,,,,
2026-07-23 18:25:38,4634,WKS-SEC-10,d.levi,2,,,,,
2026-07-23 18:30:22,4634,WKS-HQ-05,y.oren,2,,,,,
2026-07-26 07:50:38,4624,WKS-HQ-23,s.mor,2,WKS-HQ-23,,,,
2026-07-26 07:53:46,4624,WKS-HQ-26,p.stein,2,WKS-HQ-26,,,,
2026-07-26 07:54:27,4624,WKS-PAY-02,r.stern,2,WKS-PAY-02,,,,
2026-07-26 07:59:13,4624,WKS-HQ-24,v.harel,2,WKS-HQ-24,,,,
2026-07-26 08:04:15,4624,WKS-PAY-30,g.ben-ari,2,WKS-PAY-30,,,,
2026-07-26 08:08:15,4688,WKS-PAY-30,g.ben-ari,,,,teams.exe,teams.exe --system-initiated,
2026-07-26 08:12:01,4624,WKS-SEC-03,e.katz,2,WKS-SEC-03,,,,
2026-07-26 08:13:43,4624,WKS-PAY-11,s.arbel,2,WKS-PAY-11,,,,
2026-07-26 08:15:37,4624,WKS-PAY-12,t.hadar,2,WKS-PAY-12,,,,
2026-07-26 08:19:46,4624,WKS-HQ-16,e.shalom,2,WKS-HQ-16,,,,
2026-07-26 08:27:06,4624,WKS-IT-01,a.mizrahi,2,WKS-IT-01,,,,
2026-07-26 08:27:07,4672,WKS-IT-01,a.mizrahi,2,,,,,
2026-07-26 08:28:51,4624,WKS-HQ-20,k.oz,2,WKS-HQ-20,,,,
2026-07-26 08:30:18,4624,WKS-HQ-19,y.segev,2,WKS-HQ-19,,,,
2026-07-26 08:30:38,4624,WKS-HQ-14,r.avni,2,WKS-HQ-14,,,,
2026-07-26 08:31:23,4624,WKS-IT-09,m.saban,2,WKS-IT-09,,,,
2026-07-26 08:41:17,4624,WKS-HQ-17,a.dahan,2,WKS-HQ-17,,,,
2026-07-26 08:41:27,4624,SRV-FILE-HQ,r.stern,3,WKS-PAY-02,,,,
2026-07-26 08:46:38,4769,SRV-DC-01,r.avni,,WKS-HQ-14,cifs_svc,,,CIFS/srv-file-hq.northgate.local
2026-07-26 08:51:18,4688,WKS-HQ-19,y.segev,,,,teams.exe,teams.exe --system-initiated,
2026-07-26 08:52:11,4624,WKS-HQ-13,l.beit,2,WKS-HQ-13,,,,
2026-07-26 08:54:11,4624,WKS-HQ-27,c.barak,2,WKS-HQ-27,,,,
2026-07-26 08:55:18,4769,SRV-DC-01,y.segev,,WKS-HQ-19,mssqlsvc_svc,,,MSSQLSvc/srv-posmgt.northgate.local:1433
2026-07-26 08:56:20,4624,WKS-HQ-21,b.naim,2,WKS-HQ-21,,,,
2026-07-26 09:00:57,4624,WKS-IT-08,h.peretz,2,WKS-IT-08,,,,
2026-07-26 09:01:04,4624,WKS-HQ-05,y.oren,2,WKS-HQ-05,,,,
2026-07-26 09:09:03,4624,WKS-HQ-18,m.tal,2,WKS-HQ-18,,,,
2026-07-26 09:12:52,4624,WKS-IT-29,f.zohar,2,WKS-IT-29,,,,
2026-07-26 09:15:49,4624,WKS-HQ-06,g.shemesh,2,WKS-HQ-06,,,,
2026-07-26 09:18:26,4624,WKS-SEC-10,d.levi,2,WKS-SEC-10,,,,
2026-07-26 09:26:03,4624,SRV-FILE-HQ,m.tal,3,WKS-HQ-18,,,,
2026-07-26 09:26:57,4769,SRV-DC-01,h.peretz,,WKS-IT-08,mssqlsvc_svc,,,MSSQLSvc/srv-posmgt.northgate.local:1433
2026-07-26 09:30:44,4624,WKS-HQ-07,o.raviv,2,WKS-HQ-07,,,,
2026-07-26 09:37:57,4624,SRV-FILE-HQ,h.peretz,3,WKS-IT-08,,,,
2026-07-26 09:39:44,4624,SRV-FILE-HQ,o.raviv,3,WKS-HQ-07,,,,
2026-07-26 09:40:15,4625,WKS-HQ-15,n.hazan,2,WKS-HQ-15,,,,
2026-07-26 09:43:42,4624,WKS-HQ-15,n.hazan,2,WKS-HQ-15,,,,
2026-07-26 09:46:38,4624,SRV-FILE-HQ,r.avni,3,WKS-HQ-14,,,,
2026-07-26 09:47:11,4624,SRV-FILE-HQ,c.barak,3,WKS-HQ-27,,,,
2026-07-26 09:47:13,5140,SRV-FILE-HQ,c.barak,3,WKS-HQ-27,,,,\\SRV-FILE-HQ\Marketing
2026-07-26 09:52:01,4688,WKS-SEC-03,e.katz,,,,winword.exe,winword.exe /w,
2026-07-26 10:00:17,4769,SRV-DC-01,a.dahan,,WKS-HQ-17,http_svc,,,HTTP/web-supplier.northgate.local
2026-07-26 10:22:23,4624,SRV-FILE-HQ,m.saban,3,WKS-IT-09,,,,
2026-07-26 10:25:38,4624,SRV-POSMGT,s.mor,3,WKS-HQ-23,,,,
2026-07-26 10:32:44,4624,SRV-FILE-HQ,o.raviv,3,WKS-HQ-07,,,,
2026-07-26 10:41:20,4624,SRV-FILE-HQ,b.naim,3,WKS-HQ-21,,,,
2026-07-26 10:41:22,5140,SRV-FILE-HQ,b.naim,3,WKS-HQ-21,,,,\\SRV-FILE-HQ\Logistics
2026-07-26 10:47:46,4769,SRV-DC-01,e.shalom,,WKS-HQ-16,mssqlsvc_svc,,,MSSQLSvc/srv-posmgt.northgate.local:1433
2026-07-26 10:49:06,4769,SRV-DC-01,a.mizrahi,,WKS-IT-01,cifs_svc,,,CIFS/srv-file-hq.northgate.local
2026-07-26 10:58:44,4769,SRV-DC-01,o.raviv,,WKS-HQ-07,http_svc,,,HTTP/web-supplier.northgate.local
2026-07-26 11:10:42,4624,SRV-FILE-HQ,n.hazan,3,WKS-HQ-15,,,,
2026-07-26 11:18:17,4624,SRV-FILE-HQ,a.dahan,3,WKS-HQ-17,,,,
2026-07-26 11:24:13,4624,SRV-POSMGT,v.harel,3,WKS-HQ-24,,,,
2026-07-26 11:24:15,5140,SRV-POSMGT,v.harel,3,WKS-HQ-24,,,,\\SRV-POSMGT\Branches
2026-07-26 11:29:18,4769,SRV-DC-01,y.segev,,WKS-HQ-19,http_svc,,,HTTP/web-supplier.northgate.local
2026-07-26 11:34:18,4624,SRV-FILE-HQ,y.segev,3,WKS-HQ-19,,,,
2026-07-26 11:37:43,4769,SRV-DC-01,s.arbel,,WKS-PAY-11,http_svc,,,HTTP/web-supplier.northgate.local
2026-07-26 11:37:46,4624,SRV-POSMGT,p.stein,3,WKS-HQ-26,,,,
2026-07-26 11:44:01,4624,SRV-DC-01,e.katz,3,WKS-SEC-03,,,,
2026-07-26 11:44:03,5140,SRV-DC-01,e.katz,3,WKS-SEC-03,,,,\\SRV-DC-01\IT
2026-07-26 11:44:13,4624,SRV-FILE-HQ,v.harel,3,WKS-HQ-24,,,,
2026-07-26 11:44:15,5140,SRV-FILE-HQ,v.harel,3,WKS-HQ-24,,,,\\SRV-FILE-HQ\Branches
2026-07-26 11:46:11,4624,SRV-FILE-HQ,c.barak,3,WKS-HQ-27,,,,
2026-07-26 11:46:27,4624,SRV-CARDPROC,r.stern,3,WKS-PAY-02,,,,
2026-07-26 11:46:29,5140,SRV-CARDPROC,r.stern,3,WKS-PAY-02,,,,\\SRV-CARDPROC\Payments
2026-07-26 11:49:44,4624,SRV-FILE-HQ,o.raviv,3,WKS-HQ-07,,,,
2026-07-26 11:49:46,5140,SRV-FILE-HQ,o.raviv,3,WKS-HQ-07,,,,\\SRV-FILE-HQ\Finance
2026-07-26 11:53:43,4624,SRV-FILE-HQ,s.arbel,3,WKS-PAY-11,,,,
2026-07-26 12:01:04,4769,SRV-DC-01,y.oren,,WKS-HQ-05,cifs_svc,,,CIFS/srv-file-hq.northgate.local
2026-07-26 12:07:37,4624,SRV-FILE-HQ,t.hadar,3,WKS-PAY-12,,,,
2026-07-26 12:07:39,5140,SRV-FILE-HQ,t.hadar,3,WKS-PAY-12,,,,\\SRV-FILE-HQ\Payments
2026-07-26 12:12:11,4624,SRV-FILE-HQ,l.beit,3,WKS-HQ-13,,,,
2026-07-26 12:15:13,4688,WKS-HQ-24,v.harel,,,,outlook.exe,outlook.exe /recycle,
2026-07-26 12:15:52,4624,SRV-FILE-HQ,f.zohar,3,WKS-IT-29,,,,
2026-07-26 12:17:37,4769,SRV-DC-01,t.hadar,,WKS-PAY-12,mssqlsvc_svc,,,MSSQLSvc/srv-cardproc.northgate.local:1433
2026-07-26 12:22:37,4769,SRV-DC-01,t.hadar,,WKS-PAY-12,mssqlsvc_svc,,,MSSQLSvc/srv-posmgt.northgate.local:1433
2026-07-26 12:23:43,4624,SRV-CARDPROC,s.arbel,3,WKS-PAY-11,,,,
2026-07-26 12:23:45,5140,SRV-CARDPROC,s.arbel,3,WKS-PAY-11,,,,\\SRV-CARDPROC\Payments
2026-07-26 12:25:23,4769,SRV-DC-01,m.saban,,WKS-IT-09,cifs_svc,,,CIFS/srv-file-hq.northgate.local
2026-07-26 12:34:38,4688,WKS-HQ-23,s.mor,,,,excel.exe,excel.exe /dde,
2026-07-26 12:38:11,4624,SRV-FILE-HQ,l.beit,3,WKS-HQ-13,,,,
2026-07-26 12:40:46,4769,SRV-DC-01,p.stein,,WKS-HQ-26,http_svc,,,HTTP/web-supplier.northgate.local
2026-07-26 12:42:38,4624,SRV-POSMGT,s.mor,3,WKS-HQ-23,,,,
2026-07-26 12:42:40,5140,SRV-POSMGT,s.mor,3,WKS-HQ-23,,,,\\SRV-POSMGT\Branches
2026-07-26 12:55:20,4769,SRV-DC-01,b.naim,,WKS-HQ-21,http_svc,,,HTTP/web-supplier.northgate.local
2026-07-26 12:56:01,4769,SRV-DC-01,e.katz,,WKS-SEC-03,mssqlsvc_svc,,,MSSQLSvc/srv-cardproc.northgate.local:1433
2026-07-26 12:56:04,4624,SRV-FILE-HQ,y.oren,3,WKS-HQ-05,,,,
2026-07-26 12:58:15,4769,SRV-DC-01,g.ben-ari,,WKS-PAY-30,http_svc,,,HTTP/web-supplier.northgate.local
2026-07-26 12:59:06,4624,SRV-DC-01,a.mizrahi,3,WKS-IT-01,,,,
2026-07-26 12:59:08,5140,SRV-DC-01,a.mizrahi,3,WKS-IT-01,,,,\\SRV-DC-01\IT
2026-07-26 13:00:52,4688,WKS-IT-29,f.zohar,,,,winword.exe,winword.exe /w,
2026-07-26 13:02:13,4624,SRV-FILE-HQ,v.harel,3,WKS-HQ-24,,,,
2026-07-26 13:02:38,4769,SRV-DC-01,s.mor,,WKS-HQ-23,http_svc,,,HTTP/web-supplier.northgate.local
2026-07-26 13:03:23,4624,SRV-FILE-HQ,m.saban,3,WKS-IT-09,,,,
2026-07-26 13:03:25,5140,SRV-FILE-HQ,m.saban,3,WKS-IT-09,,,,\\SRV-FILE-HQ\IT
2026-07-26 13:13:03,4688,WKS-HQ-18,m.tal,,,,outlook.exe,outlook.exe /recycle,
2026-07-26 13:24:37,4769,SRV-DC-01,t.hadar,,WKS-PAY-12,cifs_svc,,,CIFS/srv-file-hq.northgate.local
2026-07-26 13:27:51,4624,SRV-FILE-HQ,k.oz,3,WKS-HQ-20,,,,
2026-07-26 13:28:42,4624,SRV-FILE-HQ,n.hazan,3,WKS-HQ-15,,,,
2026-07-26 13:28:44,5140,SRV-FILE-HQ,n.hazan,3,WKS-HQ-15,,,,\\SRV-FILE-HQ\Finance
2026-07-26 13:31:13,4769,SRV-DC-01,v.harel,,WKS-HQ-24,cifs_svc,,,CIFS/srv-file-hq.northgate.local
2026-07-26 13:31:26,4769,SRV-DC-01,d.levi,,WKS-SEC-10,mssqlsvc_svc,,,MSSQLSvc/srv-cardproc.northgate.local:1433
2026-07-26 13:33:27,4624,SRV-FILE-HQ,r.stern,3,WKS-PAY-02,,,,
2026-07-26 13:35:17,4769,SRV-DC-01,a.dahan,,WKS-HQ-17,mssqlsvc_svc,,,MSSQLSvc/srv-posmgt.northgate.local:1433
2026-07-26 13:54:46,4769,SRV-DC-01,p.stein,,WKS-HQ-26,mssqlsvc_svc,,,MSSQLSvc/srv-cardproc.northgate.local:1433
2026-07-26 13:55:26,4624,SRV-DC-01,d.levi,3,WKS-SEC-10,,,,
2026-07-26 14:02:23,4624,SRV-FILE-HQ,m.saban,3,WKS-IT-09,,,,
2026-07-26 14:09:18,4624,SRV-FILE-HQ,y.segev,3,WKS-HQ-19,,,,
2026-07-26 14:15:23,4624,SRV-FILE-HQ,m.saban,3,WKS-IT-09,,,,
2026-07-26 14:21:17,4624,SRV-FILE-HQ,a.dahan,3,WKS-HQ-17,,,,
2026-07-26 14:21:19,5140,SRV-FILE-HQ,a.dahan,3,WKS-HQ-17,,,,\\SRV-FILE-HQ\HR
2026-07-26 14:22:11,4769,SRV-DC-01,c.barak,,WKS-HQ-27,cifs_svc,,,CIFS/srv-file-hq.northgate.local
2026-07-26 14:31:42,4624,SRV-FILE-HQ,n.hazan,3,WKS-HQ-15,,,,
2026-07-26 14:31:44,5140,SRV-FILE-HQ,n.hazan,3,WKS-HQ-15,,,,\\SRV-FILE-HQ\Finance
2026-07-26 14:35:11,4769,SRV-DC-01,l.beit,,WKS-HQ-13,cifs_svc,,,CIFS/srv-file-hq.northgate.local
2026-07-26 14:35:51,4769,SRV-DC-01,k.oz,,WKS-HQ-20,mssqlsvc_svc,,,MSSQLSvc/srv-cardproc.northgate.local:1433
2026-07-26 14:38:46,4624,SRV-FILE-HQ,e.shalom,3,WKS-HQ-16,,,,
2026-07-26 14:46:43,4624,SRV-FILE-HQ,s.arbel,3,WKS-PAY-11,,,,
2026-07-26 14:48:43,4624,SRV-CARDPROC,s.arbel,3,WKS-PAY-11,,,,
2026-07-26 14:51:44,4769,SRV-DC-01,o.raviv,,WKS-HQ-07,mssqlsvc_svc,,,MSSQLSvc/srv-posmgt.northgate.local:1433
2026-07-26 14:56:57,4769,SRV-DC-01,h.peretz,,WKS-IT-08,cifs_svc,,,CIFS/srv-file-hq.northgate.local
2026-07-26 14:58:06,4769,SRV-DC-01,a.mizrahi,,WKS-IT-01,http_svc,,,HTTP/web-supplier.northgate.local
2026-07-26 15:02:46,4624,SRV-POSMGT,p.stein,3,WKS-HQ-26,,,,
2026-07-26 15:03:03,4769,SRV-DC-01,m.tal,,WKS-HQ-18,cifs_svc,,,CIFS/srv-file-hq.northgate.local
2026-07-26 15:11:42,4769,SRV-DC-01,n.hazan,,WKS-HQ-15,mssqlsvc_svc,,,MSSQLSvc/srv-posmgt.northgate.local:1433
2026-07-26 15:23:15,4624,SRV-FILE-HQ,g.ben-ari,3,WKS-PAY-30,,,,
2026-07-26 15:45:57,4624,SRV-DC-01,h.peretz,3,WKS-IT-08,,,,
2026-07-26 15:45:59,5140,SRV-DC-01,h.peretz,3,WKS-IT-08,,,,\\SRV-DC-01\IT
2026-07-26 15:46:26,4624,SRV-FILE-HQ,d.levi,3,WKS-SEC-10,,,,
2026-07-26 15:49:11,4769,SRV-DC-01,c.barak,,WKS-HQ-27,http_svc,,,HTTP/web-supplier.northgate.local
2026-07-26 15:50:46,4624,SRV-FILE-HQ,p.stein,3,WKS-HQ-26,,,,
2026-07-26 16:16:59,4634,WKS-PAY-30,g.ben-ari,2,,,,,
2026-07-26 16:19:43,4769,SRV-DC-01,s.arbel,,WKS-PAY-11,mssqlsvc_svc,,,MSSQLSvc/srv-cardproc.northgate.local:1433
2026-07-26 16:26:38,4624,SRV-FILE-HQ,r.avni,3,WKS-HQ-14,,,,
2026-07-26 16:32:54,4634,WKS-PAY-11,s.arbel,2,,,,,
2026-07-26 16:35:23,4769,SRV-DC-01,m.saban,,WKS-IT-09,cifs_svc,,,CIFS/srv-file-hq.northgate.local
2026-07-26 16:36:26,4769,SRV-DC-01,d.levi,,WKS-SEC-10,cifs_svc,,,CIFS/srv-file-hq.northgate.local
2026-07-26 16:39:10,4634,WKS-HQ-19,y.segev,2,,,,,
2026-07-26 16:51:50,4634,WKS-HQ-24,v.harel,2,,,,,
2026-07-26 16:54:04,4769,SRV-DC-01,y.oren,,WKS-HQ-05,cifs_svc,,,CIFS/srv-file-hq.northgate.local
2026-07-26 16:54:51,4624,SRV-FILE-HQ,k.oz,3,WKS-HQ-20,,,,
2026-07-26 16:55:26,4634,WKS-IT-09,m.saban,2,,,,,
2026-07-26 16:57:04,4624,SRV-FILE-HQ,y.oren,3,WKS-HQ-05,,,,
2026-07-26 17:07:52,4634,WKS-PAY-02,r.stern,2,,,,,
2026-07-26 17:09:32,4634,WKS-IT-08,h.peretz,2,,,,,
2026-07-26 17:11:44,4634,WKS-HQ-14,r.avni,2,,,,,
2026-07-26 17:24:38,4634,WKS-PAY-12,t.hadar,2,,,,,
2026-07-26 17:24:58,4634,WKS-SEC-10,d.levi,2,,,,,
2026-07-26 17:26:27,4634,WKS-HQ-26,p.stein,2,,,,,
2026-07-26 17:37:15,4634,WKS-HQ-27,c.barak,2,,,,,
2026-07-26 17:47:02,4634,WKS-HQ-23,s.mor,2,,,,,
2026-07-26 17:53:42,4769,SRV-DC-01,n.hazan,,WKS-HQ-15,mssqlsvc_svc,,,MSSQLSvc/srv-cardproc.northgate.local:1433
2026-07-26 17:54:09,4634,WKS-IT-01,a.mizrahi,2,,,,,
2026-07-26 17:57:36,4634,WKS-HQ-13,l.beit,2,,,,,
2026-07-26 18:03:15,4634,WKS-HQ-21,b.naim,2,,,,,
2026-07-26 18:03:23,4634,WKS-HQ-07,o.raviv,2,,,,,
2026-07-26 18:06:21,4634,WKS-HQ-05,y.oren,2,,,,,
2026-07-26 18:10:02,4634,WKS-IT-29,f.zohar,2,,,,,
2026-07-26 18:13:16,4634,WKS-HQ-16,e.shalom,2,,,,,
2026-07-26 18:30:01,4634,WKS-SEC-03,e.katz,2,,,,,
2026-07-26 18:34:24,4634,WKS-HQ-15,n.hazan,2,,,,,
2026-07-26 18:37:08,4634,WKS-HQ-18,m.tal,2,,,,,
2026-07-26 18:52:51,4634,WKS-HQ-20,k.oz,2,,,,,
2026-07-26 18:58:18,4634,WKS-HQ-06,g.shemesh,2,,,,,
2026-07-26 19:04:55,4634,WKS-HQ-17,a.dahan,2,,,,,
2026-07-27 06:44:33,4624,WKS-HQ-25,z.amar,2,WKS-HQ-25,,,,
2026-07-27 07:13:33,4769,SRV-DC-01,z.amar,,WKS-HQ-25,cifs_svc,,,CIFS/srv-file-hq.northgate.local
2026-07-27 07:19:12,4624,WKS-HQ-23,s.mor,2,WKS-HQ-23,,,,
2026-07-27 07:40:24,4624,WKS-HQ-26,p.stein,2,WKS-HQ-26,,,,
2026-07-27 07:46:36,4624,WKS-HQ-22,i.golan,2,WKS-HQ-22,,,,
2026-07-27 07:52:37,4624,WKS-HQ-24,v.harel,2,WKS-HQ-24,,,,
2026-07-27 07:59:36,4624,SRV-POSMGT,i.golan,3,WKS-HQ-22,,,,
2026-07-27 08:02:06,4624,WKS-IT-29,f.zohar,2,WKS-IT-29,,,,
2026-07-27 08:02:14,4624,WKS-IT-01,a.mizrahi,2,WKS-IT-01,,,,
2026-07-27 08:02:15,4672,WKS-IT-01,a.mizrahi,2,,,,,
2026-07-27 08:02:58,4624,WKS-HQ-14,r.avni,2,WKS-HQ-14,,,,
2026-07-27 08:09:43,4624,WKS-PAY-02,r.stern,2,WKS-PAY-02,,,,
2026-07-27 08:13:16,4624,WKS-PAY-11,s.arbel,2,WKS-PAY-11,,,,
2026-07-27 08:13:33,4624,SRV-POSMGT,z.amar,3,WKS-HQ-25,,,,
2026-07-27 08:13:52,4624,WKS-PAY-30,g.ben-ari,2,WKS-PAY-30,,,,
2026-07-27 08:14:12,4624,SRV-FILE-HQ,s.mor,3,WKS-HQ-23,,,,
2026-07-27 08:14:14,5140,SRV-FILE-HQ,s.mor,3,WKS-HQ-23,,,,\\SRV-FILE-HQ\Branches
2026-07-27 08:14:47,4624,WKS-HQ-16,e.shalom,2,WKS-HQ-16,,,,
2026-07-27 08:15:58,4624,WKS-IT-09,m.saban,2,WKS-IT-09,,,,
2026-07-27 08:17:06,4624,SRV-FILE-HQ,f.zohar,3,WKS-IT-29,,,,
2026-07-27 08:17:08,5140,SRV-FILE-HQ,f.zohar,3,WKS-IT-29,,,,\\SRV-FILE-HQ\IT
2026-07-27 08:22:43,4769,SRV-DC-01,r.stern,,WKS-PAY-02,mssqlsvc_svc,,,MSSQLSvc/srv-posmgt.northgate.local:1433
2026-07-27 08:24:33,4624,WKS-HQ-04,n.barzilai,2,WKS-HQ-04,,,,
2026-07-27 08:24:46,4624,WKS-HQ-06,g.shemesh,2,WKS-HQ-06,,,,
2026-07-27 08:25:08,4624,WKS-SEC-03,e.katz,2,WKS-SEC-03,,,,
2026-07-27 08:25:14,4769,SRV-DC-01,a.mizrahi,,WKS-IT-01,http_svc,,,HTTP/web-supplier.northgate.local
2026-07-27 08:28:37,4624,WKS-PAY-12,t.hadar,2,WKS-PAY-12,,,,
2026-07-27 08:30:59,4624,WKS-HQ-19,y.segev,2,WKS-HQ-19,,,,
2026-07-27 08:31:24,4769,SRV-DC-01,p.stein,,WKS-HQ-26,cifs_svc,,,CIFS/srv-file-hq.northgate.local
2026-07-27 08:32:16,4769,SRV-DC-01,s.arbel,,WKS-PAY-11,cifs_svc,,,CIFS/srv-file-hq.northgate.local
2026-07-27 08:33:12,4624,WKS-HQ-20,k.oz,2,WKS-HQ-20,,,,
2026-07-27 08:34:46,4769,SRV-DC-01,g.shemesh,,WKS-HQ-06,mssqlsvc_svc,,,MSSQLSvc/srv-posmgt.northgate.local:1433
2026-07-27 08:40:42,4624,WKS-HQ-05,y.oren,2,WKS-HQ-05,,,,
2026-07-27 08:44:40,4624,WKS-HQ-21,b.naim,2,WKS-HQ-21,,,,
2026-07-27 08:46:56,4624,WKS-HQ-27,c.barak,2,WKS-HQ-27,,,,
2026-07-27 08:47:29,4624,WKS-HQ-13,l.beit,2,WKS-HQ-13,,,,
2026-07-27 08:49:16,4624,WKS-HQ-07,o.raviv,2,WKS-HQ-07,,,,
2026-07-27 08:53:42,4769,SRV-DC-01,y.oren,,WKS-HQ-05,mssqlsvc_svc,,,MSSQLSvc/srv-cardproc.northgate.local:1433
2026-07-27 08:54:39,4624,WKS-HQ-28,u.regev,2,WKS-HQ-28,,,,
2026-07-27 09:01:14,4624,WKS-HQ-15,n.hazan,2,WKS-HQ-15,,,,
2026-07-27 09:03:42,4624,SRV-FILE-HQ,y.oren,3,WKS-HQ-05,,,,
2026-07-27 09:08:05,4624,WKS-SEC-10,d.levi,2,WKS-SEC-10,,,,
2026-07-27 09:08:09,4624,WKS-HQ-17,a.dahan,2,WKS-HQ-17,,,,
2026-07-27 09:11:58,4769,SRV-DC-01,m.saban,,WKS-IT-09,cifs_svc,,,CIFS/srv-file-hq.northgate.local
2026-07-27 09:12:33,4624,SRV-FILE-HQ,n.barzilai,3,WKS-HQ-04,,,,
2026-07-27 09:12:35,5140,SRV-FILE-HQ,n.barzilai,3,WKS-HQ-04,,,,\\SRV-FILE-HQ\Finance
2026-07-27 09:12:57,4624,WKS-HQ-18,m.tal,2,WKS-HQ-18,,,,
2026-07-27 09:14:42,4769,SRV-DC-01,y.oren,,WKS-HQ-05,cifs_svc,,,CIFS/srv-file-hq.northgate.local
2026-07-27 09:29:56,4624,SRV-FILE-HQ,c.barak,3,WKS-HQ-27,,,,
2026-07-27 09:31:12,4769,SRV-DC-01,s.mor,,WKS-HQ-23,http_svc,,,HTTP/web-supplier.northgate.local
2026-07-27 09:50:16,4769,SRV-DC-01,s.arbel,,WKS-PAY-11,cifs_svc,,,CIFS/srv-file-hq.northgate.local
2026-07-27 09:56:05,4624,SRV-FILE-HQ,d.levi,3,WKS-SEC-10,,,,
2026-07-27 09:57:46,4624,SRV-FILE-HQ,g.shemesh,3,WKS-HQ-06,,,,
2026-07-27 10:02:42,4688,WKS-HQ-05,y.oren,,,,winword.exe,winword.exe /w,
2026-07-27 10:10:58,4624,SRV-FILE-HQ,r.avni,3,WKS-HQ-14,,,,
2026-07-27 10:11:00,5140,SRV-FILE-HQ,r.avni,3,WKS-HQ-14,,,,\\SRV-FILE-HQ\Procurement
2026-07-27 10:18:37,4769,SRV-DC-01,v.harel,,WKS-HQ-24,cifs_svc,,,CIFS/srv-file-hq.northgate.local
2026-07-27 10:24:36,4624,SRV-POSMGT,i.golan,3,WKS-HQ-22,,,,
2026-07-27 10:24:38,5140,SRV-POSMGT,i.golan,3,WKS-HQ-22,,,,\\SRV-POSMGT\Branches
2026-07-27 10:28:59,4624,SRV-FILE-HQ,y.segev,3,WKS-HQ-19,,,,
2026-07-27 10:37:36,4624,SRV-FILE-HQ,i.golan,3,WKS-HQ-22,,,,
2026-07-27 10:39:05,4769,SRV-DC-01,d.levi,,WKS-SEC-10,mssqlsvc_svc,,,MSSQLSvc/srv-posmgt.northgate.local:1433
2026-07-27 10:39:33,4624,SRV-FILE-HQ,n.barzilai,3,WKS-HQ-04,,,,
2026-07-27 10:39:35,5140,SRV-FILE-HQ,n.barzilai,3,WKS-HQ-04,,,,\\SRV-FILE-HQ\Finance
2026-07-27 10:40:14,4624,SRV-FILE-HQ,n.hazan,3,WKS-HQ-15,,,,
2026-07-27 10:40:16,5140,SRV-FILE-HQ,n.hazan,3,WKS-HQ-15,,,,\\SRV-FILE-HQ\Finance
2026-07-27 10:50:37,4769,SRV-DC-01,v.harel,,WKS-HQ-24,http_svc,,,HTTP/web-supplier.northgate.local
2026-07-27 10:55:16,4624,SRV-FILE-HQ,s.arbel,3,WKS-PAY-11,,,,
2026-07-27 10:58:37,4624,SRV-FILE-HQ,v.harel,3,WKS-HQ-24,,,,
2026-07-27 11:00:33,4624,SRV-POSMGT,z.amar,3,WKS-HQ-25,,,,
2026-07-27 11:05:47,4624,SRV-FILE-HQ,e.shalom,3,WKS-HQ-16,,,,
2026-07-27 11:07:05,4769,SRV-DC-01,d.levi,,WKS-SEC-10,mssqlsvc_svc,,,MSSQLSvc/srv-posmgt.northgate.local:1433
2026-07-27 11:07:29,4769,SRV-DC-01,l.beit,,WKS-HQ-13,http_svc,,,HTTP/web-supplier.northgate.local
2026-07-27 11:16:47,4769,SRV-DC-01,e.shalom,,WKS-HQ-16,mssqlsvc_svc,,,MSSQLSvc/srv-posmgt.northgate.local:1433
2026-07-27 11:38:37,4769,SRV-DC-01,t.hadar,,WKS-PAY-12,http_svc,,,HTTP/web-supplier.northgate.local
2026-07-27 11:42:12,4769,SRV-DC-01,k.oz,,WKS-HQ-20,http_svc,,,HTTP/web-supplier.northgate.local
2026-07-27 11:49:24,4624,SRV-POSMGT,p.stein,3,WKS-HQ-26,,,,
2026-07-27 11:49:26,5140,SRV-POSMGT,p.stein,3,WKS-HQ-26,,,,\\SRV-POSMGT\Branches
2026-07-27 11:52:08,4624,SRV-FILE-HQ,e.katz,3,WKS-SEC-03,,,,
2026-07-27 11:59:37,4624,SRV-POSMGT,v.harel,3,WKS-HQ-24,,,,
2026-07-27 12:07:52,4624,SRV-FILE-HQ,g.ben-ari,3,WKS-PAY-30,,,,
2026-07-27 12:07:54,5140,SRV-FILE-HQ,g.ben-ari,3,WKS-PAY-30,,,,\\SRV-FILE-HQ\Payments
2026-07-27 12:09:56,4624,SRV-FILE-HQ,c.barak,3,WKS-HQ-27,,,,
2026-07-27 12:10:37,4624,SRV-FILE-HQ,t.hadar,3,WKS-PAY-12,,,,
2026-07-27 12:10:39,5140,SRV-FILE-HQ,t.hadar,3,WKS-PAY-12,,,,\\SRV-FILE-HQ\Payments
2026-07-27 12:17:33,4624,SRV-FILE-HQ,n.barzilai,3,WKS-HQ-04,,,,
2026-07-27 12:18:52,4769,SRV-DC-01,g.ben-ari,,WKS-PAY-30,mssqlsvc_svc,,,MSSQLSvc/srv-cardproc.northgate.local:1433
2026-07-27 12:19:46,4624,SRV-FILE-HQ,g.shemesh,3,WKS-HQ-06,,,,
2026-07-27 12:24:05,4624,SRV-FILE-HQ,d.levi,3,WKS-SEC-10,,,,
2026-07-27 12:25:36,4624,SRV-FILE-HQ,i.golan,3,WKS-HQ-22,,,,
2026-07-27 12:29:37,4624,SRV-FILE-HQ,v.harel,3,WKS-HQ-24,,,,
2026-07-27 12:29:39,5140,SRV-FILE-HQ,v.harel,3,WKS-HQ-24,,,,\\SRV-FILE-HQ\Branches
2026-07-27 12:31:59,4769,SRV-DC-01,y.segev,,WKS-HQ-19,mssqlsvc_svc,,,MSSQLSvc/srv-cardproc.northgate.local:1433
2026-07-27 12:32:29,4688,WKS-HQ-13,l.beit,,,,chrome.exe,chrome.exe --restore-last-session,
2026-07-27 12:33:33,4624,SRV-FILE-HQ,z.amar,3,WKS-HQ-25,,,,
2026-07-27 12:33:35,5140,SRV-FILE-HQ,z.amar,3,WKS-HQ-25,,,,\\SRV-FILE-HQ\Branches
2026-07-27 12:35:47,4769,SRV-DC-01,e.shalom,,WKS-HQ-16,mssqlsvc_svc,,,MSSQLSvc/srv-cardproc.northgate.local:1433
2026-07-27 12:41:58,4688,WKS-IT-09,m.saban,,,,excel.exe,excel.exe /dde,
2026-07-27 12:49:40,4624,SRV-FILE-HQ,b.naim,3,WKS-HQ-21,,,,
2026-07-27 12:50:09,4688,WKS-HQ-17,a.dahan,,,,chrome.exe,chrome.exe --restore-last-session,
2026-07-27 12:58:58,4624,SRV-FILE-HQ,r.avni,3,WKS-HQ-14,,,,
2026-07-27 12:59:00,5140,SRV-FILE-HQ,r.avni,3,WKS-HQ-14,,,,\\SRV-FILE-HQ\Procurement
2026-07-27 13:08:09,4769,SRV-DC-01,a.dahan,,WKS-HQ-17,mssqlsvc_svc,,,MSSQLSvc/srv-posmgt.northgate.local:1433
2026-07-27 13:08:29,4624,SRV-FILE-HQ,l.beit,3,WKS-HQ-13,,,,
2026-07-27 13:18:14,4769,SRV-DC-01,n.hazan,,WKS-HQ-15,cifs_svc,,,CIFS/srv-file-hq.northgate.local
2026-07-27 13:27:16,4624,SRV-FILE-HQ,o.raviv,3,WKS-HQ-07,,,,
2026-07-27 13:27:37,4769,SRV-DC-01,t.hadar,,WKS-PAY-12,mssqlsvc_svc,,,MSSQLSvc/srv-cardproc.northgate.local:1433
2026-07-27 13:32:58,4624,SRV-FILE-HQ,m.saban,3,WKS-IT-09,,,,
2026-07-27 13:34:09,4769,SRV-DC-01,a.dahan,,WKS-HQ-17,cifs_svc,,,CIFS/srv-file-hq.northgate.local
2026-07-27 13:48:29,4624,SRV-FILE-HQ,l.beit,3,WKS-HQ-13,,,,
2026-07-27 13:49:16,4769,SRV-DC-01,o.raviv,,WKS-HQ-07,mssqlsvc_svc,,,MSSQLSvc/srv-cardproc.northgate.local:1433
2026-07-27 13:52:24,4624,SRV-POSMGT,p.stein,3,WKS-HQ-26,,,,
2026-07-27 13:56:59,4688,WKS-HQ-19,y.segev,,,,chrome.exe,chrome.exe --restore-last-session,
2026-07-27 14:03:57,4624,SRV-FILE-HQ,m.tal,3,WKS-HQ-18,,,,
2026-07-27 14:03:59,5140,SRV-FILE-HQ,m.tal,3,WKS-HQ-18,,,,\\SRV-FILE-HQ\HR
2026-07-27 14:14:39,4624,SRV-FILE-HQ,u.regev,3,WKS-HQ-28,,,,
2026-07-27 14:14:41,5140,SRV-FILE-HQ,u.regev,3,WKS-HQ-28,,,,\\SRV-FILE-HQ\Marketing
2026-07-27 14:19:14,4769,SRV-DC-01,a.mizrahi,,WKS-IT-01,mssqlsvc_svc,,,MSSQLSvc/srv-posmgt.northgate.local:1433
2026-07-27 14:26:05,4769,SRV-DC-01,d.levi,,WKS-SEC-10,cifs_svc,,,CIFS/srv-file-hq.northgate.local
2026-07-27 14:29:14,4624,SRV-DC-01,a.mizrahi,3,WKS-IT-01,,,,
2026-07-27 14:29:16,4624,SRV-FILE-HQ,o.raviv,3,WKS-HQ-07,,,,
2026-07-27 14:30:06,4769,SRV-DC-01,f.zohar,,WKS-IT-29,mssqlsvc_svc,,,MSSQLSvc/srv-posmgt.northgate.local:1433
2026-07-27 14:35:24,4624,SRV-POSMGT,p.stein,3,WKS-HQ-26,,,,
2026-07-27 14:41:08,4624,SRV-FILE-HQ,e.katz,3,WKS-SEC-03,,,,
2026-07-27 14:57:58,4769,SRV-DC-01,m.saban,,WKS-IT-09,http_svc,,,HTTP/web-supplier.northgate.local
2026-07-27 15:10:09,4624,SRV-FILE-HQ,a.dahan,3,WKS-HQ-17,,,,
2026-07-27 15:11:43,4624,SRV-CARDPROC,r.stern,3,WKS-PAY-02,,,,
2026-07-27 15:14:57,4624,SRV-FILE-HQ,m.tal,3,WKS-HQ-18,,,,
2026-07-27 15:15:16,4624,SRV-CARDPROC,s.arbel,3,WKS-PAY-11,,,,
2026-07-27 15:15:18,5140,SRV-CARDPROC,s.arbel,3,WKS-PAY-11,,,,\\SRV-CARDPROC\Payments
2026-07-27 15:15:37,4769,SRV-DC-01,t.hadar,,WKS-PAY-12,cifs_svc,,,CIFS/srv-file-hq.northgate.local
2026-07-27 15:15:57,4769,SRV-DC-01,m.tal,,WKS-HQ-18,mssqlsvc_svc,,,MSSQLSvc/srv-posmgt.northgate.local:1433
2026-07-27 15:16:37,4769,SRV-DC-01,v.harel,,WKS-HQ-24,mssqlsvc_svc,,,MSSQLSvc/srv-posmgt.northgate.local:1433
2026-07-27 15:22:36,4769,SRV-DC-01,i.golan,,WKS-HQ-22,mssqlsvc_svc,,,MSSQLSvc/srv-posmgt.northgate.local:1433
2026-07-27 15:25:39,4624,SRV-FILE-HQ,u.regev,3,WKS-HQ-28,,,,
2026-07-27 15:25:43,4624,SRV-FILE-HQ,r.stern,3,WKS-PAY-02,,,,
2026-07-27 15:31:42,4624,SRV-FILE-HQ,y.oren,3,WKS-HQ-05,,,,
2026-07-27 15:44:56,4769,SRV-DC-01,c.barak,,WKS-HQ-27,http_svc,,,HTTP/web-supplier.northgate.local
2026-07-27 15:49:12,4624,SRV-FILE-HQ,k.oz,3,WKS-HQ-20,,,,
2026-07-27 15:53:29,4769,SRV-DC-01,l.beit,,WKS-HQ-13,mssqlsvc_svc,,,MSSQLSvc/srv-cardproc.northgate.local:1433
2026-07-27 15:53:37,4624,SRV-FILE-HQ,t.hadar,3,WKS-PAY-12,,,,
2026-07-27 15:55:40,4769,SRV-DC-01,b.naim,,WKS-HQ-21,mssqlsvc_svc,,,MSSQLSvc/srv-posmgt.northgate.local:1433
2026-07-27 15:56:37,4624,SRV-FILE-HQ,t.hadar,3,WKS-PAY-12,,,,
2026-07-27 15:56:39,5140,SRV-FILE-HQ,t.hadar,3,WKS-PAY-12,,,,\\SRV-FILE-HQ\Payments
2026-07-27 16:04:14,4769,SRV-DC-01,n.hazan,,WKS-HQ-15,mssqlsvc_svc,,,MSSQLSvc/srv-posmgt.northgate.local:1433
2026-07-27 16:11:29,4634,WKS-HQ-25,z.amar,2,,,,,
2026-07-27 16:17:38,4634,WKS-PAY-30,g.ben-ari,2,,,,,
2026-07-27 16:18:16,4624,SRV-FILE-HQ,s.arbel,3,WKS-PAY-11,,,,
2026-07-27 16:18:18,5140,SRV-FILE-HQ,s.arbel,3,WKS-PAY-11,,,,\\SRV-FILE-HQ\Payments
2026-07-27 16:19:14,4624,SRV-FILE-HQ,n.hazan,3,WKS-HQ-15,,,,
2026-07-27 16:22:05,4624,SRV-FILE-HQ,d.levi,3,WKS-SEC-10,,,,
2026-07-27 16:22:14,4634,WKS-HQ-16,e.shalom,2,,,,,
2026-07-27 16:24:18,4634,WKS-HQ-26,p.stein,2,,,,,
2026-07-27 16:26:12,4634,WKS-HQ-14,r.avni,2,,,,,
2026-07-27 16:28:16,4769,SRV-DC-01,o.raviv,,WKS-HQ-07,http_svc,,,HTTP/web-supplier.northgate.local
2026-07-27 16:30:52,4624,SRV-CARDPROC,g.ben-ari,3,WKS-PAY-30,,,,
2026-07-27 16:31:20,4634,WKS-PAY-12,t.hadar,2,,,,,
2026-07-27 16:31:58,4624,SRV-DC-01,m.saban,3,WKS-IT-09,,,,
2026-07-27 16:32:00,5140,SRV-DC-01,m.saban,3,WKS-IT-09,,,,\\SRV-DC-01\IT
2026-07-27 16:34:45,4634,WKS-HQ-22,i.golan,2,,,,,
2026-07-27 16:34:58,4624,SRV-FILE-HQ,r.avni,3,WKS-HQ-14,,,,
2026-07-27 16:35:00,5140,SRV-FILE-HQ,r.avni,3,WKS-HQ-14,,,,\\SRV-FILE-HQ\Vendors
2026-07-27 16:35:40,4624,SRV-FILE-HQ,b.naim,3,WKS-HQ-21,,,,
2026-07-27 16:35:42,5140,SRV-FILE-HQ,b.naim,3,WKS-HQ-21,,,,\\SRV-FILE-HQ\Logistics
2026-07-27 16:39:17,4634,WKS-HQ-06,g.shemesh,2,,,,,
2026-07-27 16:48:51,4634,WKS-HQ-23,s.mor,2,,,,,
2026-07-27 16:51:58,4624,SRV-FILE-HQ,m.saban,3,WKS-IT-09,,,,
2026-07-27 16:55:39,4769,SRV-DC-01,u.regev,,WKS-HQ-28,cifs_svc,,,CIFS/srv-file-hq.northgate.local
2026-07-27 16:55:42,4624,SRV-FILE-HQ,y.oren,3,WKS-HQ-05,,,,
2026-07-27 17:17:24,4634,WKS-HQ-05,y.oren,2,,,,,
2026-07-27 17:23:37,4634,WKS-HQ-24,v.harel,2,,,,,
2026-07-27 17:28:03,4634,WKS-HQ-19,y.segev,2,,,,,
2026-07-27 17:32:17,4634,WKS-IT-01,a.mizrahi,2,,,,,
2026-07-27 17:32:50,4634,WKS-HQ-13,l.beit,2,,,,,
2026-07-27 17:39:47,4634,WKS-IT-29,f.zohar,2,,,,,
2026-07-27 17:44:08,4634,WKS-HQ-21,b.naim,2,,,,,
2026-07-27 17:55:56,4634,WKS-PAY-02,r.stern,2,,,,,
2026-07-27 18:08:33,4634,WKS-SEC-03,e.katz,2,,,,,
2026-07-27 18:11:21,4634,WKS-HQ-20,k.oz,2,,,,,
2026-07-27 18:15:51,4634,WKS-HQ-27,c.barak,2,,,,,
2026-07-27 18:17:44,4634,WKS-HQ-15,n.hazan,2,,,,,
2026-07-27 18:17:51,4634,WKS-PAY-11,s.arbel,2,,,,,
2026-07-27 18:22:37,4634,WKS-HQ-04,n.barzilai,2,,,,,
2026-07-27 18:23:17,4634,WKS-IT-09,m.saban,2,,,,,
2026-07-27 18:36:04,4634,WKS-HQ-17,a.dahan,2,,,,,
2026-07-27 18:44:20,4634,WKS-HQ-07,o.raviv,2,,,,,
2026-07-27 18:47:05,4634,WKS-SEC-10,d.levi,2,,,,,
2026-07-27 19:00:56,4634,WKS-HQ-28,u.regev,2,,,,,
2026-07-27 19:28:57,4634,WKS-HQ-18,m.tal,2,,,,,
2026-07-28 07:00:05,4624,WKS-HQ-25,z.amar,2,WKS-HQ-25,,,,
2026-07-28 07:08:42,4624,WKS-HQ-23,s.mor,2,WKS-HQ-23,,,,
2026-07-28 07:14:49,4624,WKS-HQ-26,p.stein,2,WKS-HQ-26,,,,
2026-07-28 07:47:22,4624,WKS-HQ-22,i.golan,2,WKS-HQ-22,,,,
2026-07-28 07:52:37,4624,WKS-HQ-24,v.harel,2,WKS-HQ-24,,,,
2026-07-28 07:53:33,4624,WKS-PAY-11,s.arbel,2,WKS-PAY-11,,,,
2026-07-28 08:02:49,4769,SRV-DC-01,p.stein,,WKS-HQ-26,mssqlsvc_svc,,,MSSQLSvc/srv-posmgt.northgate.local:1433
2026-07-28 08:05:42,4769,SRV-DC-01,s.mor,,WKS-HQ-23,mssqlsvc_svc,,,MSSQLSvc/srv-posmgt.northgate.local:1433
2026-07-28 08:08:17,4624,WKS-IT-01,a.mizrahi,2,WKS-IT-01,,,,
2026-07-28 08:08:18,4672,WKS-IT-01,a.mizrahi,2,,,,,
2026-07-28 08:10:22,4624,SRV-POSMGT,i.golan,3,WKS-HQ-22,,,,
2026-07-28 08:10:22,4624,SRV-FILE-HQ,i.golan,3,WKS-HQ-22,,,,
2026-07-28 08:10:24,5140,SRV-FILE-HQ,i.golan,3,WKS-HQ-22,,,,\\SRV-FILE-HQ\Branches
2026-07-28 08:17:05,4624,WKS-HQ-06,g.shemesh,2,WKS-HQ-06,,,,
2026-07-28 08:22:58,4624,WKS-HQ-16,e.shalom,2,WKS-HQ-16,,,,
2026-07-28 08:28:00,4624,WKS-IT-09,m.saban,2,WKS-IT-09,,,,
2026-07-28 08:29:47,4624,WKS-SEC-10,d.levi,2,WKS-SEC-10,,,,
2026-07-28 08:30:33,4624,WKS-PAY-02,r.stern,2,WKS-PAY-02,,,,
2026-07-28 08:33:00,4624,SRV-DC-01,m.saban,3,WKS-IT-09,,,,
2026-07-28 08:37:07,4624,WKS-SEC-03,e.katz,2,WKS-SEC-03,,,,
2026-07-28 08:37:29,4624,WKS-IT-29,f.zohar,2,WKS-IT-29,,,,
2026-07-28 08:40:54,4624,WKS-HQ-19,y.segev,2,WKS-HQ-19,,,,
2026-07-28 08:43:13,4624,WKS-HQ-28,u.regev,2,WKS-HQ-28,,,,
2026-07-28 08:44:05,4624,SRV-POSMGT,z.amar,3,WKS-HQ-25,,,,
2026-07-28 08:46:05,4624,WKS-HQ-18,m.tal,2,WKS-HQ-18,,,,
2026-07-28 08:47:45,4624,WKS-HQ-05,y.oren,2,WKS-HQ-05,,,,
2026-07-28 08:48:19,4624,WKS-HQ-27,c.barak,2,WKS-HQ-27,,,,
2026-07-28 08:49:13,4624,SRV-FILE-HQ,u.regev,3,WKS-HQ-28,,,,
2026-07-28 08:49:15,5140,SRV-FILE-HQ,u.regev,3,WKS-HQ-28,,,,\\SRV-FILE-HQ\Marketing
2026-07-28 08:53:38,4624,WKS-HQ-13,l.beit,2,WKS-HQ-13,,,,
2026-07-28 08:56:34,4624,WKS-HQ-14,r.avni,2,WKS-HQ-14,,,,
2026-07-28 09:06:19,4624,SRV-FILE-HQ,c.barak,3,WKS-HQ-27,,,,
2026-07-28 09:06:21,5140,SRV-FILE-HQ,c.barak,3,WKS-HQ-27,,,,\\SRV-FILE-HQ\Marketing
2026-07-28 09:09:45,4624,SRV-FILE-HQ,y.oren,3,WKS-HQ-05,,,,
2026-07-28 09:09:50,4624,WKS-HQ-21,b.naim,2,WKS-HQ-21,,,,
2026-07-28 09:13:42,4624,WKS-HQ-17,a.dahan,2,WKS-HQ-17,,,,
2026-07-28 09:15:13,4624,WKS-HQ-04,n.barzilai,2,WKS-HQ-04,,,,
2026-07-28 09:16:38,4624,SRV-FILE-HQ,l.beit,3,WKS-HQ-13,,,,
2026-07-28 09:19:05,4624,WKS-PAY-12,t.hadar,2,WKS-PAY-12,,,,
2026-07-28 09:20:54,4624,WKS-HQ-15,n.hazan,2,WKS-HQ-15,,,,
2026-07-28 09:32:33,4624,SRV-FILE-HQ,r.stern,3,WKS-PAY-02,,,,
2026-07-28 09:42:37,4769,SRV-DC-01,v.harel,,WKS-HQ-24,mssqlsvc_svc,,,MSSQLSvc/srv-cardproc.northgate.local:1433
2026-07-28 09:44:28,4624,WKS-HQ-07,o.raviv,2,WKS-HQ-07,,,,
2026-07-28 09:46:05,4624,SRV-FILE-HQ,t.hadar,3,WKS-PAY-12,,,,
2026-07-28 09:47:13,4769,SRV-DC-01,u.regev,,WKS-HQ-28,mssqlsvc_svc,,,MSSQLSvc/srv-posmgt.northgate.local:1433
2026-07-28 09:50:29,4624,SRV-FILE-HQ,f.zohar,3,WKS-IT-29,,,,
2026-07-28 09:54:33,4624,SRV-FILE-HQ,s.arbel,3,WKS-PAY-11,,,,
2026-07-28 09:57:13,4624,SRV-FILE-HQ,n.barzilai,3,WKS-HQ-04,,,,
2026-07-28 10:05:33,4769,SRV-DC-01,s.arbel,,WKS-PAY-11,mssqlsvc_svc,,,MSSQLSvc/srv-cardproc.northgate.local:1433
2026-07-28 10:09:42,4624,SRV-FILE-HQ,a.dahan,3,WKS-HQ-17,,,,
2026-07-28 10:11:34,4624,SRV-FILE-HQ,r.avni,3,WKS-HQ-14,,,,
2026-07-28 10:22:49,4688,WKS-HQ-26,p.stein,,,,winword.exe,winword.exe /w,
2026-07-28 10:30:00,4624,SRV-FILE-HQ,m.saban,3,WKS-IT-09,,,,
2026-07-28 10:32:05,4624,SRV-FILE-HQ,m.tal,3,WKS-HQ-18,,,,
2026-07-28 10:33:13,4624,SRV-FILE-HQ,u.regev,3,WKS-HQ-28,,,,
2026-07-28 10:37:47,4769,SRV-DC-01,d.levi,,WKS-SEC-10,mssqlsvc_svc,,,MSSQLSvc/srv-posmgt.northgate.local:1433
2026-07-28 10:39:05,4769,SRV-DC-01,t.hadar,,WKS-PAY-12,mssqlsvc_svc,,,MSSQLSvc/srv-posmgt.northgate.local:1433
2026-07-28 10:52:37,4769,SRV-DC-01,v.harel,,WKS-HQ-24,mssqlsvc_svc,,,MSSQLSvc/srv-cardproc.northgate.local:1433
2026-07-28 11:10:13,4769,SRV-DC-01,u.regev,,WKS-HQ-28,http_svc,,,HTTP/web-supplier.northgate.local
2026-07-28 11:14:37,4769,SRV-DC-01,v.harel,,WKS-HQ-24,mssqlsvc_svc,,,MSSQLSvc/srv-cardproc.northgate.local:1433
2026-07-28 11:30:19,4624,SRV-FILE-HQ,c.barak,3,WKS-HQ-27,,,,
2026-07-28 11:41:17,4624,SRV-DC-01,a.mizrahi,3,WKS-IT-01,,,,
2026-07-28 11:41:19,5140,SRV-DC-01,a.mizrahi,3,WKS-IT-01,,,,\\SRV-DC-01\IT
2026-07-28 11:43:19,4769,SRV-DC-01,c.barak,,WKS-HQ-27,cifs_svc,,,CIFS/srv-file-hq.northgate.local
2026-07-28 11:44:50,4769,SRV-DC-01,b.naim,,WKS-HQ-21,cifs_svc,,,CIFS/srv-file-hq.northgate.local
2026-07-28 11:45:13,4769,SRV-DC-01,n.barzilai,,WKS-HQ-04,http_svc,,,HTTP/web-supplier.northgate.local
2026-07-28 11:47:42,4769,SRV-DC-01,a.dahan,,WKS-HQ-17,cifs_svc,,,CIFS/srv-file-hq.northgate.local
2026-07-28 11:53:07,4769,SRV-DC-01,e.katz,,WKS-SEC-03,http_svc,,,HTTP/web-supplier.northgate.local
2026-07-28 11:53:13,4688,WKS-HQ-04,n.barzilai,,,,excel.exe,excel.exe /dde,
2026-07-28 11:55:42,4624,SRV-FILE-HQ,a.dahan,3,WKS-HQ-17,,,,
2026-07-28 11:55:44,5140,SRV-FILE-HQ,a.dahan,3,WKS-HQ-17,,,,\\SRV-FILE-HQ\HR
2026-07-28 11:55:47,4769,SRV-DC-01,d.levi,,WKS-SEC-10,mssqlsvc_svc,,,MSSQLSvc/srv-posmgt.northgate.local:1433
2026-07-28 12:02:54,4769,SRV-DC-01,y.segev,,WKS-HQ-19,mssqlsvc_svc,,,MSSQLSvc/srv-posmgt.northgate.local:1433
2026-07-28 12:19:47,4624,SRV-DC-01,d.levi,3,WKS-SEC-10,,,,
2026-07-28 12:19:49,5140,SRV-DC-01,d.levi,3,WKS-SEC-10,,,,\\SRV-DC-01\IT
2026-07-28 12:26:45,4624,SRV-FILE-HQ,y.oren,3,WKS-HQ-05,,,,
2026-07-28 12:26:47,5140,SRV-FILE-HQ,y.oren,3,WKS-HQ-05,,,,\\SRV-FILE-HQ\Procurement
2026-07-28 12:45:00,4769,SRV-DC-01,m.saban,,WKS-IT-09,cifs_svc,,,CIFS/srv-file-hq.northgate.local
2026-07-28 12:50:42,4769,SRV-DC-01,a.dahan,,WKS-HQ-17,mssqlsvc_svc,,,MSSQLSvc/srv-cardproc.northgate.local:1433
2026-07-28 12:55:17,4624,SRV-FILE-HQ,a.mizrahi,3,WKS-IT-01,,,,
2026-07-28 13:00:34,4769,SRV-DC-01,r.avni,,WKS-HQ-14,cifs_svc,,,CIFS/srv-file-hq.northgate.local
2026-07-28 13:09:34,4624,SRV-FILE-HQ,r.avni,3,WKS-HQ-14,,,,
2026-07-28 13:10:49,4624,SRV-POSMGT,p.stein,3,WKS-HQ-26,,,,
2026-07-28 13:10:51,5140,SRV-POSMGT,p.stein,3,WKS-HQ-26,,,,\\SRV-POSMGT\Branches
2026-07-28 13:11:17,4688,WKS-IT-01,a.mizrahi,,,,chrome.exe,chrome.exe --restore-last-session,
2026-07-28 13:13:54,4624,SRV-FILE-HQ,n.hazan,3,WKS-HQ-15,,,,
2026-07-28 13:13:56,5140,SRV-FILE-HQ,n.hazan,3,WKS-HQ-15,,,,\\SRV-FILE-HQ\Finance
2026-07-28 13:17:34,4769,SRV-DC-01,r.avni,,WKS-HQ-14,http_svc,,,HTTP/web-supplier.northgate.local
2026-07-28 13:21:49,4624,SRV-POSMGT,p.stein,3,WKS-HQ-26,,,,
2026-07-28 13:21:50,4769,SRV-DC-01,b.naim,,WKS-HQ-21,http_svc,,,HTTP/web-supplier.northgate.local
2026-07-28 13:24:47,4624,SRV-DC-01,d.levi,3,WKS-SEC-10,,,,
2026-07-28 13:27:49,4624,SRV-FILE-HQ,p.stein,3,WKS-HQ-26,,,,
2026-07-28 13:27:51,5140,SRV-FILE-HQ,p.stein,3,WKS-HQ-26,,,,\\SRV-FILE-HQ\Branches
2026-07-28 13:30:05,4688,WKS-HQ-06,g.shemesh,,,,excel.exe,excel.exe /dde,
2026-07-28 13:33:33,4769,SRV-DC-01,s.arbel,,WKS-PAY-11,http_svc,,,HTTP/web-supplier.northgate.local
2026-07-28 13:38:00,4769,SRV-DC-01,m.saban,,WKS-IT-09,http_svc,,,HTTP/web-supplier.northgate.local
2026-07-28 13:39:00,4769,SRV-DC-01,m.saban,,WKS-IT-09,mssqlsvc_svc,,,MSSQLSvc/srv-posmgt.northgate.local:1433
2026-07-28 13:40:54,4769,SRV-DC-01,n.hazan,,WKS-HQ-15,cifs_svc,,,CIFS/srv-file-hq.northgate.local
2026-07-28 13:44:17,4624,SRV-DC-01,a.mizrahi,3,WKS-IT-01,,,,
2026-07-28 13:48:45,4769,SRV-DC-01,y.oren,,WKS-HQ-05,mssqlsvc_svc,,,MSSQLSvc/srv-cardproc.northgate.local:1433
2026-07-28 14:01:49,4769,SRV-DC-01,p.stein,,WKS-HQ-26,mssqlsvc_svc,,,MSSQLSvc/srv-posmgt.northgate.local:1433
2026-07-28 14:09:42,4624,SRV-FILE-HQ,a.dahan,3,WKS-HQ-17,,,,
2026-07-28 14:09:58,4769,SRV-DC-01,e.shalom,,WKS-HQ-16,mssqlsvc_svc,,,MSSQLSvc/srv-posmgt.northgate.local:1433
2026-07-28 14:11:05,4624,SRV-CARDPROC,t.hadar,3,WKS-PAY-12,,,,
2026-07-28 14:11:07,5140,SRV-CARDPROC,t.hadar,3,WKS-PAY-12,,,,\\SRV-CARDPROC\Payments
2026-07-28 14:12:54,4769,SRV-DC-01,n.hazan,,WKS-HQ-15,http_svc,,,HTTP/web-supplier.northgate.local
2026-07-28 14:28:05,4769,SRV-DC-01,t.hadar,,WKS-PAY-12,cifs_svc,,,CIFS/srv-file-hq.northgate.local
2026-07-28 14:29:54,4688,WKS-HQ-15,n.hazan,,,,winword.exe,winword.exe /w,
2026-07-28 14:51:38,4769,SRV-DC-01,l.beit,,WKS-HQ-13,mssqlsvc_svc,,,MSSQLSvc/srv-cardproc.northgate.local:1433
2026-07-28 15:00:19,4769,SRV-DC-01,c.barak,,WKS-HQ-27,mssqlsvc_svc,,,MSSQLSvc/srv-cardproc.northgate.local:1433
2026-07-28 15:01:29,4769,SRV-DC-01,f.zohar,,WKS-IT-29,mssqlsvc_svc,,,MSSQLSvc/srv-posmgt.northgate.local:1433
2026-07-28 15:06:33,4769,SRV-DC-01,r.stern,,WKS-PAY-02,cifs_svc,,,CIFS/srv-file-hq.northgate.local
2026-07-28 15:09:33,4624,SRV-FILE-HQ,r.stern,3,WKS-PAY-02,,,,
2026-07-28 15:09:35,5140,SRV-FILE-HQ,r.stern,3,WKS-PAY-02,,,,\\SRV-FILE-HQ\Payments
2026-07-28 15:10:05,4769,SRV-DC-01,m.tal,,WKS-HQ-18,cifs_svc,,,CIFS/srv-file-hq.northgate.local
2026-07-28 15:15:18,4634,WKS-HQ-25,z.amar,2,,,,,
2026-07-28 15:19:54,4769,SRV-DC-01,n.hazan,,WKS-HQ-15,http_svc,,,HTTP/web-supplier.northgate.local
2026-07-28 15:38:42,4769,SRV-DC-01,a.dahan,,WKS-HQ-17,mssqlsvc_svc,,,MSSQLSvc/srv-posmgt.northgate.local:1433
2026-07-28 15:42:54,4624,SRV-FILE-HQ,n.hazan,3,WKS-HQ-15,,,,
2026-07-28 15:45:47,4688,WKS-SEC-10,d.levi,,,,winword.exe,winword.exe /w,
2026-07-28 15:51:42,4769,SRV-DC-01,a.dahan,,WKS-HQ-17,mssqlsvc_svc,,,MSSQLSvc/srv-posmgt.northgate.local:1433
2026-07-28 15:55:38,4634,WKS-PAY-11,s.arbel,2,,,,,
2026-07-28 15:58:28,4624,SRV-FILE-HQ,o.raviv,3,WKS-HQ-07,,,,
2026-07-28 16:00:33,4769,SRV-DC-01,r.stern,,WKS-PAY-02,http_svc,,,HTTP/web-supplier.northgate.local
2026-07-28 16:01:19,4624,SRV-FILE-HQ,c.barak,3,WKS-HQ-27,,,,
2026-07-28 16:05:17,4769,SRV-DC-01,a.mizrahi,,WKS-IT-01,cifs_svc,,,CIFS/srv-file-hq.northgate.local
2026-07-28 16:13:05,4624,SRV-FILE-HQ,t.hadar,3,WKS-PAY-12,,,,
2026-07-28 16:13:07,5140,SRV-FILE-HQ,t.hadar,3,WKS-PAY-12,,,,\\SRV-FILE-HQ\Payments
2026-07-28 16:14:05,4624,SRV-FILE-HQ,m.tal,3,WKS-HQ-18,,,,
2026-07-28 16:25:19,4688,WKS-HQ-27,c.barak,,,,winword.exe,winword.exe /w,
2026-07-28 16:27:54,4624,SRV-FILE-HQ,n.hazan,3,WKS-HQ-15,,,,
2026-07-28 16:27:56,5140,SRV-FILE-HQ,n.hazan,3,WKS-HQ-15,,,,\\SRV-FILE-HQ\Finance
2026-07-28 16:32:34,4634,WKS-HQ-26,p.stein,2,,,,,
2026-07-28 16:32:37,4624,SRV-FILE-HQ,v.harel,3,WKS-HQ-24,,,,
2026-07-28 16:32:42,4624,SRV-FILE-HQ,a.dahan,3,WKS-HQ-17,,,,
2026-07-28 16:36:45,4634,WKS-HQ-06,g.shemesh,2,,,,,
2026-07-28 16:38:28,4624,SRV-FILE-HQ,o.raviv,3,WKS-HQ-07,,,,
2026-07-28 16:38:30,5140,SRV-FILE-HQ,o.raviv,3,WKS-HQ-07,,,,\\SRV-FILE-HQ\Finance
2026-07-28 16:40:59,4634,WKS-HQ-23,s.mor,2,,,,,
2026-07-28 16:46:54,4769,SRV-DC-01,y.segev,,WKS-HQ-19,cifs_svc,,,CIFS/srv-file-hq.northgate.local
2026-07-28 16:49:13,4624,SRV-FILE-HQ,n.barzilai,3,WKS-HQ-04,,,,
2026-07-28 16:56:34,4634,WKS-IT-29,f.zohar,2,,,,,
2026-07-28 17:04:07,4634,WKS-HQ-24,v.harel,2,,,,,
2026-07-28 17:06:29,4624,SRV-DC-01,f.zohar,3,WKS-IT-29,,,,
2026-07-28 17:17:49,4634,WKS-HQ-22,i.golan,2,,,,,
2026-07-28 17:18:04,4634,WKS-IT-01,a.mizrahi,2,,,,,
2026-07-28 17:21:31,4634,WKS-HQ-14,r.avni,2,,,,,
2026-07-28 17:33:08,4634,WKS-HQ-15,n.hazan,2,,,,,
2026-07-28 17:40:10,4634,WKS-HQ-27,c.barak,2,,,,,
2026-07-28 17:48:36,4634,WKS-HQ-05,y.oren,2,,,,,
2026-07-28 17:54:03,4634,WKS-PAY-12,t.hadar,2,,,,,
2026-07-28 18:20:40,4634,WKS-HQ-28,u.regev,2,,,,,
2026-07-28 18:28:07,4634,WKS-PAY-02,r.stern,2,,,,,
2026-07-28 18:31:21,4634,WKS-HQ-19,y.segev,2,,,,,
2026-07-28 18:34:50,4634,WKS-HQ-21,b.naim,2,,,,,
2026-07-28 18:37:41,4634,WKS-HQ-18,m.tal,2,,,,,
2026-07-28 18:38:22,4634,WKS-IT-09,m.saban,2,,,,,
2026-07-28 18:39:33,4634,WKS-HQ-13,l.beit,2,,,,,
2026-07-28 18:40:49,4634,WKS-SEC-03,e.katz,2,,,,,
2026-07-28 18:41:00,4634,WKS-HQ-16,e.shalom,2,,,,,
2026-07-28 18:50:15,4634,WKS-HQ-04,n.barzilai,2,,,,,
2026-07-28 18:53:37,4634,WKS-SEC-10,d.levi,2,,,,,
2026-07-28 18:55:20,4634,WKS-HQ-07,o.raviv,2,,,,,
2026-07-28 19:28:00,4634,WKS-HQ-17,a.dahan,2,,,,,
2026-07-29 07:04:42,4624,WKS-HQ-25,z.amar,2,WKS-HQ-25,,,,
2026-07-29 07:20:59,4624,WKS-HQ-26,p.stein,2,WKS-HQ-26,,,,
2026-07-29 07:26:00,4624,WKS-HQ-24,v.harel,2,WKS-HQ-24,,,,
2026-07-29 07:30:14,4624,WKS-HQ-22,i.golan,2,WKS-HQ-22,,,,
2026-07-29 07:37:14,4624,SRV-POSMGT,i.golan,3,WKS-HQ-22,,,,
2026-07-29 07:44:45,4624,WKS-HQ-23,s.mor,2,WKS-HQ-23,,,,
2026-07-29 07:55:59,4624,SRV-FILE-HQ,p.stein,3,WKS-HQ-26,,,,
2026-07-29 07:59:59,4624,SRV-POSMGT,p.stein,3,WKS-HQ-26,,,,
2026-07-29 08:00:27,4624,WKS-SEC-03,e.katz,2,WKS-SEC-03,,,,
2026-07-29 08:04:20,4624,WKS-HQ-16,e.shalom,2,WKS-HQ-16,,,,
2026-07-29 08:05:39,4624,WKS-PAY-30,g.ben-ari,2,WKS-PAY-30,,,,
2026-07-29 08:05:53,4624,WKS-PAY-02,r.stern,2,WKS-PAY-02,,,,
2026-07-29 08:08:14,4769,SRV-DC-01,i.golan,,WKS-HQ-22,http_svc,,,HTTP/web-supplier.northgate.local
2026-07-29 08:09:14,4624,SRV-FILE-HQ,i.golan,3,WKS-HQ-22,,,,
2026-07-29 08:12:03,4624,WKS-HQ-21,b.naim,2,WKS-HQ-21,,,,
2026-07-29 08:15:26,4625,WKS-HQ-28,u.regev,2,WKS-HQ-28,,,,
2026-07-29 08:17:15,4624,WKS-HQ-28,u.regev,2,WKS-HQ-28,,,,
2026-07-29 08:19:14,4624,WKS-PAY-11,s.arbel,2,WKS-PAY-11,,,,
2026-07-29 08:20:07,4624,WKS-HQ-14,r.avni,2,WKS-HQ-14,,,,
2026-07-29 08:21:17,4624,WKS-HQ-19,y.segev,2,WKS-HQ-19,,,,
2026-07-29 08:24:18,4624,WKS-HQ-20,k.oz,2,WKS-HQ-20,,,,
2026-07-29 08:26:31,4624,WKS-IT-29,f.zohar,2,WKS-IT-29,,,,
2026-07-29 08:32:04,4624,WKS-HQ-13,l.beit,2,WKS-HQ-13,,,,
2026-07-29 08:34:03,4624,SRV-FILE-HQ,b.naim,3,WKS-HQ-21,,,,
2026-07-29 08:34:05,5140,SRV-FILE-HQ,b.naim,3,WKS-HQ-21,,,,\\SRV-FILE-HQ\Logistics
2026-07-29 08:34:15,4624,SRV-FILE-HQ,u.regev,3,WKS-HQ-28,,,,
2026-07-29 08:36:47,4624,WKS-PAY-12,t.hadar,2,WKS-PAY-12,,,,
2026-07-29 08:38:06,4624,WKS-HQ-05,y.oren,2,WKS-HQ-05,,,,
2026-07-29 08:38:54,4624,WKS-IT-01,a.mizrahi,2,WKS-IT-01,,,,
2026-07-29 08:38:55,4672,WKS-IT-01,a.mizrahi,2,,,,,
2026-07-29 08:40:09,4624,WKS-HQ-06,g.shemesh,2,WKS-HQ-06,,,,
2026-07-29 08:43:16,4624,WKS-HQ-18,m.tal,2,WKS-HQ-18,,,,
2026-07-29 08:46:58,4624,WKS-HQ-15,n.hazan,2,WKS-HQ-15,,,,
2026-07-29 08:51:53,4624,SRV-FILE-HQ,r.stern,3,WKS-PAY-02,,,,
2026-07-29 08:51:55,5140,SRV-FILE-HQ,r.stern,3,WKS-PAY-02,,,,\\SRV-FILE-HQ\Payments
2026-07-29 08:54:35,4624,WKS-HQ-27,c.barak,2,WKS-HQ-27,,,,
2026-07-29 08:55:16,4624,WKS-SEC-10,d.levi,2,WKS-SEC-10,,,,
2026-07-29 09:03:39,4769,SRV-DC-01,g.ben-ari,,WKS-PAY-30,mssqlsvc_svc,,,MSSQLSvc/srv-posmgt.northgate.local:1433
2026-07-29 09:07:48,4624,WKS-HQ-17,a.dahan,2,WKS-HQ-17,,,,
2026-07-29 09:13:15,4624,SRV-FILE-HQ,u.regev,3,WKS-HQ-28,,,,
2026-07-29 09:13:16,4624,SRV-DC-01,d.levi,3,WKS-SEC-10,,,,
2026-07-29 09:13:58,4624,WKS-HQ-07,o.raviv,2,WKS-HQ-07,,,,
2026-07-29 09:14:59,4769,SRV-DC-01,p.stein,,WKS-HQ-26,mssqlsvc_svc,,,MSSQLSvc/srv-cardproc.northgate.local:1433
2026-07-29 09:15:53,4624,WKS-IT-09,m.saban,2,WKS-IT-09,,,,
2026-07-29 09:29:14,4769,SRV-DC-01,i.golan,,WKS-HQ-22,mssqlsvc_svc,,,MSSQLSvc/srv-posmgt.northgate.local:1433
2026-07-29 09:30:48,4769,SRV-DC-01,a.dahan,,WKS-HQ-17,http_svc,,,HTTP/web-supplier.northgate.local
2026-07-29 09:32:58,4769,SRV-DC-01,o.raviv,,WKS-HQ-07,http_svc,,,HTTP/web-supplier.northgate.local
2026-07-29 09:33:04,4769,SRV-DC-01,l.beit,,WKS-HQ-13,mssqlsvc_svc,,,MSSQLSvc/srv-posmgt.northgate.local:1433
2026-07-29 09:51:53,4769,SRV-DC-01,r.stern,,WKS-PAY-02,cifs_svc,,,CIFS/srv-file-hq.northgate.local
2026-07-29 10:15:16,4624,SRV-FILE-HQ,m.tal,3,WKS-HQ-18,,,,
2026-07-29 10:17:04,4769,SRV-DC-01,l.beit,,WKS-HQ-13,http_svc,,,HTTP/web-supplier.northgate.local
2026-07-29 10:32:48,4624,SRV-FILE-HQ,a.dahan,3,WKS-HQ-17,,,,
2026-07-29 10:32:50,5140,SRV-FILE-HQ,a.dahan,3,WKS-HQ-17,,,,\\SRV-FILE-HQ\HR
2026-07-29 10:33:14,4624,SRV-POSMGT,i.golan,3,WKS-HQ-22,,,,
2026-07-29 10:33:16,5140,SRV-POSMGT,i.golan,3,WKS-HQ-22,,,,\\SRV-POSMGT\Branches
2026-07-29 10:58:27,4769,SRV-DC-01,e.katz,,WKS-SEC-03,cifs_svc,,,CIFS/srv-file-hq.northgate.local
2026-07-29 11:05:17,4624,SRV-FILE-HQ,y.segev,3,WKS-HQ-19,,,,
2026-07-29 11:08:09,4769,SRV-DC-01,g.shemesh,,WKS-HQ-06,http_svc,,,HTTP/web-supplier.northgate.local
2026-07-29 11:10:27,4624,SRV-FILE-HQ,e.katz,3,WKS-SEC-03,,,,
2026-07-29 11:10:29,5140,SRV-FILE-HQ,e.katz,3,WKS-SEC-03,,,,\\SRV-FILE-HQ\IT
2026-07-29 11:15:35,4769,SRV-DC-01,c.barak,,WKS-HQ-27,mssqlsvc_svc,,,MSSQLSvc/srv-cardproc.northgate.local:1433
2026-07-29 11:16:31,4624,SRV-FILE-HQ,f.zohar,3,WKS-IT-29,,,,
2026-07-29 11:18:59,4769,SRV-DC-01,p.stein,,WKS-HQ-26,mssqlsvc_svc,,,MSSQLSvc/srv-posmgt.northgate.local:1433
2026-07-29 11:32:15,4624,SRV-FILE-HQ,u.regev,3,WKS-HQ-28,,,,
2026-07-29 11:33:18,4624,SRV-FILE-HQ,k.oz,3,WKS-HQ-20,,,,
2026-07-29 11:33:20,5140,SRV-FILE-HQ,k.oz,3,WKS-HQ-20,,,,\\SRV-FILE-HQ\Logistics
2026-07-29 11:41:42,4624,SRV-POSMGT,z.amar,3,WKS-HQ-25,,,,
2026-07-29 11:48:15,4769,SRV-DC-01,u.regev,,WKS-HQ-28,mssqlsvc_svc,,,MSSQLSvc/srv-cardproc.northgate.local:1433
2026-07-29 11:49:03,4769,SRV-DC-01,b.naim,,WKS-HQ-21,mssqlsvc_svc,,,MSSQLSvc/srv-cardproc.northgate.local:1433
2026-07-29 11:51:53,4624,SRV-DC-01,m.saban,3,WKS-IT-09,,,,
2026-07-29 12:00:04,4624,SRV-FILE-HQ,l.beit,3,WKS-HQ-13,,,,
2026-07-29 12:03:14,4624,SRV-FILE-HQ,i.golan,3,WKS-HQ-22,,,,
2026-07-29 12:04:53,4769,SRV-DC-01,r.stern,,WKS-PAY-02,mssqlsvc_svc,,,MSSQLSvc/srv-posmgt.northgate.local:1433
2026-07-29 12:07:15,4624,SRV-FILE-HQ,u.regev,3,WKS-HQ-28,,,,
2026-07-29 12:10:07,4624,SRV-FILE-HQ,r.avni,3,WKS-HQ-14,,,,
2026-07-29 12:12:47,4624,SRV-CARDPROC,t.hadar,3,WKS-PAY-12,,,,
2026-07-29 12:17:35,4769,SRV-DC-01,c.barak,,WKS-HQ-27,mssqlsvc_svc,,,MSSQLSvc/srv-posmgt.northgate.local:1433
2026-07-29 12:26:48,4688,WKS-HQ-17,a.dahan,,,,excel.exe,excel.exe /dde,
2026-07-29 12:29:54,4769,SRV-DC-01,a.mizrahi,,WKS-IT-01,http_svc,,,HTTP/web-supplier.northgate.local
2026-07-29 12:40:14,4624,SRV-FILE-HQ,s.arbel,3,WKS-PAY-11,,,,
2026-07-29 12:40:16,5140,SRV-FILE-HQ,s.arbel,3,WKS-PAY-11,,,,\\SRV-FILE-HQ\Payments
2026-07-29 12:40:27,4769,SRV-DC-01,e.katz,,WKS-SEC-03,http_svc,,,HTTP/web-supplier.northgate.local
2026-07-29 12:45:09,4624,SRV-FILE-HQ,g.shemesh,3,WKS-HQ-06,,,,
2026-07-29 12:45:11,5140,SRV-FILE-HQ,g.shemesh,3,WKS-HQ-06,,,,\\SRV-FILE-HQ\Finance
2026-07-29 12:57:04,4769,SRV-DC-01,l.beit,,WKS-HQ-13,cifs_svc,,,CIFS/srv-file-hq.northgate.local
2026-07-29 12:58:58,4624,SRV-FILE-HQ,o.raviv,3,WKS-HQ-07,,,,
2026-07-29 12:59:53,4624,SRV-FILE-HQ,r.stern,3,WKS-PAY-02,,,,
2026-07-29 13:09:35,4769,SRV-DC-01,c.barak,,WKS-HQ-27,cifs_svc,,,CIFS/srv-file-hq.northgate.local
2026-07-29 13:10:39,4624,SRV-CARDPROC,g.ben-ari,3,WKS-PAY-30,,,,
2026-07-29 13:10:41,5140,SRV-CARDPROC,g.ben-ari,3,WKS-PAY-30,,,,\\SRV-CARDPROC\Payments
2026-07-29 13:11:53,4769,SRV-DC-01,m.saban,,WKS-IT-09,mssqlsvc_svc,,,MSSQLSvc/srv-cardproc.northgate.local:1433
2026-07-29 13:20:31,4624,SRV-FILE-HQ,f.zohar,3,WKS-IT-29,,,,
2026-07-29 13:20:33,5140,SRV-FILE-HQ,f.zohar,3,WKS-IT-29,,,,\\SRV-FILE-HQ\IT
2026-07-29 13:21:47,4769,SRV-DC-01,t.hadar,,WKS-PAY-12,mssqlsvc_svc,,,MSSQLSvc/srv-cardproc.northgate.local:1433
2026-07-29 13:30:59,4624,SRV-POSMGT,p.stein,3,WKS-HQ-26,,,,
2026-07-29 13:32:16,4624,SRV-FILE-HQ,d.levi,3,WKS-SEC-10,,,,
2026-07-29 13:33:14,4624,SRV-CARDPROC,s.arbel,3,WKS-PAY-11,,,,
2026-07-29 13:33:53,4624,SRV-FILE-HQ,m.saban,3,WKS-IT-09,,,,
2026-07-29 13:34:58,4624,SRV-FILE-HQ,n.hazan,3,WKS-HQ-15,,,,
2026-07-29 13:35:00,4769,SRV-DC-01,v.harel,,WKS-HQ-24,mssqlsvc_svc,,,MSSQLSvc/srv-posmgt.northgate.local:1433
2026-07-29 13:59:47,4624,SRV-FILE-HQ,t.hadar,3,WKS-PAY-12,,,,
2026-07-29 14:00:18,4624,SRV-FILE-HQ,k.oz,3,WKS-HQ-20,,,,
2026-07-29 14:00:20,5140,SRV-FILE-HQ,k.oz,3,WKS-HQ-20,,,,\\SRV-FILE-HQ\Logistics
2026-07-29 14:02:16,4769,SRV-DC-01,m.tal,,WKS-HQ-18,cifs_svc,,,CIFS/srv-file-hq.northgate.local
2026-07-29 14:06:53,4769,SRV-DC-01,r.stern,,WKS-PAY-02,mssqlsvc_svc,,,MSSQLSvc/srv-posmgt.northgate.local:1433
2026-07-29 14:13:42,4624,SRV-POSMGT,z.amar,3,WKS-HQ-25,,,,
2026-07-29 14:27:06,4624,SRV-FILE-HQ,y.oren,3,WKS-HQ-05,,,,
2026-07-29 14:27:08,5140,SRV-FILE-HQ,y.oren,3,WKS-HQ-05,,,,\\SRV-FILE-HQ\Procurement
2026-07-29 14:36:00,4769,SRV-DC-01,v.harel,,WKS-HQ-24,cifs_svc,,,CIFS/srv-file-hq.northgate.local
2026-07-29 14:37:14,4769,SRV-DC-01,i.golan,,WKS-HQ-22,cifs_svc,,,CIFS/srv-file-hq.northgate.local
2026-07-29 14:37:47,4769,SRV-DC-01,t.hadar,,WKS-PAY-12,mssqlsvc_svc,,,MSSQLSvc/srv-posmgt.northgate.local:1433
2026-07-29 14:42:54,4624,SRV-DC-01,a.mizrahi,3,WKS-IT-01,,,,
2026-07-29 14:48:53,4624,SRV-FILE-HQ,m.saban,3,WKS-IT-09,,,,
2026-07-29 14:55:39,4769,SRV-DC-01,g.ben-ari,,WKS-PAY-30,mssqlsvc_svc,,,MSSQLSvc/srv-posmgt.northgate.local:1433
2026-07-29 14:57:59,4769,SRV-DC-01,p.stein,,WKS-HQ-26,mssqlsvc_svc,,,MSSQLSvc/srv-cardproc.northgate.local:1433
2026-07-29 15:02:00,4624,SRV-FILE-HQ,v.harel,3,WKS-HQ-24,,,,
2026-07-29 15:02:03,4624,SRV-FILE-HQ,b.naim,3,WKS-HQ-21,,,,
2026-07-29 15:02:05,5140,SRV-FILE-HQ,b.naim,3,WKS-HQ-21,,,,\\SRV-FILE-HQ\Logistics
2026-07-29 15:02:16,4624,SRV-FILE-HQ,m.tal,3,WKS-HQ-18,,,,
2026-07-29 15:02:18,5140,SRV-FILE-HQ,m.tal,3,WKS-HQ-18,,,,\\SRV-FILE-HQ\HR
2026-07-29 15:04:42,4624,SRV-FILE-HQ,z.amar,3,WKS-HQ-25,,,,
2026-07-29 15:17:42,4769,SRV-DC-01,z.amar,,WKS-HQ-25,http_svc,,,HTTP/web-supplier.northgate.local
2026-07-29 15:20:58,4769,SRV-DC-01,n.hazan,,WKS-HQ-15,http_svc,,,HTTP/web-supplier.northgate.local
2026-07-29 15:30:09,4634,WKS-HQ-25,z.amar,2,,,,,
2026-07-29 15:34:45,4634,WKS-HQ-26,p.stein,2,,,,,
2026-07-29 15:45:15,4624,SRV-FILE-HQ,u.regev,3,WKS-HQ-28,,,,
2026-07-29 15:45:17,5140,SRV-FILE-HQ,u.regev,3,WKS-HQ-28,,,,\\SRV-FILE-HQ\Marketing
2026-07-29 15:59:54,4624,SRV-FILE-HQ,a.mizrahi,3,WKS-IT-01,,,,
2026-07-29 15:59:56,5140,SRV-FILE-HQ,a.mizrahi,3,WKS-IT-01,,,,\\SRV-FILE-HQ\IT
2026-07-29 16:01:54,4634,WKS-HQ-24,v.harel,2,,,,,
2026-07-29 16:03:07,4769,SRV-DC-01,r.avni,,WKS-HQ-14,http_svc,,,HTTP/web-supplier.northgate.local
2026-07-29 16:07:58,4634,WKS-HQ-16,e.shalom,2,,,,,
2026-07-29 16:20:09,4769,SRV-DC-01,g.shemesh,,WKS-HQ-06,mssqlsvc_svc,,,MSSQLSvc/srv-cardproc.northgate.local:1433
2026-07-29 16:21:58,4634,WKS-HQ-23,s.mor,2,,,,,
2026-07-29 16:27:18,4634,WKS-HQ-14,r.avni,2,,,,,
2026-07-29 16:32:16,4769,SRV-DC-01,d.levi,,WKS-SEC-10,mssqlsvc_svc,,,MSSQLSvc/srv-posmgt.northgate.local:1433
2026-07-29 16:35:14,4634,WKS-HQ-19,y.segev,2,,,,,
2026-07-29 16:35:48,4624,SRV-FILE-HQ,a.dahan,3,WKS-HQ-17,,,,
2026-07-29 16:38:05,4634,WKS-PAY-12,t.hadar,2,,,,,
2026-07-29 16:39:46,4634,WKS-HQ-28,u.regev,2,,,,,
2026-07-29 16:41:07,4634,WKS-HQ-22,i.golan,2,,,,,
2026-07-29 16:48:05,4634,WKS-PAY-30,g.ben-ari,2,,,,,
2026-07-29 16:52:33,4634,WKS-HQ-15,n.hazan,2,,,,,
2026-07-29 17:00:33,4634,WKS-HQ-20,k.oz,2,,,,,
2026-07-29 17:02:40,4634,WKS-HQ-18,m.tal,2,,,,,
2026-07-29 17:03:04,4624,SRV-FILE-HQ,l.beit,3,WKS-HQ-13,,,,
2026-07-29 17:06:54,4624,SRV-FILE-HQ,a.mizrahi,3,WKS-IT-01,,,,
2026-07-29 17:14:14,4634,WKS-IT-29,f.zohar,2,,,,,
2026-07-29 17:26:48,4769,SRV-DC-01,a.dahan,,WKS-HQ-17,cifs_svc,,,CIFS/srv-file-hq.northgate.local
2026-07-29 17:34:53,4634,WKS-SEC-03,e.katz,2,,,,,
2026-07-29 17:51:20,4634,WKS-IT-01,a.mizrahi,2,,,,,
2026-07-29 17:58:15,4634,WKS-SEC-10,d.levi,2,,,,,
2026-07-29 17:59:04,4634,WKS-HQ-21,b.naim,2,,,,,
2026-07-29 17:59:15,4634,WKS-HQ-06,g.shemesh,2,,,,,
2026-07-29 17:59:31,4634,WKS-PAY-02,r.stern,2,,,,,
2026-07-29 18:07:58,4634,WKS-HQ-27,c.barak,2,,,,,
2026-07-29 18:13:21,4634,WKS-IT-09,m.saban,2,,,,,
2026-07-29 18:25:44,4634,WKS-PAY-11,s.arbel,2,,,,,
2026-07-29 18:28:49,4634,WKS-HQ-17,a.dahan,2,,,,,
2026-07-29 18:31:15,4634,WKS-HQ-05,y.oren,2,,,,,
2026-07-29 18:47:50,4634,WKS-HQ-13,l.beit,2,,,,,
2026-07-29 19:14:21,4634,WKS-HQ-07,o.raviv,2,,,,,
2026-07-30 07:21:44,4624,WKS-HQ-25,z.amar,2,WKS-HQ-25,,,,
2026-07-30 07:31:30,4624,WKS-HQ-22,i.golan,2,WKS-HQ-22,,,,
2026-07-30 07:33:46,4624,WKS-HQ-26,p.stein,2,WKS-HQ-26,,,,
2026-07-30 07:39:23,4624,WKS-SEC-03,e.katz,2,WKS-SEC-03,,,,
2026-07-30 07:40:42,4624,WKS-HQ-23,s.mor,2,WKS-HQ-23,,,,
2026-07-30 07:44:21,4624,WKS-PAY-02,r.stern,2,WKS-PAY-02,,,,
2026-07-30 07:54:23,4624,WKS-HQ-19,y.segev,2,WKS-HQ-19,,,,
2026-07-30 08:04:44,4769,SRV-DC-01,z.amar,,WKS-HQ-25,mssqlsvc_svc,,,MSSQLSvc/srv-posmgt.northgate.local:1433
2026-07-30 08:06:07,4624,WKS-PAY-11,s.arbel,2,WKS-PAY-11,,,,
2026-07-30 08:07:53,4624,WKS-HQ-05,y.oren,2,WKS-HQ-05,,,,
2026-07-30 08:08:00,4624,WKS-HQ-17,a.dahan,2,WKS-HQ-17,,,,
2026-07-30 08:10:37,4624,WKS-IT-08,h.peretz,2,WKS-IT-08,,,,
2026-07-30 08:24:56,4624,WKS-HQ-20,k.oz,2,WKS-HQ-20,,,,
2026-07-30 08:27:46,4624,WKS-HQ-24,v.harel,2,WKS-HQ-24,,,,
2026-07-30 08:28:37,4769,SRV-DC-01,h.peretz,,WKS-IT-08,http_svc,,,HTTP/web-supplier.northgate.local
2026-07-30 08:32:19,4624,WKS-HQ-16,e.shalom,2,WKS-HQ-16,,,,
2026-07-30 08:32:27,4624,WKS-HQ-04,n.barzilai,2,WKS-HQ-04,,,,
2026-07-30 08:34:30,4688,WKS-HQ-22,i.golan,,,,chrome.exe,chrome.exe --restore-last-session,
2026-07-30 08:34:53,4624,WKS-IT-29,f.zohar,2,WKS-IT-29,,,,
2026-07-30 08:35:33,4624,WKS-IT-01,a.mizrahi,2,WKS-IT-01,,,,
2026-07-30 08:35:34,4672,WKS-IT-01,a.mizrahi,2,,,,,
2026-07-30 08:37:30,4624,WKS-IT-09,m.saban,2,WKS-IT-09,,,,
2026-07-30 08:40:23,4624,SRV-DC-01,e.katz,3,WKS-SEC-03,,,,
2026-07-30 08:43:20,4624,WKS-HQ-13,l.beit,2,WKS-HQ-13,,,,
2026-07-30 08:45:11,4624,WKS-SEC-10,d.levi,2,WKS-SEC-10,,,,
2026-07-30 08:45:47,4624,WKS-HQ-18,m.tal,2,WKS-HQ-18,,,,
2026-07-30 08:45:53,4624,WKS-HQ-21,b.naim,2,WKS-HQ-21,,,,
2026-07-30 08:46:54,4624,WKS-PAY-30,g.ben-ari,2,WKS-PAY-30,,,,
2026-07-30 08:49:30,4769,SRV-DC-01,m.saban,,WKS-IT-09,cifs_svc,,,CIFS/srv-file-hq.northgate.local
2026-07-30 08:54:53,4769,SRV-DC-01,b.naim,,WKS-HQ-21,cifs_svc,,,CIFS/srv-file-hq.northgate.local
2026-07-30 08:56:11,4624,WKS-HQ-14,r.avni,2,WKS-HQ-14,,,,
2026-07-30 08:56:42,4769,SRV-DC-01,s.mor,,WKS-HQ-23,mssqlsvc_svc,,,MSSQLSvc/srv-cardproc.northgate.local:1433
2026-07-30 08:57:37,4769,SRV-DC-01,h.peretz,,WKS-IT-08,mssqlsvc_svc,,,MSSQLSvc/srv-cardproc.northgate.local:1433
2026-07-30 08:57:52,4624,WKS-PAY-12,t.hadar,2,WKS-PAY-12,,,,
2026-07-30 09:01:00,4624,SRV-FILE-HQ,a.dahan,3,WKS-HQ-17,,,,
2026-07-30 09:01:02,5140,SRV-FILE-HQ,a.dahan,3,WKS-HQ-17,,,,\\SRV-FILE-HQ\HR
2026-07-30 09:04:30,4624,SRV-FILE-HQ,m.saban,3,WKS-IT-09,,,,
2026-07-30 09:07:43,4624,WKS-HQ-28,u.regev,2,WKS-HQ-28,,,,
2026-07-30 09:10:40,4624,WKS-HQ-06,g.shemesh,2,WKS-HQ-06,,,,
2026-07-30 09:10:44,4624,WKS-HQ-07,o.raviv,2,WKS-HQ-07,,,,
2026-07-30 09:16:10,4624,WKS-HQ-15,n.hazan,2,WKS-HQ-15,,,,
2026-07-30 09:22:21,4688,WKS-PAY-02,r.stern,,,,excel.exe,excel.exe /dde,
2026-07-30 09:36:44,4769,SRV-DC-01,o.raviv,,WKS-HQ-07,cifs_svc,,,CIFS/srv-file-hq.northgate.local
2026-07-30 09:47:00,4769,SRV-DC-01,a.dahan,,WKS-HQ-17,cifs_svc,,,CIFS/srv-file-hq.northgate.local
2026-07-30 09:52:30,4769,SRV-DC-01,i.golan,,WKS-HQ-22,mssqlsvc_svc,,,MSSQLSvc/srv-posmgt.northgate.local:1433
2026-07-30 10:09:23,4769,SRV-DC-01,y.segev,,WKS-HQ-19,http_svc,,,HTTP/web-supplier.northgate.local
2026-07-30 10:09:30,4624,SRV-FILE-HQ,m.saban,3,WKS-IT-09,,,,
2026-07-30 10:15:44,4769,SRV-DC-01,o.raviv,,WKS-HQ-07,cifs_svc,,,CIFS/srv-file-hq.northgate.local
2026-07-30 10:15:53,4624,SRV-FILE-HQ,f.zohar,3,WKS-IT-29,,,,
2026-07-30 10:15:55,5140,SRV-FILE-HQ,f.zohar,3,WKS-IT-29,,,,\\SRV-FILE-HQ\IT
2026-07-30 10:19:54,4769,SRV-DC-01,g.ben-ari,,WKS-PAY-30,mssqlsvc_svc,,,MSSQLSvc/srv-cardproc.northgate.local:1433
2026-07-30 10:21:53,4624,SRV-DC-01,f.zohar,3,WKS-IT-29,,,,
2026-07-30 10:25:46,4624,SRV-POSMGT,v.harel,3,WKS-HQ-24,,,,
2026-07-30 10:39:11,4624,SRV-FILE-HQ,r.avni,3,WKS-HQ-14,,,,
2026-07-30 10:45:37,4624,SRV-FILE-HQ,h.peretz,3,WKS-IT-08,,,,
2026-07-30 10:47:53,4624,SRV-FILE-HQ,b.naim,3,WKS-HQ-21,,,,
2026-07-30 10:49:10,4769,SRV-DC-01,n.hazan,,WKS-HQ-15,mssqlsvc_svc,,,MSSQLSvc/srv-cardproc.northgate.local:1433
2026-07-30 10:51:37,4624,SRV-DC-01,h.peretz,3,WKS-IT-08,,,,
2026-07-30 10:51:39,5140,SRV-DC-01,h.peretz,3,WKS-IT-08,,,,\\SRV-DC-01\IT
2026-07-30 10:52:52,4769,SRV-DC-01,t.hadar,,WKS-PAY-12,cifs_svc,,,CIFS/srv-file-hq.northgate.local
2026-07-30 10:53:20,4769,SRV-DC-01,l.beit,,WKS-HQ-13,cifs_svc,,,CIFS/srv-file-hq.northgate.local
2026-07-30 10:56:43,4769,SRV-DC-01,u.regev,,WKS-HQ-28,mssqlsvc_svc,,,MSSQLSvc/srv-posmgt.northgate.local:1433
2026-07-30 10:59:44,4769,SRV-DC-01,z.amar,,WKS-HQ-25,mssqlsvc_svc,,,MSSQLSvc/srv-posmgt.northgate.local:1433
2026-07-30 11:02:11,4624,SRV-DC-01,d.levi,3,WKS-SEC-10,,,,
2026-07-30 11:02:13,5140,SRV-DC-01,d.levi,3,WKS-SEC-10,,,,\\SRV-DC-01\IT
2026-07-30 11:03:07,4624,SRV-CARDPROC,s.arbel,3,WKS-PAY-11,,,,
2026-07-30 11:10:11,4624,SRV-FILE-HQ,d.levi,3,WKS-SEC-10,,,,
2026-07-30 11:12:00,1116,POS-B17-01,e.katz,,,,MsMpEng.exe,,Trojan:Win32/Wacatac.B!ml
2026-07-30 11:14:33,4624,SRV-FILE-HQ,a.mizrahi,3,WKS-IT-01,,,,
2026-07-30 11:14:35,5140,SRV-FILE-HQ,a.mizrahi,3,WKS-IT-01,,,,\\SRV-FILE-HQ\IT
2026-07-30 11:20:53,4769,SRV-DC-01,y.oren,,WKS-HQ-05,mssqlsvc_svc,,,MSSQLSvc/srv-cardproc.northgate.local:1433
2026-07-30 11:23:27,4769,SRV-DC-01,n.barzilai,,WKS-HQ-04,cifs_svc,,,CIFS/srv-file-hq.northgate.local
2026-07-30 11:27:11,4688,WKS-SEC-10,d.levi,,,,chrome.exe,chrome.exe --restore-last-session,
2026-07-30 11:27:53,4624,SRV-FILE-HQ,y.oren,3,WKS-HQ-05,,,,
2026-07-30 11:28:46,4769,SRV-DC-01,p.stein,,WKS-HQ-26,mssqlsvc_svc,,,MSSQLSvc/srv-cardproc.northgate.local:1433
2026-07-30 11:31:33,4624,SRV-DC-01,a.mizrahi,3,WKS-IT-01,,,,
2026-07-30 11:33:00,4688,POS-B17-01,e.katz,,,,mpcmdrun.exe,mpcmdrun.exe -Scan -ScanType 2,
2026-07-30 11:37:11,4624,SRV-FILE-HQ,r.avni,3,WKS-HQ-14,,,,
2026-07-30 11:37:13,5140,SRV-FILE-HQ,r.avni,3,WKS-HQ-14,,,,\\SRV-FILE-HQ\Vendors
2026-07-30 11:43:33,4769,SRV-DC-01,a.mizrahi,,WKS-IT-01,http_svc,,,HTTP/web-supplier.northgate.local
2026-07-30 11:48:27,4688,WKS-HQ-04,n.barzilai,,,,chrome.exe,chrome.exe --restore-last-session,
2026-07-30 11:50:30,4769,SRV-DC-01,m.saban,,WKS-IT-09,cifs_svc,,,CIFS/srv-file-hq.northgate.local
2026-07-30 11:50:33,4624,SRV-FILE-HQ,a.mizrahi,3,WKS-IT-01,,,,
2026-07-30 11:54:43,4769,SRV-DC-01,u.regev,,WKS-HQ-28,mssqlsvc_svc,,,MSSQLSvc/srv-cardproc.northgate.local:1433
2026-07-30 12:03:00,4769,SRV-DC-01,a.dahan,,WKS-HQ-17,mssqlsvc_svc,,,MSSQLSvc/srv-posmgt.northgate.local:1433
2026-07-30 12:08:53,4624,SRV-FILE-HQ,b.naim,3,WKS-HQ-21,,,,
2026-07-30 12:08:55,5140,SRV-FILE-HQ,b.naim,3,WKS-HQ-21,,,,\\SRV-FILE-HQ\Logistics
2026-07-30 12:10:46,4688,WKS-HQ-26,p.stein,,,,excel.exe,excel.exe /dde,
2026-07-30 12:13:00,4624,SRV-FILE-HQ,a.dahan,3,WKS-HQ-17,,,,
2026-07-30 12:13:02,5140,SRV-FILE-HQ,a.dahan,3,WKS-HQ-17,,,,\\SRV-FILE-HQ\HR
2026-07-30 12:23:43,4624,SRV-FILE-HQ,u.regev,3,WKS-HQ-28,,,,
2026-07-30 12:23:45,5140,SRV-FILE-HQ,u.regev,3,WKS-HQ-28,,,,\\SRV-FILE-HQ\Marketing
2026-07-30 12:27:42,4624,SRV-POSMGT,s.mor,3,WKS-HQ-23,,,,
2026-07-30 12:30:33,4624,SRV-FILE-HQ,a.mizrahi,3,WKS-IT-01,,,,
2026-07-30 12:34:47,4624,SRV-FILE-HQ,m.tal,3,WKS-HQ-18,,,,
2026-07-30 12:34:49,5140,SRV-FILE-HQ,m.tal,3,WKS-HQ-18,,,,\\SRV-FILE-HQ\HR
2026-07-30 12:39:47,4769,SRV-DC-01,m.tal,,WKS-HQ-18,mssqlsvc_svc,,,MSSQLSvc/srv-cardproc.northgate.local:1433
2026-07-30 12:43:44,4624,SRV-POSMGT,z.amar,3,WKS-HQ-25,,,,
2026-07-30 12:52:07,4769,SRV-DC-01,s.arbel,,WKS-PAY-11,cifs_svc,,,CIFS/srv-file-hq.northgate.local
2026-07-30 12:55:53,4624,SRV-DC-01,f.zohar,3,WKS-IT-29,,,,
2026-07-30 13:01:11,4769,SRV-DC-01,r.avni,,WKS-HQ-14,cifs_svc,,,CIFS/srv-file-hq.northgate.local
2026-07-30 13:06:33,4769,SRV-DC-01,a.mizrahi,,WKS-IT-01,mssqlsvc_svc,,,MSSQLSvc/srv-posmgt.northgate.local:1433
2026-07-30 13:09:56,4688,WKS-HQ-20,k.oz,,,,excel.exe,excel.exe /dde,
2026-07-30 13:28:33,4688,WKS-IT-01,a.mizrahi,,,,outlook.exe,outlook.exe /recycle,
2026-07-30 13:29:20,4624,SRV-FILE-HQ,l.beit,3,WKS-HQ-13,,,,
2026-07-30 13:29:22,5140,SRV-FILE-HQ,l.beit,3,WKS-HQ-13,,,,\\SRV-FILE-HQ\Vendors
2026-07-30 13:31:27,4624,SRV-FILE-HQ,n.barzilai,3,WKS-HQ-04,,,,
2026-07-30 13:33:20,4769,SRV-DC-01,l.beit,,WKS-HQ-13,cifs_svc,,,CIFS/srv-file-hq.northgate.local
2026-07-30 13:42:30,4769,SRV-DC-01,m.saban,,WKS-IT-09,mssqlsvc_svc,,,MSSQLSvc/srv-posmgt.northgate.local:1433
2026-07-30 13:43:53,4624,SRV-FILE-HQ,y.oren,3,WKS-HQ-05,,,,
2026-07-30 13:43:55,5140,SRV-FILE-HQ,y.oren,3,WKS-HQ-05,,,,\\SRV-FILE-HQ\Procurement
2026-07-30 13:50:53,4624,SRV-FILE-HQ,b.naim,3,WKS-HQ-21,,,,
2026-07-30 13:50:55,5140,SRV-FILE-HQ,b.naim,3,WKS-HQ-21,,,,\\SRV-FILE-HQ\Logistics
2026-07-30 14:02:30,4624,SRV-DC-01,m.saban,3,WKS-IT-09,,,,
2026-07-30 14:12:56,4624,SRV-FILE-HQ,k.oz,3,WKS-HQ-20,,,,
2026-07-30 14:12:58,5140,SRV-FILE-HQ,k.oz,3,WKS-HQ-20,,,,\\SRV-FILE-HQ\Logistics
2026-07-30 14:13:54,4769,SRV-DC-01,g.ben-ari,,WKS-PAY-30,cifs_svc,,,CIFS/srv-file-hq.northgate.local
2026-07-30 14:27:10,4769,SRV-DC-01,n.hazan,,WKS-HQ-15,cifs_svc,,,CIFS/srv-file-hq.northgate.local
2026-07-30 14:38:10,4624,SRV-FILE-HQ,n.hazan,3,WKS-HQ-15,,,,
2026-07-30 14:40:27,4769,SRV-DC-01,n.barzilai,,WKS-HQ-04,mssqlsvc_svc,,,MSSQLSvc/srv-posmgt.northgate.local:1433
2026-07-30 14:47:23,4769,SRV-DC-01,y.segev,,WKS-HQ-19,mssqlsvc_svc,,,MSSQLSvc/srv-posmgt.northgate.local:1433
2026-07-30 14:47:23,4624,SRV-FILE-HQ,e.katz,3,WKS-SEC-03,,,,
2026-07-30 14:47:25,5140,SRV-FILE-HQ,e.katz,3,WKS-SEC-03,,,,\\SRV-FILE-HQ\IT
2026-07-30 14:56:46,4624,SRV-POSMGT,p.stein,3,WKS-HQ-26,,,,
2026-07-30 14:57:11,4624,SRV-DC-01,d.levi,3,WKS-SEC-10,,,,
2026-07-30 14:57:46,4769,SRV-DC-01,p.stein,,WKS-HQ-26,mssqlsvc_svc,,,MSSQLSvc/srv-posmgt.northgate.local:1433
2026-07-30 15:04:00,4624,SRV-FILE-HQ,a.dahan,3,WKS-HQ-17,,,,
2026-07-30 15:10:20,4769,SRV-DC-01,l.beit,,WKS-HQ-13,mssqlsvc_svc,,,MSSQLSvc/srv-posmgt.northgate.local:1433
2026-07-30 15:17:54,4624,SRV-CARDPROC,g.ben-ari,3,WKS-PAY-30,,,,
2026-07-30 15:18:53,4769,SRV-DC-01,y.oren,,WKS-HQ-05,mssqlsvc_svc,,,MSSQLSvc/srv-cardproc.northgate.local:1433
2026-07-30 15:19:21,4624,SRV-CARDPROC,r.stern,3,WKS-PAY-02,,,,
2026-07-30 15:20:56,4624,SRV-FILE-HQ,k.oz,3,WKS-HQ-20,,,,
2026-07-30 15:20:58,5140,SRV-FILE-HQ,k.oz,3,WKS-HQ-20,,,,\\SRV-FILE-HQ\Logistics
2026-07-30 15:21:11,4769,SRV-DC-01,d.levi,,WKS-SEC-10,mssqlsvc_svc,,,MSSQLSvc/srv-cardproc.northgate.local:1433
2026-07-30 15:25:11,4769,SRV-DC-01,r.avni,,WKS-HQ-14,cifs_svc,,,CIFS/srv-file-hq.northgate.local
2026-07-30 15:28:46,4624,SRV-FILE-HQ,p.stein,3,WKS-HQ-26,,,,
2026-07-30 15:28:48,5140,SRV-FILE-HQ,p.stein,3,WKS-HQ-26,,,,\\SRV-FILE-HQ\Branches
2026-07-30 15:34:27,4624,SRV-FILE-HQ,n.barzilai,3,WKS-HQ-04,,,,
2026-07-30 15:37:46,4624,SRV-FILE-HQ,v.harel,3,WKS-HQ-24,,,,
2026-07-30 15:38:30,4624,SRV-DC-01,m.saban,3,WKS-IT-09,,,,
2026-07-30 15:41:23,4688,WKS-HQ-19,y.segev,,,,teams.exe,teams.exe --system-initiated,
2026-07-30 15:44:44,4624,SRV-FILE-HQ,z.amar,3,WKS-HQ-25,,,,
2026-07-30 15:48:08,4634,WKS-PAY-02,r.stern,2,,,,,
2026-07-30 15:49:21,4624,SRV-CARDPROC,r.stern,3,WKS-PAY-02,,,,
2026-07-30 15:49:23,5140,SRV-CARDPROC,r.stern,3,WKS-PAY-02,,,,\\SRV-CARDPROC\Payments
2026-07-30 15:49:43,4624,SRV-FILE-HQ,u.regev,3,WKS-HQ-28,,,,
2026-07-30 15:56:37,4624,SRV-DC-01,h.peretz,3,WKS-IT-08,,,,
2026-07-30 16:06:20,4624,SRV-FILE-HQ,l.beit,3,WKS-HQ-13,,,,
2026-07-30 16:06:22,5140,SRV-FILE-HQ,l.beit,3,WKS-HQ-13,,,,\\SRV-FILE-HQ\Vendors
2026-07-30 16:10:47,4624,SRV-FILE-HQ,m.tal,3,WKS-HQ-18,,,,
2026-07-30 16:14:44,4624,SRV-FILE-HQ,o.raviv,3,WKS-HQ-07,,,,
2026-07-30 16:18:20,4624,SRV-FILE-HQ,l.beit,3,WKS-HQ-13,,,,
2026-07-30 16:18:22,5140,SRV-FILE-HQ,l.beit,3,WKS-HQ-13,,,,\\SRV-FILE-HQ\Procurement
2026-07-30 16:29:53,4688,WKS-IT-29,f.zohar,,,,outlook.exe,outlook.exe /recycle,
2026-07-30 16:36:26,4634,WKS-HQ-05,y.oren,2,,,,,
2026-07-30 16:37:02,4634,WKS-HQ-26,p.stein,2,,,,,
2026-07-30 16:38:26,4634,WKS-HQ-22,i.golan,2,,,,,
2026-07-30 16:39:02,4634,WKS-IT-29,f.zohar,2,,,,,
2026-07-30 16:41:44,4634,WKS-IT-01,a.mizrahi,2,,,,,
2026-07-30 16:46:33,4624,SRV-FILE-HQ,a.mizrahi,3,WKS-IT-01,,,,
2026-07-30 16:49:21,4634,WKS-HQ-25,z.amar,2,,,,,
2026-07-30 16:54:24,4634,WKS-SEC-03,e.katz,2,,,,,
2026-07-30 17:05:43,4769,SRV-DC-01,u.regev,,WKS-HQ-28,mssqlsvc_svc,,,MSSQLSvc/srv-posmgt.northgate.local:1433
2026-07-30 17:17:40,4624,SRV-FILE-HQ,g.shemesh,3,WKS-HQ-06,,,,
2026-07-30 17:17:42,5140,SRV-FILE-HQ,g.shemesh,3,WKS-HQ-06,,,,\\SRV-FILE-HQ\Finance
2026-07-30 17:27:43,4634,WKS-PAY-11,s.arbel,2,,,,,
2026-07-30 17:37:10,4624,SRV-FILE-HQ,n.hazan,3,WKS-HQ-15,,,,
2026-07-30 17:41:52,4634,WKS-IT-08,h.peretz,2,,,,,
2026-07-30 17:44:43,4624,SRV-FILE-HQ,u.regev,3,WKS-HQ-28,,,,
2026-07-30 17:44:45,5140,SRV-FILE-HQ,u.regev,3,WKS-HQ-28,,,,\\SRV-FILE-HQ\Marketing
2026-07-30 17:46:54,4634,WKS-HQ-13,l.beit,2,,,,,
2026-07-30 17:47:29,4634,WKS-HQ-20,k.oz,2,,,,,
2026-07-30 17:47:51,4634,WKS-HQ-24,v.harel,2,,,,,
2026-07-30 17:48:11,4634,WKS-IT-09,m.saban,2,,,,,
2026-07-30 17:48:56,4634,WKS-HQ-06,g.shemesh,2,,,,,
2026-07-30 17:49:21,4634,WKS-HQ-23,s.mor,2,,,,,
2026-07-30 17:51:23,4634,WKS-HQ-19,y.segev,2,,,,,
2026-07-30 17:59:23,4634,WKS-HQ-04,n.barzilai,2,,,,,
2026-07-30 17:59:31,4634,WKS-SEC-10,d.levi,2,,,,,
2026-07-30 18:02:54,4634,WKS-PAY-12,t.hadar,2,,,,,
2026-07-30 18:08:51,4634,WKS-HQ-18,m.tal,2,,,,,
2026-07-30 18:14:20,4634,WKS-HQ-14,r.avni,2,,,,,
2026-07-30 18:19:02,4634,WKS-HQ-17,a.dahan,2,,,,,
2026-07-30 18:23:04,4634,WKS-PAY-30,g.ben-ari,2,,,,,
2026-07-30 18:27:16,4634,WKS-HQ-07,o.raviv,2,,,,,
2026-07-30 18:33:39,4634,WKS-HQ-15,n.hazan,2,,,,,
2026-07-30 18:36:43,4634,WKS-HQ-16,e.shalom,2,,,,,
2026-07-30 18:58:34,4634,WKS-HQ-21,b.naim,2,,,,,
2026-07-30 19:06:30,4634,WKS-HQ-28,u.regev,2,,,,,
2026-08-01 08:58:05,4624,WKS-HQ-07,o.raviv,2,WKS-HQ-07,,,,
2026-08-01 10:29:05,4769,SRV-DC-01,o.raviv,,WKS-HQ-07,http_svc,,,HTTP/web-supplier.northgate.local
2026-08-01 11:38:05,4624,SRV-FILE-HQ,o.raviv,3,WKS-HQ-07,,,,
2026-08-01 11:38:07,5140,SRV-FILE-HQ,o.raviv,3,WKS-HQ-07,,,,\\SRV-FILE-HQ\Finance
2026-08-01 15:26:05,4624,SRV-FILE-HQ,o.raviv,3,WKS-HQ-07,,,,
2026-08-01 15:54:05,4769,SRV-DC-01,o.raviv,,WKS-HQ-07,mssqlsvc_svc,,,MSSQLSvc/srv-posmgt.northgate.local:1433
2026-08-01 18:08:01,4634,WKS-HQ-07,o.raviv,2,,,,,
2026-08-02 07:07:24,4624,WKS-HQ-25,z.amar,2,WKS-HQ-25,,,,
2026-08-02 07:38:21,4624,WKS-HQ-26,p.stein,2,WKS-HQ-26,,,,
2026-08-02 07:44:08,4624,WKS-HQ-23,s.mor,2,WKS-HQ-23,,,,
2026-08-02 07:48:46,4624,WKS-HQ-24,v.harel,2,WKS-HQ-24,,,,
2026-08-02 07:49:06,4624,WKS-HQ-22,i.golan,2,WKS-HQ-22,,,,
2026-08-02 07:54:46,4624,WKS-PAY-02,r.stern,2,WKS-PAY-02,,,,
2026-08-02 07:54:58,4624,WKS-IT-01,a.mizrahi,2,WKS-IT-01,,,,
2026-08-02 07:54:59,4672,WKS-IT-01,a.mizrahi,2,,,,,
2026-08-02 07:59:44,4624,WKS-PAY-11,s.arbel,2,WKS-PAY-11,,,,
2026-08-02 08:10:19,4624,WKS-HQ-16,e.shalom,2,WKS-HQ-16,,,,
2026-08-02 08:10:36,4625,WKS-PAY-30,g.ben-ari,2,WKS-PAY-30,,,,
2026-08-02 08:11:21,4688,WKS-HQ-26,p.stein,,,,outlook.exe,outlook.exe /recycle,
2026-08-02 08:11:30,4624,WKS-PAY-30,g.ben-ari,2,WKS-PAY-30,,,,
2026-08-02 08:12:42,4624,WKS-IT-08,h.peretz,2,WKS-IT-08,,,,
2026-08-02 08:20:23,4624,WKS-SEC-03,e.katz,2,WKS-SEC-03,,,,
2026-08-02 08:25:45,4624,WKS-HQ-19,y.segev,2,WKS-HQ-19,,,,
2026-08-02 08:26:06,4769,SRV-DC-01,i.golan,,WKS-HQ-22,mssqlsvc_svc,,,MSSQLSvc/srv-posmgt.northgate.local:1433
2026-08-02 08:26:27,4624,WKS-SEC-10,d.levi,2,WKS-SEC-10,,,,
2026-08-02 08:28:08,4624,WKS-HQ-20,k.oz,2,WKS-HQ-20,,,,
2026-08-02 08:36:12,4624,WKS-HQ-28,u.regev,2,WKS-HQ-28,,,,
2026-08-02 08:43:47,4624,WKS-PAY-12,t.hadar,2,WKS-PAY-12,,,,
2026-08-02 08:45:49,4625,WKS-HQ-07,o.raviv,2,WKS-HQ-07,,,,
2026-08-02 08:45:49,4624,WKS-IT-29,f.zohar,2,WKS-IT-29,,,,
2026-08-02 08:46:45,4624,WKS-HQ-05,y.oren,2,WKS-HQ-05,,,,
2026-08-02 08:47:11,4624,WKS-HQ-07,o.raviv,2,WKS-HQ-07,,,,
2026-08-02 08:47:16,4624,WKS-HQ-04,n.barzilai,2,WKS-HQ-04,,,,
2026-08-02 08:48:08,4624,SRV-FILE-HQ,k.oz,3,WKS-HQ-20,,,,
2026-08-02 08:48:10,5140,SRV-FILE-HQ,k.oz,3,WKS-HQ-20,,,,\\SRV-FILE-HQ\Logistics
2026-08-02 08:52:24,4769,SRV-DC-01,z.amar,,WKS-HQ-25,mssqlsvc_svc,,,MSSQLSvc/srv-posmgt.northgate.local:1433
2026-08-02 08:52:47,4769,SRV-DC-01,t.hadar,,WKS-PAY-12,http_svc,,,HTTP/web-supplier.northgate.local
2026-08-02 08:55:08,4769,SRV-DC-01,s.mor,,WKS-HQ-23,mssqlsvc_svc,,,MSSQLSvc/srv-cardproc.northgate.local:1433
2026-08-02 08:57:35,4624,WKS-IT-09,m.saban,2,WKS-IT-09,,,,
2026-08-02 08:57:54,4624,WKS-HQ-14,r.avni,2,WKS-HQ-14,,,,
2026-08-02 08:59:46,4624,SRV-CARDPROC,r.stern,3,WKS-PAY-02,,,,
2026-08-02 08:59:49,4769,SRV-DC-01,f.zohar,,WKS-IT-29,cifs_svc,,,CIFS/srv-file-hq.northgate.local
2026-08-02 09:07:35,4624,SRV-DC-01,m.saban,3,WKS-IT-09,,,,
2026-08-02 09:07:37,5140,SRV-DC-01,m.saban,3,WKS-IT-09,,,,\\SRV-DC-01\IT
2026-08-02 09:09:29,4624,WKS-HQ-06,g.shemesh,2,WKS-HQ-06,,,,
2026-08-02 09:14:47,4624,SRV-FILE-HQ,t.hadar,3,WKS-PAY-12,,,,
2026-08-02 09:14:49,5140,SRV-FILE-HQ,t.hadar,3,WKS-PAY-12,,,,\\SRV-FILE-HQ\Payments
2026-08-02 09:21:04,4624,WKS-HQ-17,a.dahan,2,WKS-HQ-17,,,,
2026-08-02 09:22:27,4769,SRV-DC-01,d.levi,,WKS-SEC-10,http_svc,,,HTTP/web-supplier.northgate.local
2026-08-02 09:23:46,4769,SRV-DC-01,r.stern,,WKS-PAY-02,cifs_svc,,,CIFS/srv-file-hq.northgate.local
2026-08-02 09:31:19,4769,SRV-DC-01,e.shalom,,WKS-HQ-16,http_svc,,,HTTP/web-supplier.northgate.local
2026-08-02 09:33:45,4769,SRV-DC-01,y.oren,,WKS-HQ-05,cifs_svc,,,CIFS/srv-file-hq.northgate.local
2026-08-02 09:36:04,4624,SRV-FILE-HQ,a.dahan,3,WKS-HQ-17,,,,
2026-08-02 09:36:45,4769,SRV-DC-01,y.segev,,WKS-HQ-19,mssqlsvc_svc,,,MSSQLSvc/srv-posmgt.northgate.local:1433
2026-08-02 09:37:27,4769,SRV-DC-01,d.levi,,WKS-SEC-10,mssqlsvc_svc,,,MSSQLSvc/srv-cardproc.northgate.local:1433
2026-08-02 09:40:21,4769,SRV-DC-01,p.stein,,WKS-HQ-26,cifs_svc,,,CIFS/srv-file-hq.northgate.local
2026-08-02 09:42:13,4624,WKS-HQ-15,n.hazan,2,WKS-HQ-15,,,,
2026-08-02 09:46:29,4769,SRV-DC-01,g.shemesh,,WKS-HQ-06,cifs_svc,,,CIFS/srv-file-hq.northgate.local
2026-08-02 10:03:46,4624,SRV-FILE-HQ,v.harel,3,WKS-HQ-24,,,,
2026-08-02 10:11:16,4769,SRV-DC-01,n.barzilai,,WKS-HQ-04,cifs_svc,,,CIFS/srv-file-hq.northgate.local
2026-08-02 10:12:13,4769,SRV-DC-01,n.hazan,,WKS-HQ-15,http_svc,,,HTTP/web-supplier.northgate.local
2026-08-02 10:14:16,4624,SRV-FILE-HQ,n.barzilai,3,WKS-HQ-04,,,,
2026-08-02 10:14:18,5140,SRV-FILE-HQ,n.barzilai,3,WKS-HQ-04,,,,\\SRV-FILE-HQ\Finance
2026-08-02 10:19:58,4624,SRV-DC-01,a.mizrahi,3,WKS-IT-01,,,,
2026-08-02 10:21:58,4769,SRV-DC-01,a.mizrahi,,WKS-IT-01,mssqlsvc_svc,,,MSSQLSvc/srv-cardproc.northgate.local:1433
2026-08-02 10:22:04,4769,SRV-DC-01,a.dahan,,WKS-HQ-17,mssqlsvc_svc,,,MSSQLSvc/srv-cardproc.northgate.local:1433
2026-08-02 10:27:12,4769,SRV-DC-01,u.regev,,WKS-HQ-28,mssqlsvc_svc,,,MSSQLSvc/srv-posmgt.northgate.local:1433
2026-08-02 10:55:30,4769,SRV-DC-01,g.ben-ari,,WKS-PAY-30,mssqlsvc_svc,,,MSSQLSvc/srv-cardproc.northgate.local:1433
2026-08-02 11:02:13,4624,SRV-FILE-HQ,n.hazan,3,WKS-HQ-15,,,,
2026-08-02 11:03:13,4624,SRV-FILE-HQ,n.hazan,3,WKS-HQ-15,,,,
2026-08-02 11:03:15,5140,SRV-FILE-HQ,n.hazan,3,WKS-HQ-15,,,,\\SRV-FILE-HQ\Finance
2026-08-02 11:11:35,4688,WKS-IT-09,m.saban,,,,excel.exe,excel.exe /dde,
2026-08-02 11:17:19,4688,WKS-HQ-16,e.shalom,,,,excel.exe,excel.exe /dde,
2026-08-02 11:19:35,4769,SRV-DC-01,m.saban,,WKS-IT-09,mssqlsvc_svc,,,MSSQLSvc/srv-posmgt.northgate.local:1433
2026-08-02 11:20:44,4624,SRV-CARDPROC,s.arbel,3,WKS-PAY-11,,,,
2026-08-02 11:36:42,4769,SRV-DC-01,h.peretz,,WKS-IT-08,mssqlsvc_svc,,,MSSQLSvc/srv-cardproc.northgate.local:1433
2026-08-02 11:44:44,4624,SRV-CARDPROC,s.arbel,3,WKS-PAY-11,,,,
2026-08-02 11:44:46,5140,SRV-CARDPROC,s.arbel,3,WKS-PAY-11,,,,\\SRV-CARDPROC\Payments
2026-08-02 11:47:46,4769,SRV-DC-01,r.stern,,WKS-PAY-02,http_svc,,,HTTP/web-supplier.northgate.local
2026-08-02 11:53:16,4624,SRV-FILE-HQ,n.barzilai,3,WKS-HQ-04,,,,
2026-08-02 12:02:46,4624,SRV-CARDPROC,r.stern,3,WKS-PAY-02,,,,
2026-08-02 12:02:48,5140,SRV-CARDPROC,r.stern,3,WKS-PAY-02,,,,\\SRV-CARDPROC\Payments
2026-08-02 12:05:06,4769,SRV-DC-01,i.golan,,WKS-HQ-22,http_svc,,,HTTP/web-supplier.northgate.local
2026-08-02 12:08:35,4624,SRV-DC-01,m.saban,3,WKS-IT-09,,,,
2026-08-02 12:13:58,4624,SRV-DC-01,a.mizrahi,3,WKS-IT-01,,,,
2026-08-02 12:14:00,5140,SRV-DC-01,a.mizrahi,3,WKS-IT-01,,,,\\SRV-DC-01\IT
2026-08-02 12:16:06,4769,SRV-DC-01,i.golan,,WKS-HQ-22,http_svc,,,HTTP/web-supplier.northgate.local
2026-08-02 12:17:46,4624,SRV-FILE-HQ,r.stern,3,WKS-PAY-02,,,,
2026-08-02 12:19:21,4624,SRV-FILE-HQ,p.stein,3,WKS-HQ-26,,,,
2026-08-02 12:21:24,4769,SRV-DC-01,z.amar,,WKS-HQ-25,mssqlsvc_svc,,,MSSQLSvc/srv-cardproc.northgate.local:1433
2026-08-02 12:22:13,4624,SRV-FILE-HQ,n.hazan,3,WKS-HQ-15,,,,
2026-08-02 12:27:46,4624,SRV-FILE-HQ,v.harel,3,WKS-HQ-24,,,,
2026-08-02 12:34:12,4624,SRV-FILE-HQ,u.regev,3,WKS-HQ-28,,,,
2026-08-02 12:34:14,5140,SRV-FILE-HQ,u.regev,3,WKS-HQ-28,,,,\\SRV-FILE-HQ\Marketing
2026-08-02 12:55:04,4769,SRV-DC-01,a.dahan,,WKS-HQ-17,http_svc,,,HTTP/web-supplier.northgate.local
2026-08-02 12:56:30,4688,WKS-PAY-30,g.ben-ari,,,,winword.exe,winword.exe /w,
2026-08-02 13:01:04,4624,SRV-FILE-HQ,a.dahan,3,WKS-HQ-17,,,,
2026-08-02 13:01:44,4688,WKS-PAY-11,s.arbel,,,,chrome.exe,chrome.exe --restore-last-session,
2026-08-02 13:02:12,4624,SRV-FILE-HQ,u.regev,3,WKS-HQ-28,,,,
2026-08-02 13:02:12,4769,SRV-DC-01,u.regev,,WKS-HQ-28,mssqlsvc_svc,,,MSSQLSvc/srv-posmgt.northgate.local:1433
2026-08-02 13:02:14,5140,SRV-FILE-HQ,u.regev,3,WKS-HQ-28,,,,\\SRV-FILE-HQ\Marketing
2026-08-02 13:17:19,4624,SRV-FILE-HQ,e.shalom,3,WKS-HQ-16,,,,
2026-08-02 13:17:21,5140,SRV-FILE-HQ,e.shalom,3,WKS-HQ-16,,,,\\SRV-FILE-HQ\Finance
2026-08-02 13:22:46,4624,SRV-POSMGT,v.harel,3,WKS-HQ-24,,,,
2026-08-02 13:41:44,4624,SRV-CARDPROC,s.arbel,3,WKS-PAY-11,,,,
2026-08-02 13:41:46,5140,SRV-CARDPROC,s.arbel,3,WKS-PAY-11,,,,\\SRV-CARDPROC\Payments
2026-08-02 13:49:06,4624,SRV-POSMGT,i.golan,3,WKS-HQ-22,,,,
2026-08-02 13:49:08,5140,SRV-POSMGT,i.golan,3,WKS-HQ-22,,,,\\SRV-POSMGT\Branches
2026-08-02 13:52:46,4769,SRV-DC-01,v.harel,,WKS-HQ-24,mssqlsvc_svc,,,MSSQLSvc/srv-posmgt.northgate.local:1433
2026-08-02 13:53:35,4769,SRV-DC-01,m.saban,,WKS-IT-09,mssqlsvc_svc,,,MSSQLSvc/srv-cardproc.northgate.local:1433
2026-08-02 14:07:27,4624,SRV-DC-01,d.levi,3,WKS-SEC-10,,,,
2026-08-02 14:08:06,4624,SRV-FILE-HQ,i.golan,3,WKS-HQ-22,,,,
2026-08-02 14:09:54,4769,SRV-DC-01,r.avni,,WKS-HQ-14,cifs_svc,,,CIFS/srv-file-hq.northgate.local
2026-08-02 14:14:46,4769,SRV-DC-01,v.harel,,WKS-HQ-24,mssqlsvc_svc,,,MSSQLSvc/srv-cardproc.northgate.local:1433
2026-08-02 14:21:42,4769,SRV-DC-01,h.peretz,,WKS-IT-08,cifs_svc,,,CIFS/srv-file-hq.northgate.local
2026-08-02 14:33:12,4624,SRV-FILE-HQ,u.regev,3,WKS-HQ-28,,,,
2026-08-02 14:41:21,4769,SRV-DC-01,p.stein,,WKS-HQ-26,mssqlsvc_svc,,,MSSQLSvc/srv-cardproc.northgate.local:1433
2026-08-02 14:45:19,4769,SRV-DC-01,e.shalom,,WKS-HQ-16,cifs_svc,,,CIFS/srv-file-hq.northgate.local
2026-08-02 14:51:08,4769,SRV-DC-01,k.oz,,WKS-HQ-20,mssqlsvc_svc,,,MSSQLSvc/srv-posmgt.northgate.local:1433
2026-08-02 14:55:45,4624,SRV-FILE-HQ,y.segev,3,WKS-HQ-19,,,,
2026-08-02 14:57:13,4769,SRV-DC-01,n.hazan,,WKS-HQ-15,cifs_svc,,,CIFS/srv-file-hq.northgate.local
2026-08-02 15:04:24,4624,SRV-FILE-HQ,z.amar,3,WKS-HQ-25,,,,
2026-08-02 15:08:08,4624,SRV-FILE-HQ,k.oz,3,WKS-HQ-20,,,,
2026-08-02 15:08:10,5140,SRV-FILE-HQ,k.oz,3,WKS-HQ-20,,,,\\SRV-FILE-HQ\Logistics
2026-08-02 15:12:30,4624,SRV-CARDPROC,g.ben-ari,3,WKS-PAY-30,,,,
2026-08-02 15:29:49,4624,SRV-DC-01,f.zohar,3,WKS-IT-29,,,,
2026-08-02 15:30:12,4769,SRV-DC-01,u.regev,,WKS-HQ-28,mssqlsvc_svc,,,MSSQLSvc/srv-posmgt.northgate.local:1433
2026-08-02 15:37:04,4769,SRV-DC-01,a.dahan,,WKS-HQ-17,cifs_svc,,,CIFS/srv-file-hq.northgate.local
2026-08-02 15:42:45,4624,SRV-FILE-HQ,y.segev,3,WKS-HQ-19,,,,
2026-08-02 15:50:47,4624,SRV-CARDPROC,t.hadar,3,WKS-PAY-12,,,,
2026-08-02 15:50:49,5140,SRV-CARDPROC,t.hadar,3,WKS-PAY-12,,,,\\SRV-CARDPROC\Payments
2026-08-02 15:51:21,4624,SRV-FILE-HQ,p.stein,3,WKS-HQ-26,,,,
2026-08-02 15:53:44,4634,WKS-HQ-26,p.stein,2,,,,,
2026-08-02 16:02:58,4769,SRV-DC-01,a.mizrahi,,WKS-IT-01,mssqlsvc_svc,,,MSSQLSvc/srv-posmgt.northgate.local:1433
2026-08-02 16:07:58,4769,SRV-DC-01,a.mizrahi,,WKS-IT-01,http_svc,,,HTTP/web-supplier.northgate.local
2026-08-02 16:10:45,4624,SRV-FILE-HQ,y.oren,3,WKS-HQ-05,,,,
2026-08-02 16:10:47,5140,SRV-FILE-HQ,y.oren,3,WKS-HQ-05,,,,\\SRV-FILE-HQ\Procurement
2026-08-02 16:15:58,4624,SRV-FILE-HQ,a.mizrahi,3,WKS-IT-01,,,,
2026-08-02 16:16:00,5140,SRV-FILE-HQ,a.mizrahi,3,WKS-IT-01,,,,\\SRV-FILE-HQ\IT
2026-08-02 16:19:09,4634,WKS-PAY-30,g.ben-ari,2,,,,,
2026-08-02 16:23:29,4688,WKS-HQ-06,g.shemesh,,,,winword.exe,winword.exe /w,
2026-08-02 16:26:46,4624,SRV-CARDPROC,r.stern,3,WKS-PAY-02,,,,
2026-08-02 16:40:42,4624,SRV-DC-01,h.peretz,3,WKS-IT-08,,,,
2026-08-02 16:40:44,5140,SRV-DC-01,h.peretz,3,WKS-IT-08,,,,\\SRV-DC-01\IT
2026-08-02 16:47:42,4624,SRV-FILE-HQ,h.peretz,3,WKS-IT-08,,,,
2026-08-02 16:47:44,5140,SRV-FILE-HQ,h.peretz,3,WKS-IT-08,,,,\\SRV-FILE-HQ\IT
2026-08-02 16:52:12,4624,SRV-FILE-HQ,u.regev,3,WKS-HQ-28,,,,
2026-08-02 16:52:13,4634,WKS-HQ-25,z.amar,2,,,,,
2026-08-02 16:52:14,5140,SRV-FILE-HQ,u.regev,3,WKS-HQ-28,,,,\\SRV-FILE-HQ\Marketing
2026-08-02 17:01:08,4634,WKS-HQ-24,v.harel,2,,,,,
2026-08-02 17:01:31,4634,WKS-HQ-23,s.mor,2,,,,,
2026-08-02 17:04:01,4634,WKS-HQ-28,u.regev,2,,,,,
2026-08-02 17:15:12,4634,WKS-HQ-14,r.avni,2,,,,,
2026-08-02 17:21:11,4624,SRV-FILE-HQ,o.raviv,3,WKS-HQ-07,,,,
2026-08-02 17:21:13,5140,SRV-FILE-HQ,o.raviv,3,WKS-HQ-07,,,,\\SRV-FILE-HQ\Finance
2026-08-02 17:30:43,4634,WKS-PAY-02,r.stern,2,,,,,
2026-08-02 17:34:28,4634,WKS-IT-08,h.peretz,2,,,,,
2026-08-02 17:42:43,4634,WKS-HQ-19,y.segev,2,,,,,
2026-08-02 17:52:20,4634,WKS-IT-09,m.saban,2,,,,,
2026-08-02 17:55:04,4634,WKS-IT-01,a.mizrahi,2,,,,,
2026-08-02 17:55:33,4634,WKS-HQ-16,e.shalom,2,,,,,
2026-08-02 17:56:53,4634,WKS-HQ-22,i.golan,2,,,,,
2026-08-02 17:59:43,4634,WKS-PAY-11,s.arbel,2,,,,,
2026-08-02 18:10:37,4634,WKS-HQ-07,o.raviv,2,,,,,
2026-08-02 18:20:23,4634,WKS-HQ-04,n.barzilai,2,,,,,
2026-08-02 18:24:07,4634,WKS-HQ-17,a.dahan,2,,,,,
2026-08-02 18:34:14,4634,WKS-SEC-10,d.levi,2,,,,,
2026-08-02 18:35:04,4634,WKS-SEC-03,e.katz,2,,,,,
2026-08-02 18:36:51,4634,WKS-HQ-20,k.oz,2,,,,,
2026-08-02 18:45:37,4634,WKS-PAY-12,t.hadar,2,,,,,
2026-08-02 18:51:47,4634,WKS-IT-29,f.zohar,2,,,,,
2026-08-02 18:59:00,4634,WKS-HQ-05,y.oren,2,,,,,
2026-08-02 19:20:25,4634,WKS-HQ-15,n.hazan,2,,,,,
2026-08-02 19:28:42,4634,WKS-HQ-06,g.shemesh,2,,,,,
2026-08-03 06:45:37,4624,WKS-HQ-25,z.amar,2,WKS-HQ-25,,,,
2026-08-03 07:14:21,4625,WKS-HQ-26,p.stein,2,WKS-HQ-26,,,,
2026-08-03 07:15:13,4624,WKS-HQ-26,p.stein,2,WKS-HQ-26,,,,
2026-08-03 07:30:47,4624,WKS-HQ-22,i.golan,2,WKS-HQ-22,,,,
2026-08-03 07:41:37,4624,WKS-HQ-23,s.mor,2,WKS-HQ-23,,,,
2026-08-03 07:46:38,4624,WKS-PAY-02,r.stern,2,WKS-PAY-02,,,,
2026-08-03 08:00:31,4624,WKS-HQ-24,v.harel,2,WKS-HQ-24,,,,
2026-08-03 08:08:00,4624,WKS-PAY-30,g.ben-ari,2,WKS-PAY-30,,,,
2026-08-03 08:11:31,4624,WKS-PAY-11,s.arbel,2,WKS-PAY-11,,,,
2026-08-03 08:15:10,4624,WKS-HQ-19,y.segev,2,WKS-HQ-19,,,,
2026-08-03 08:18:47,4624,WKS-IT-01,a.mizrahi,2,WKS-IT-01,,,,
2026-08-03 08:18:48,4672,WKS-IT-01,a.mizrahi,2,,,,,
2026-08-03 08:21:24,4624,WKS-HQ-20,k.oz,2,WKS-HQ-20,,,,
2026-08-03 08:21:32,4624,WKS-HQ-05,y.oren,2,WKS-HQ-05,,,,
2026-08-03 08:21:47,4624,SRV-POSMGT,i.golan,3,WKS-HQ-22,,,,
2026-08-03 08:23:13,4624,WKS-IT-09,m.saban,2,WKS-IT-09,,,,
2026-08-03 08:25:28,4624,WKS-HQ-16,e.shalom,2,WKS-HQ-16,,,,
2026-08-03 08:26:16,4624,WKS-SEC-03,e.katz,2,WKS-SEC-03,,,,
2026-08-03 08:26:47,4624,SRV-FILE-HQ,a.mizrahi,3,WKS-IT-01,,,,
2026-08-03 08:26:49,5140,SRV-FILE-HQ,a.mizrahi,3,WKS-IT-01,,,,\\SRV-FILE-HQ\IT
2026-08-03 08:32:41,4624,WKS-HQ-21,b.naim,2,WKS-HQ-21,,,,
2026-08-03 08:35:37,4624,SRV-FILE-HQ,s.mor,3,WKS-HQ-23,,,,
2026-08-03 08:35:39,5140,SRV-FILE-HQ,s.mor,3,WKS-HQ-23,,,,\\SRV-FILE-HQ\Branches
2026-08-03 08:39:00,4624,WKS-PAY-12,t.hadar,2,WKS-PAY-12,,,,
2026-08-03 08:44:53,4624,WKS-HQ-06,g.shemesh,2,WKS-HQ-06,,,,
2026-08-03 08:46:28,4624,WKS-SEC-10,d.levi,2,WKS-SEC-10,,,,
2026-08-03 08:46:31,4624,WKS-HQ-04,n.barzilai,2,WKS-HQ-04,,,,
2026-08-03 08:46:50,4624,WKS-IT-08,h.peretz,2,WKS-IT-08,,,,
2026-08-03 08:47:22,4624,WKS-HQ-14,r.avni,2,WKS-HQ-14,,,,
2026-08-03 08:54:00,4624,WKS-HQ-27,c.barak,2,WKS-HQ-27,,,,
2026-08-03 08:57:10,4624,WKS-HQ-18,m.tal,2,WKS-HQ-18,,,,
2026-08-03 09:00:16,4769,SRV-DC-01,e.katz,,WKS-SEC-03,http_svc,,,HTTP/web-supplier.northgate.local
2026-08-03 09:04:32,4624,WKS-HQ-07,o.raviv,2,WKS-HQ-07,,,,
2026-08-03 09:05:15,4624,WKS-HQ-15,n.hazan,2,WKS-HQ-15,,,,
2026-08-03 09:07:24,4624,WKS-HQ-13,l.beit,2,WKS-HQ-13,,,,
2026-08-03 09:11:32,4624,WKS-HQ-17,a.dahan,2,WKS-HQ-17,,,,
2026-08-03 09:18:28,4624,SRV-FILE-HQ,e.shalom,3,WKS-HQ-16,,,,
2026-08-03 09:30:50,4624,SRV-FILE-HQ,h.peretz,3,WKS-IT-08,,,,
2026-08-03 09:33:15,4624,SRV-FILE-HQ,n.hazan,3,WKS-HQ-15,,,,
2026-08-03 09:40:16,4769,SRV-DC-01,e.katz,,WKS-SEC-03,cifs_svc,,,CIFS/srv-file-hq.northgate.local
2026-08-03 09:43:41,4769,SRV-DC-01,b.naim,,WKS-HQ-21,cifs_svc,,,CIFS/srv-file-hq.northgate.local
2026-08-03 09:52:50,4769,SRV-DC-01,h.peretz,,WKS-IT-08,mssqlsvc_svc,,,MSSQLSvc/srv-cardproc.northgate.local:1433
2026-08-03 09:56:00,4624,SRV-FILE-HQ,g.ben-ari,3,WKS-PAY-30,,,,
2026-08-03 09:56:02,5140,SRV-FILE-HQ,g.ben-ari,3,WKS-PAY-30,,,,\\SRV-FILE-HQ\Payments
2026-08-03 10:01:15,4769,SRV-DC-01,n.hazan,,WKS-HQ-15,mssqlsvc_svc,,,MSSQLSvc/srv-posmgt.northgate.local:1433
2026-08-03 10:01:24,4624,SRV-FILE-HQ,l.beit,3,WKS-HQ-13,,,,
2026-08-03 10:02:32,4624,SRV-FILE-HQ,o.raviv,3,WKS-HQ-07,,,,
2026-08-03 10:03:13,4624,SRV-FILE-HQ,p.stein,3,WKS-HQ-26,,,,
2026-08-03 10:09:15,4624,SRV-FILE-HQ,n.hazan,3,WKS-HQ-15,,,,
2026-08-03 10:13:13,4624,SRV-FILE-HQ,p.stein,3,WKS-HQ-26,,,,
2026-08-03 10:13:15,5140,SRV-FILE-HQ,p.stein,3,WKS-HQ-26,,,,\\SRV-FILE-HQ\Branches
2026-08-03 10:14:28,4769,SRV-DC-01,d.levi,,WKS-SEC-10,mssqlsvc_svc,,,MSSQLSvc/srv-cardproc.northgate.local:1433
2026-08-03 10:20:13,4769,SRV-DC-01,p.stein,,WKS-HQ-26,cifs_svc,,,CIFS/srv-file-hq.northgate.local
2026-08-03 10:21:00,4769,SRV-DC-01,c.barak,,WKS-HQ-27,cifs_svc,,,CIFS/srv-file-hq.northgate.local
2026-08-03 10:32:00,4769,SRV-DC-01,g.ben-ari,,WKS-PAY-30,cifs_svc,,,CIFS/srv-file-hq.northgate.local
2026-08-03 10:36:31,4769,SRV-DC-01,n.barzilai,,WKS-HQ-04,cifs_svc,,,CIFS/srv-file-hq.northgate.local
2026-08-03 10:38:24,4769,SRV-DC-01,l.beit,,WKS-HQ-13,mssqlsvc_svc,,,MSSQLSvc/srv-cardproc.northgate.local:1433
2026-08-03 10:44:13,4688,WKS-HQ-26,p.stein,,,,excel.exe,excel.exe /dde,
2026-08-03 10:47:32,4769,SRV-DC-01,a.dahan,,WKS-HQ-17,cifs_svc,,,CIFS/srv-file-hq.northgate.local
2026-08-03 10:53:50,4769,SRV-DC-01,h.peretz,,WKS-IT-08,mssqlsvc_svc,,,MSSQLSvc/srv-cardproc.northgate.local:1433
2026-08-03 10:54:00,4769,SRV-DC-01,t.hadar,,WKS-PAY-12,http_svc,,,HTTP/web-supplier.northgate.local
2026-08-03 10:55:31,4769,SRV-DC-01,v.harel,,WKS-HQ-24,cifs_svc,,,CIFS/srv-file-hq.northgate.local
2026-08-03 10:57:28,4769,SRV-DC-01,e.shalom,,WKS-HQ-16,mssqlsvc_svc,,,MSSQLSvc/srv-cardproc.northgate.local:1433
2026-08-03 11:00:28,4624,SRV-FILE-HQ,e.shalom,3,WKS-HQ-16,,,,
2026-08-03 11:14:22,4624,SRV-FILE-HQ,r.avni,3,WKS-HQ-14,,,,
2026-08-03 11:14:24,5140,SRV-FILE-HQ,r.avni,3,WKS-HQ-14,,,,\\SRV-FILE-HQ\Vendors
2026-08-03 11:19:10,4624,SRV-FILE-HQ,m.tal,3,WKS-HQ-18,,,,
2026-08-03 11:22:47,4624,SRV-POSMGT,i.golan,3,WKS-HQ-22,,,,
2026-08-03 11:22:49,5140,SRV-POSMGT,i.golan,3,WKS-HQ-22,,,,\\SRV-POSMGT\Branches
2026-08-03 11:23:41,4624,SRV-FILE-HQ,b.naim,3,WKS-HQ-21,,,,
2026-08-03 11:23:43,5140,SRV-FILE-HQ,b.naim,3,WKS-HQ-21,,,,\\SRV-FILE-HQ\Logistics
2026-08-03 11:29:16,4769,SRV-DC-01,e.katz,,WKS-SEC-03,http_svc,,,HTTP/web-supplier.northgate.local
2026-08-03 11:32:37,4688,WKS-HQ-23,s.mor,,,,chrome.exe,chrome.exe --restore-last-session,
2026-08-03 11:34:38,4769,SRV-DC-01,r.stern,,WKS-PAY-02,mssqlsvc_svc,,,MSSQLSvc/srv-cardproc.northgate.local:1433
2026-08-03 11:35:32,4624,SRV-FILE-HQ,o.raviv,3,WKS-HQ-07,,,,
2026-08-03 11:45:47,4624,SRV-FILE-HQ,i.golan,3,WKS-HQ-22,,,,
2026-08-03 11:45:49,5140,SRV-FILE-HQ,i.golan,3,WKS-HQ-22,,,,\\SRV-FILE-HQ\Branches
2026-08-03 11:49:38,4624,SRV-FILE-HQ,r.stern,3,WKS-PAY-02,,,,
2026-08-03 11:54:50,4769,SRV-DC-01,h.peretz,,WKS-IT-08,cifs_svc,,,CIFS/srv-file-hq.northgate.local
2026-08-03 11:58:32,4624,SRV-FILE-HQ,a.dahan,3,WKS-HQ-17,,,,
2026-08-03 12:05:22,4769,SRV-DC-01,r.avni,,WKS-HQ-14,mssqlsvc_svc,,,MSSQLSvc/srv-cardproc.northgate.local:1433
2026-08-03 12:08:28,4624,SRV-DC-01,d.levi,3,WKS-SEC-10,,,,
2026-08-03 12:08:30,5140,SRV-DC-01,d.levi,3,WKS-SEC-10,,,,\\SRV-DC-01\IT
2026-08-03 12:22:28,4624,SRV-DC-01,d.levi,3,WKS-SEC-10,,,,
2026-08-03 12:34:10,4624,SRV-FILE-HQ,y.segev,3,WKS-HQ-19,,,,
2026-08-03 12:36:15,4624,SRV-FILE-HQ,n.hazan,3,WKS-HQ-15,,,,
2026-08-03 12:36:17,5140,SRV-FILE-HQ,n.hazan,3,WKS-HQ-15,,,,\\SRV-FILE-HQ\Finance
2026-08-03 12:43:10,4624,SRV-FILE-HQ,y.segev,3,WKS-HQ-19,,,,
2026-08-03 12:43:12,5140,SRV-FILE-HQ,y.segev,3,WKS-HQ-19,,,,\\SRV-FILE-HQ\Logistics
2026-08-03 12:50:31,4624,SRV-FILE-HQ,n.barzilai,3,WKS-HQ-04,,,,
2026-08-03 12:50:33,5140,SRV-FILE-HQ,n.barzilai,3,WKS-HQ-04,,,,\\SRV-FILE-HQ\Finance
2026-08-03 12:53:16,4624,SRV-FILE-HQ,e.katz,3,WKS-SEC-03,,,,
2026-08-03 12:53:53,4769,SRV-DC-01,g.shemesh,,WKS-HQ-06,mssqlsvc_svc,,,MSSQLSvc/srv-posmgt.northgate.local:1433
2026-08-03 12:54:47,4624,SRV-POSMGT,i.golan,3,WKS-HQ-22,,,,
2026-08-03 13:00:13,4769,SRV-DC-01,m.saban,,WKS-IT-09,mssqlsvc_svc,,,MSSQLSvc/srv-cardproc.northgate.local:1433
2026-08-03 13:02:31,4624,SRV-FILE-HQ,v.harel,3,WKS-HQ-24,,,,
2026-08-03 13:02:33,5140,SRV-FILE-HQ,v.harel,3,WKS-HQ-24,,,,\\SRV-FILE-HQ\Branches
2026-08-03 13:03:00,4769,SRV-DC-01,c.barak,,WKS-HQ-27,mssqlsvc_svc,,,MSSQLSvc/srv-posmgt.northgate.local:1433
2026-08-03 13:04:37,4624,SRV-FILE-HQ,s.mor,3,WKS-HQ-23,,,,
2026-08-03 13:04:39,5140,SRV-FILE-HQ,s.mor,3,WKS-HQ-23,,,,\\SRV-FILE-HQ\Branches
2026-08-03 13:09:16,4624,SRV-FILE-HQ,e.katz,3,WKS-SEC-03,,,,
2026-08-03 13:21:00,4624,SRV-FILE-HQ,t.hadar,3,WKS-PAY-12,,,,
2026-08-03 13:22:10,4769,SRV-DC-01,y.segev,,WKS-HQ-19,cifs_svc,,,CIFS/srv-file-hq.northgate.local
2026-08-03 13:25:00,4624,SRV-FILE-HQ,c.barak,3,WKS-HQ-27,,,,
2026-08-03 13:27:22,4769,SRV-DC-01,r.avni,,WKS-HQ-14,http_svc,,,HTTP/web-supplier.northgate.local
2026-08-03 13:29:47,4769,SRV-DC-01,a.mizrahi,,WKS-IT-01,cifs_svc,,,CIFS/srv-file-hq.northgate.local
2026-08-03 13:32:31,4624,SRV-FILE-HQ,n.barzilai,3,WKS-HQ-04,,,,
2026-08-03 13:35:15,4769,SRV-DC-01,n.hazan,,WKS-HQ-15,mssqlsvc_svc,,,MSSQLSvc/srv-cardproc.northgate.local:1433
2026-08-03 13:35:32,4688,WKS-HQ-05,y.oren,,,,teams.exe,teams.exe --system-initiated,
2026-08-03 13:43:47,4769,SRV-DC-01,i.golan,,WKS-HQ-22,mssqlsvc_svc,,,MSSQLSvc/srv-cardproc.northgate.local:1433
2026-08-03 13:50:31,4624,SRV-CARDPROC,s.arbel,3,WKS-PAY-11,,,,
2026-08-03 14:00:22,4624,SRV-FILE-HQ,r.avni,3,WKS-HQ-14,,,,
2026-08-03 14:00:24,5140,SRV-FILE-HQ,r.avni,3,WKS-HQ-14,,,,\\SRV-FILE-HQ\Procurement
2026-08-03 14:14:47,4769,SRV-DC-01,i.golan,,WKS-HQ-22,mssqlsvc_svc,,,MSSQLSvc/srv-cardproc.northgate.local:1433
2026-08-03 14:19:31,4769,SRV-DC-01,s.arbel,,WKS-PAY-11,mssqlsvc_svc,,,MSSQLSvc/srv-cardproc.northgate.local:1433
2026-08-03 14:31:15,4624,SRV-FILE-HQ,n.hazan,3,WKS-HQ-15,,,,
2026-08-03 14:31:17,5140,SRV-FILE-HQ,n.hazan,3,WKS-HQ-15,,,,\\SRV-FILE-HQ\Finance
2026-08-03 14:35:31,4624,SRV-POSMGT,v.harel,3,WKS-HQ-24,,,,
2026-08-03 14:41:32,4624,SRV-FILE-HQ,a.dahan,3,WKS-HQ-17,,,,
2026-08-03 14:49:22,4769,SRV-DC-01,r.avni,,WKS-HQ-14,cifs_svc,,,CIFS/srv-file-hq.northgate.local
2026-08-03 14:50:16,4624,SRV-FILE-HQ,e.katz,3,WKS-SEC-03,,,,
2026-08-03 15:01:47,4769,SRV-DC-01,i.golan,,WKS-HQ-22,mssqlsvc_svc,,,MSSQLSvc/srv-posmgt.northgate.local:1433
2026-08-03 15:04:47,4624,SRV-FILE-HQ,a.mizrahi,3,WKS-IT-01,,,,
2026-08-03 15:05:31,4624,SRV-FILE-HQ,n.barzilai,3,WKS-HQ-04,,,,
2026-08-03 15:15:28,4769,SRV-DC-01,d.levi,,WKS-SEC-10,http_svc,,,HTTP/web-supplier.northgate.local
2026-08-03 15:20:47,4624,SRV-FILE-HQ,a.mizrahi,3,WKS-IT-01,,,,
2026-08-03 15:29:28,4624,SRV-FILE-HQ,d.levi,3,WKS-SEC-10,,,,
2026-08-03 15:30:38,4624,SRV-FILE-HQ,r.stern,3,WKS-PAY-02,,,,
2026-08-03 15:35:46,4634,WKS-HQ-25,z.amar,2,,,,,
2026-08-03 15:36:16,4624,SRV-DC-01,e.katz,3,WKS-SEC-03,,,,
2026-08-03 15:37:00,4624,SRV-FILE-HQ,c.barak,3,WKS-HQ-27,,,,
2026-08-03 15:41:50,4624,SRV-DC-01,h.peretz,3,WKS-IT-08,,,,
2026-08-03 15:41:52,5140,SRV-DC-01,h.peretz,3,WKS-IT-08,,,,\\SRV-DC-01\IT
2026-08-03 15:44:59,4634,WKS-HQ-23,s.mor,2,,,,,
2026-08-03 16:00:53,4634,WKS-PAY-02,r.stern,2,,,,,
2026-08-03 16:03:31,4624,SRV-CARDPROC,s.arbel,3,WKS-PAY-11,,,,
2026-08-03 16:04:25,4634,WKS-HQ-22,i.golan,2,,,,,
2026-08-03 16:18:13,4769,SRV-DC-01,m.saban,,WKS-IT-09,mssqlsvc_svc,,,MSSQLSvc/srv-posmgt.northgate.local:1433
2026-08-03 16:18:28,4769,SRV-DC-01,e.shalom,,WKS-HQ-16,mssqlsvc_svc,,,MSSQLSvc/srv-posmgt.northgate.local:1433
2026-08-03 16:24:24,4769,SRV-DC-01,k.oz,,WKS-HQ-20,cifs_svc,,,CIFS/srv-file-hq.northgate.local
2026-08-03 16:33:38,4634,WKS-HQ-19,y.segev,2,,,,,
2026-08-03 16:42:31,4624,SRV-FILE-HQ,s.arbel,3,WKS-PAY-11,,,,
2026-08-03 16:52:32,4769,SRV-DC-01,o.raviv,,WKS-HQ-07,mssqlsvc_svc,,,MSSQLSvc/srv-cardproc.northgate.local:1433
2026-08-03 16:56:41,4624,SRV-FILE-HQ,b.naim,3,WKS-HQ-21,,,,
2026-08-03 16:58:11,4634,WKS-HQ-05,y.oren,2,,,,,
2026-08-03 16:58:13,4624,SRV-DC-01,m.saban,3,WKS-IT-09,,,,
2026-08-03 16:59:11,4634,WKS-HQ-24,v.harel,2,,,,,
2026-08-03 16:59:12,4634,WKS-PAY-12,t.hadar,2,,,,,
2026-08-03 17:05:10,4624,SRV-FILE-HQ,m.tal,3,WKS-HQ-18,,,,
2026-08-03 17:08:13,4634,WKS-IT-09,m.saban,2,,,,,
2026-08-03 17:08:38,4634,WKS-SEC-03,e.katz,2,,,,,
2026-08-03 17:16:00,4634,WKS-HQ-26,p.stein,2,,,,,
2026-08-03 17:19:19,4634,WKS-IT-01,a.mizrahi,2,,,,,
2026-08-03 17:19:52,4634,WKS-HQ-20,k.oz,2,,,,,
2026-08-03 17:21:24,4769,SRV-DC-01,l.beit,,WKS-HQ-13,mssqlsvc_svc,,,MSSQLSvc/srv-cardproc.northgate.local:1433
2026-08-03 17:21:33,4634,WKS-IT-08,h.peretz,2,,,,,
2026-08-03 17:46:15,4634,WKS-HQ-27,c.barak,2,,,,,
2026-08-03 18:01:56,4634,WKS-HQ-18,m.tal,2,,,,,
2026-08-03 18:17:12,4634,WKS-HQ-04,n.barzilai,2,,,,,
2026-08-03 18:18:21,4634,WKS-HQ-06,g.shemesh,2,,,,,
2026-08-03 18:20:11,4634,WKS-SEC-10,d.levi,2,,,,,
2026-08-03 18:21:13,4634,WKS-PAY-11,s.arbel,2,,,,,
2026-08-03 18:28:26,4634,WKS-HQ-21,b.naim,2,,,,,
2026-08-03 18:30:15,4634,WKS-PAY-30,g.ben-ari,2,,,,,
2026-08-03 18:33:24,4634,WKS-HQ-16,e.shalom,2,,,,,
2026-08-03 18:53:30,4634,WKS-HQ-14,r.avni,2,,,,,
2026-08-03 18:56:47,4634,WKS-HQ-15,n.hazan,2,,,,,
2026-08-03 18:59:15,4634,WKS-HQ-17,a.dahan,2,,,,,
2026-08-03 18:59:34,4634,WKS-HQ-07,o.raviv,2,,,,,
2026-08-03 19:20:31,4634,WKS-HQ-13,l.beit,2,,,,,
2026-08-04 07:26:41,4624,WKS-HQ-24,v.harel,2,WKS-HQ-24,,,,
2026-08-04 07:27:41,4624,WKS-HQ-23,s.mor,2,WKS-HQ-23,,,,
2026-08-04 07:31:06,4624,WKS-HQ-25,z.amar,2,WKS-HQ-25,,,,
2026-08-04 07:49:41,4624,SRV-FILE-HQ,s.mor,3,WKS-HQ-23,,,,
2026-08-04 07:50:33,4625,WKS-HQ-26,p.stein,2,WKS-HQ-26,,,,
2026-08-04 07:51:49,4624,WKS-HQ-26,p.stein,2,WKS-HQ-26,,,,
2026-08-04 08:00:06,4769,SRV-DC-01,z.amar,,WKS-HQ-25,mssqlsvc_svc,,,MSSQLSvc/srv-posmgt.northgate.local:1433
2026-08-04 08:03:26,4624,WKS-PAY-11,s.arbel,2,WKS-PAY-11,,,,
2026-08-04 08:04:33,4624,WKS-HQ-22,i.golan,2,WKS-HQ-22,,,,
2026-08-04 08:09:06,4625,WKS-PAY-30,g.ben-ari,2,WKS-PAY-30,,,,
2026-08-04 08:10:29,4625,WKS-SEC-03,e.katz,2,WKS-SEC-03,,,,
2026-08-04 08:10:33,4769,SRV-DC-01,i.golan,,WKS-HQ-22,http_svc,,,HTTP/web-supplier.northgate.local
2026-08-04 08:12:17,4624,WKS-PAY-30,g.ben-ari,2,WKS-PAY-30,,,,
2026-08-04 08:12:50,4624,WKS-SEC-03,e.katz,2,WKS-SEC-03,,,,
2026-08-04 08:14:36,4624,WKS-HQ-21,b.naim,2,WKS-HQ-21,,,,
2026-08-04 08:16:01,4624,WKS-HQ-19,y.segev,2,WKS-HQ-19,,,,
2026-08-04 08:16:40,4624,WKS-HQ-28,u.regev,2,WKS-HQ-28,,,,
2026-08-04 08:20:28,4624,WKS-IT-08,h.peretz,2,WKS-IT-08,,,,
2026-08-04 08:22:19,4624,WKS-PAY-12,t.hadar,2,WKS-PAY-12,,,,
2026-08-04 08:23:10,4624,WKS-HQ-13,l.beit,2,WKS-HQ-13,,,,
2026-08-04 08:29:29,4624,WKS-HQ-16,e.shalom,2,WKS-HQ-16,,,,
2026-08-04 08:30:38,4624,WKS-SEC-10,d.levi,2,WKS-SEC-10,,,,
2026-08-04 08:36:41,4624,SRV-FILE-HQ,v.harel,3,WKS-HQ-24,,,,
2026-08-04 08:39:15,4624,WKS-HQ-17,a.dahan,2,WKS-HQ-17,,,,
2026-08-04 08:41:07,4624,WKS-HQ-18,m.tal,2,WKS-HQ-18,,,,
2026-08-04 08:43:24,4624,WKS-IT-29,f.zohar,2,WKS-IT-29,,,,
2026-08-04 08:44:31,4624,WKS-HQ-05,y.oren,2,WKS-HQ-05,,,,
2026-08-04 08:45:20,4624,WKS-HQ-15,n.hazan,2,WKS-HQ-15,,,,
2026-08-04 08:54:07,4624,WKS-IT-09,m.saban,2,WKS-IT-09,,,,
2026-08-04 08:57:39,4624,WKS-HQ-14,r.avni,2,WKS-HQ-14,,,,
2026-08-04 08:59:46,4624,WKS-HQ-27,c.barak,2,WKS-HQ-27,,,,
2026-08-04 09:03:40,4624,SRV-FILE-HQ,u.regev,3,WKS-HQ-28,,,,
2026-08-04 09:03:42,5140,SRV-FILE-HQ,u.regev,3,WKS-HQ-28,,,,\\SRV-FILE-HQ\Marketing
2026-08-04 09:05:08,4624,WKS-HQ-04,n.barzilai,2,WKS-HQ-04,,,,
2026-08-04 09:10:33,4624,SRV-FILE-HQ,i.golan,3,WKS-HQ-22,,,,
2026-08-04 09:11:14,4625,WKS-HQ-07,o.raviv,2,WKS-HQ-07,,,,
2026-08-04 09:11:15,4624,SRV-FILE-HQ,a.dahan,3,WKS-HQ-17,,,,
2026-08-04 09:11:17,5140,SRV-FILE-HQ,a.dahan,3,WKS-HQ-17,,,,\\SRV-FILE-HQ\HR
2026-08-04 09:11:29,4769,SRV-DC-01,e.shalom,,WKS-HQ-16,cifs_svc,,,CIFS/srv-file-hq.northgate.local
2026-08-04 09:14:47,4624,WKS-HQ-07,o.raviv,2,WKS-HQ-07,,,,
2026-08-04 09:18:41,4769,SRV-DC-01,v.harel,,WKS-HQ-24,http_svc,,,HTTP/web-supplier.northgate.local
2026-08-04 09:23:39,4624,WKS-HQ-06,g.shemesh,2,WKS-HQ-06,,,,
2026-08-04 09:23:41,4624,SRV-FILE-HQ,s.mor,3,WKS-HQ-23,,,,
2026-08-04 09:29:50,4624,SRV-FILE-HQ,e.katz,3,WKS-SEC-03,,,,
2026-08-04 09:39:08,4624,SRV-FILE-HQ,n.barzilai,3,WKS-HQ-04,,,,
2026-08-04 09:40:17,4769,SRV-DC-01,g.ben-ari,,WKS-PAY-30,mssqlsvc_svc,,,MSSQLSvc/srv-cardproc.northgate.local:1433
2026-08-04 09:41:28,4624,SRV-DC-01,h.peretz,3,WKS-IT-08,,,,
2026-08-04 09:41:30,5140,SRV-DC-01,h.peretz,3,WKS-IT-08,,,,\\SRV-DC-01\IT
2026-08-04 09:50:19,4624,SRV-FILE-HQ,t.hadar,3,WKS-PAY-12,,,,
2026-08-04 09:50:21,5140,SRV-FILE-HQ,t.hadar,3,WKS-PAY-12,,,,\\SRV-FILE-HQ\Payments
2026-08-04 09:53:06,4769,SRV-DC-01,z.amar,,WKS-HQ-25,http_svc,,,HTTP/web-supplier.northgate.local
2026-08-04 09:55:08,4769,SRV-DC-01,n.barzilai,,WKS-HQ-04,mssqlsvc_svc,,,MSSQLSvc/srv-posmgt.northgate.local:1433
2026-08-04 09:56:49,4624,SRV-POSMGT,p.stein,3,WKS-HQ-26,,,,
2026-08-04 09:56:49,4769,SRV-DC-01,p.stein,,WKS-HQ-26,http_svc,,,HTTP/web-supplier.northgate.local
2026-08-04 09:59:07,4769,SRV-DC-01,m.saban,,WKS-IT-09,http_svc,,,HTTP/web-supplier.northgate.local
2026-08-04 10:01:38,4769,SRV-DC-01,d.levi,,WKS-SEC-10,cifs_svc,,,CIFS/srv-file-hq.northgate.local
2026-08-04 10:12:50,4688,WKS-SEC-03,e.katz,,,,teams.exe,teams.exe --system-initiated,
2026-08-04 10:16:10,4624,SRV-FILE-HQ,l.beit,3,WKS-HQ-13,,,,
2026-08-04 10:16:12,5140,SRV-FILE-HQ,l.beit,3,WKS-HQ-13,,,,\\SRV-FILE-HQ\Procurement
2026-08-04 10:19:20,4624,SRV-FILE-HQ,n.hazan,3,WKS-HQ-15,,,,
2026-08-04 10:24:01,4624,SRV-FILE-HQ,y.segev,3,WKS-HQ-19,,,,
2026-08-04 10:26:15,4624,SRV-FILE-HQ,a.dahan,3,WKS-HQ-17,,,,
2026-08-04 10:28:50,4624,SRV-FILE-HQ,e.katz,3,WKS-SEC-03,,,,
2026-08-04 10:29:15,4688,WKS-HQ-17,a.dahan,,,,chrome.exe,chrome.exe --restore-last-session,
2026-08-04 10:41:46,4624,SRV-FILE-HQ,c.barak,3,WKS-HQ-27,,,,
2026-08-04 10:43:36,4769,SRV-DC-01,b.naim,,WKS-HQ-21,mssqlsvc_svc,,,MSSQLSvc/srv-posmgt.northgate.local:1433
2026-08-04 10:54:36,4624,SRV-FILE-HQ,b.naim,3,WKS-HQ-21,,,,
2026-08-04 10:54:38,5140,SRV-FILE-HQ,b.naim,3,WKS-HQ-21,,,,\\SRV-FILE-HQ\Logistics
2026-08-04 10:56:38,4688,WKS-SEC-10,d.levi,,,,teams.exe,teams.exe --system-initiated,
2026-08-04 10:58:20,4769,SRV-DC-01,n.hazan,,WKS-HQ-15,mssqlsvc_svc,,,MSSQLSvc/srv-cardproc.northgate.local:1433
2026-08-04 10:59:50,4624,SRV-DC-01,e.katz,3,WKS-SEC-03,,,,
2026-08-04 10:59:52,5140,SRV-DC-01,e.katz,3,WKS-SEC-03,,,,\\SRV-DC-01\IT
2026-08-04 11:00:29,4624,SRV-FILE-HQ,e.shalom,3,WKS-HQ-16,,,,
2026-08-04 11:07:31,4769,SRV-DC-01,y.oren,,WKS-HQ-05,mssqlsvc_svc,,,MSSQLSvc/srv-cardproc.northgate.local:1433
2026-08-04 11:20:31,4624,SRV-FILE-HQ,y.oren,3,WKS-HQ-05,,,,
2026-08-04 11:20:33,5140,SRV-FILE-HQ,y.oren,3,WKS-HQ-05,,,,\\SRV-FILE-HQ\Procurement
2026-08-04 11:24:01,4624,SRV-FILE-HQ,y.segev,3,WKS-HQ-19,,,,
2026-08-04 11:34:20,4769,SRV-DC-01,n.hazan,,WKS-HQ-15,mssqlsvc_svc,,,MSSQLSvc/srv-cardproc.northgate.local:1433
2026-08-04 11:39:46,4688,WKS-HQ-27,c.barak,,,,excel.exe,excel.exe /dde,
2026-08-04 11:42:28,4624,SRV-FILE-HQ,h.peretz,3,WKS-IT-08,,,,
2026-08-04 11:47:29,4688,WKS-HQ-16,e.shalom,,,,outlook.exe,outlook.exe /recycle,
2026-08-04 11:53:46,4769,SRV-DC-01,c.barak,,WKS-HQ-27,mssqlsvc_svc,,,MSSQLSvc/srv-cardproc.northgate.local:1433
2026-08-04 12:02:33,4624,SRV-FILE-HQ,i.golan,3,WKS-HQ-22,,,,
2026-08-04 12:02:35,5140,SRV-FILE-HQ,i.golan,3,WKS-HQ-22,,,,\\SRV-FILE-HQ\Branches
2026-08-04 12:08:31,4624,SRV-FILE-HQ,y.oren,3,WKS-HQ-05,,,,
2026-08-04 12:09:47,4624,SRV-FILE-HQ,o.raviv,3,WKS-HQ-07,,,,
2026-08-04 12:09:49,5140,SRV-FILE-HQ,o.raviv,3,WKS-HQ-07,,,,\\SRV-FILE-HQ\Finance
2026-08-04 12:32:46,4624,SRV-FILE-HQ,c.barak,3,WKS-HQ-27,,,,
2026-08-04 12:47:38,4624,SRV-DC-01,d.levi,3,WKS-SEC-10,,,,
2026-08-04 12:47:40,5140,SRV-DC-01,d.levi,3,WKS-SEC-10,,,,\\SRV-DC-01\IT
2026-08-04 12:51:41,4769,SRV-DC-01,v.harel,,WKS-HQ-24,http_svc,,,HTTP/web-supplier.northgate.local
2026-08-04 12:55:19,4769,SRV-DC-01,t.hadar,,WKS-PAY-12,http_svc,,,HTTP/web-supplier.northgate.local
2026-08-04 12:56:15,4769,SRV-DC-01,a.dahan,,WKS-HQ-17,cifs_svc,,,CIFS/srv-file-hq.northgate.local
2026-08-04 12:56:40,4624,SRV-FILE-HQ,u.regev,3,WKS-HQ-28,,,,
2026-08-04 12:59:10,4624,SRV-FILE-HQ,l.beit,3,WKS-HQ-13,,,,
2026-08-04 12:59:12,5140,SRV-FILE-HQ,l.beit,3,WKS-HQ-13,,,,\\SRV-FILE-HQ\Vendors
2026-08-04 12:59:33,4769,SRV-DC-01,i.golan,,WKS-HQ-22,http_svc,,,HTTP/web-supplier.northgate.local
2026-08-04 12:59:41,4624,SRV-POSMGT,v.harel,3,WKS-HQ-24,,,,
2026-08-04 13:02:46,4769,SRV-DC-01,c.barak,,WKS-HQ-27,http_svc,,,HTTP/web-supplier.northgate.local
2026-08-04 13:13:39,4624,SRV-FILE-HQ,r.avni,3,WKS-HQ-14,,,,
2026-08-04 13:13:41,5140,SRV-FILE-HQ,r.avni,3,WKS-HQ-14,,,,\\SRV-FILE-HQ\Procurement
2026-08-04 13:22:28,4769,SRV-DC-01,h.peretz,,WKS-IT-08,http_svc,,,HTTP/web-supplier.northgate.local
2026-08-04 13:23:39,4624,SRV-FILE-HQ,r.avni,3,WKS-HQ-14,,,,
2026-08-04 13:29:01,4688,WKS-HQ-19,y.segev,,,,winword.exe,winword.exe /w,
2026-08-04 13:36:07,4624,SRV-FILE-HQ,m.saban,3,WKS-IT-09,,,,
2026-08-04 13:53:15,4624,SRV-FILE-HQ,a.dahan,3,WKS-HQ-17,,,,
2026-08-04 13:53:17,5140,SRV-FILE-HQ,a.dahan,3,WKS-HQ-17,,,,\\SRV-FILE-HQ\HR
2026-08-04 13:57:19,4624,SRV-CARDPROC,t.hadar,3,WKS-PAY-12,,,,
2026-08-04 13:58:26,4769,SRV-DC-01,s.arbel,,WKS-PAY-11,mssqlsvc_svc,,,MSSQLSvc/srv-cardproc.northgate.local:1433
2026-08-04 14:05:07,4624,SRV-FILE-HQ,m.saban,3,WKS-IT-09,,,,
2026-08-04 14:06:07,4688,WKS-HQ-18,m.tal,,,,excel.exe,excel.exe /dde,
2026-08-04 14:07:26,4624,SRV-FILE-HQ,s.arbel,3,WKS-PAY-11,,,,
2026-08-04 14:07:28,5140,SRV-FILE-HQ,s.arbel,3,WKS-PAY-11,,,,\\SRV-FILE-HQ\Payments
2026-08-04 14:07:39,4624,SRV-FILE-HQ,r.avni,3,WKS-HQ-14,,,,
2026-08-04 14:16:36,4769,SRV-DC-01,b.naim,,WKS-HQ-21,cifs_svc,,,CIFS/srv-file-hq.northgate.local
2026-08-04 14:24:31,4624,SRV-FILE-HQ,y.oren,3,WKS-HQ-05,,,,
2026-08-04 14:24:33,5140,SRV-FILE-HQ,y.oren,3,WKS-HQ-05,,,,\\SRV-FILE-HQ\Procurement
2026-08-04 14:27:40,4769,SRV-DC-01,u.regev,,WKS-HQ-28,http_svc,,,HTTP/web-supplier.northgate.local
2026-08-04 14:28:41,4769,SRV-DC-01,s.mor,,WKS-HQ-23,http_svc,,,HTTP/web-supplier.northgate.local
2026-08-04 14:34:49,4769,SRV-DC-01,p.stein,,WKS-HQ-26,http_svc,,,HTTP/web-supplier.northgate.local
2026-08-04 14:40:28,4624,SRV-DC-01,h.peretz,3,WKS-IT-08,,,,
2026-08-04 14:41:33,4624,SRV-FILE-HQ,i.golan,3,WKS-HQ-22,,,,
2026-08-04 14:44:33,4624,SRV-POSMGT,i.golan,3,WKS-HQ-22,,,,
2026-08-04 14:55:01,4624,SRV-FILE-HQ,y.segev,3,WKS-HQ-19,,,,
2026-08-04 14:55:10,4769,SRV-DC-01,l.beit,,WKS-HQ-13,mssqlsvc_svc,,,MSSQLSvc/srv-cardproc.northgate.local:1433
2026-08-04 15:03:41,4688,WKS-HQ-23,s.mor,,,,teams.exe,teams.exe --system-initiated,
2026-08-04 15:08:29,4769,SRV-DC-01,e.shalom,,WKS-HQ-16,mssqlsvc_svc,,,MSSQLSvc/srv-cardproc.northgate.local:1433
2026-08-04 15:10:07,4624,SRV-FILE-HQ,m.tal,3,WKS-HQ-18,,,,
2026-08-04 15:11:49,4624,SRV-POSMGT,p.stein,3,WKS-HQ-26,,,,
2026-08-04 15:25:46,4624,SRV-FILE-HQ,c.barak,3,WKS-HQ-27,,,,
2026-08-04 15:28:40,4624,SRV-FILE-HQ,u.regev,3,WKS-HQ-28,,,,
2026-08-04 15:29:06,4624,SRV-FILE-HQ,z.amar,3,WKS-HQ-25,,,,
2026-08-04 15:39:49,4624,SRV-FILE-HQ,p.stein,3,WKS-HQ-26,,,,
2026-08-04 15:39:51,5140,SRV-FILE-HQ,p.stein,3,WKS-HQ-26,,,,\\SRV-FILE-HQ\Branches
2026-08-04 15:42:26,4624,SRV-FILE-HQ,s.arbel,3,WKS-PAY-11,,,,
2026-08-04 15:44:08,4624,SRV-FILE-HQ,n.barzilai,3,WKS-HQ-04,,,,
2026-08-04 15:47:07,4769,SRV-DC-01,m.tal,,WKS-HQ-18,mssqlsvc_svc,,,MSSQLSvc/srv-cardproc.northgate.local:1433
2026-08-04 15:55:38,4769,SRV-DC-01,d.levi,,WKS-SEC-10,cifs_svc,,,CIFS/srv-file-hq.northgate.local
2026-08-04 15:56:08,4634,WKS-HQ-25,z.amar,2,,,,,
2026-08-04 15:59:15,4769,SRV-DC-01,a.dahan,,WKS-HQ-17,cifs_svc,,,CIFS/srv-file-hq.northgate.local
2026-08-04 16:10:20,4624,SRV-FILE-HQ,n.hazan,3,WKS-HQ-15,,,,
2026-08-04 16:10:22,5140,SRV-FILE-HQ,n.hazan,3,WKS-HQ-15,,,,\\SRV-FILE-HQ\Finance
2026-08-04 16:14:30,4634,WKS-HQ-26,p.stein,2,,,,,
2026-08-04 16:19:52,4634,WKS-HQ-24,v.harel,2,,,,,
2026-08-04 16:20:07,4769,SRV-DC-01,m.saban,,WKS-IT-09,mssqlsvc_svc,,,MSSQLSvc/srv-posmgt.northgate.local:1433
2026-08-04 16:20:51,4634,WKS-PAY-11,s.arbel,2,,,,,
2026-08-04 16:29:10,4634,WKS-PAY-30,g.ben-ari,2,,,,,
2026-08-04 16:36:38,4624,SRV-FILE-HQ,d.levi,3,WKS-SEC-10,,,,
2026-08-04 16:37:10,4769,SRV-DC-01,l.beit,,WKS-HQ-13,cifs_svc,,,CIFS/srv-file-hq.northgate.local
2026-08-04 16:37:20,4624,SRV-FILE-HQ,n.hazan,3,WKS-HQ-15,,,,
2026-08-04 16:37:22,5140,SRV-FILE-HQ,n.hazan,3,WKS-HQ-15,,,,\\SRV-FILE-HQ\Finance
2026-08-04 16:37:39,4634,WKS-HQ-22,i.golan,2,,,,,
2026-08-04 16:40:34,4634,WKS-SEC-03,e.katz,2,,,,,
2026-08-04 16:43:11,4634,WKS-HQ-13,l.beit,2,,,,,
2026-08-04 16:51:15,4624,SRV-FILE-HQ,a.dahan,3,WKS-HQ-17,,,,
2026-08-04 16:51:17,5140,SRV-FILE-HQ,a.dahan,3,WKS-HQ-17,,,,\\SRV-FILE-HQ\HR
2026-08-04 17:04:25,4634,WKS-HQ-16,e.shalom,2,,,,,
2026-08-04 17:04:46,4624,SRV-FILE-HQ,c.barak,3,WKS-HQ-27,,,,
2026-08-04 17:08:29,4634,WKS-HQ-23,s.mor,2,,,,,
2026-08-04 17:09:39,4624,SRV-FILE-HQ,g.shemesh,3,WKS-HQ-06,,,,
2026-08-04 17:12:55,4634,WKS-HQ-21,b.naim,2,,,,,
2026-08-04 17:19:15,4634,WKS-SEC-10,d.levi,2,,,,,
2026-08-04 17:22:02,4634,WKS-HQ-18,m.tal,2,,,,,
2026-08-04 17:42:30,4634,WKS-HQ-28,u.regev,2,,,,,
2026-08-04 17:43:20,4634,WKS-HQ-17,a.dahan,2,,,,,
2026-08-04 17:43:32,4634,WKS-IT-08,h.peretz,2,,,,,
2026-08-04 17:52:21,4634,WKS-HQ-06,g.shemesh,2,,,,,
2026-08-04 17:58:12,4634,WKS-HQ-05,y.oren,2,,,,,
2026-08-04 18:03:14,4634,WKS-PAY-12,t.hadar,2,,,,,
2026-08-04 18:07:51,4634,WKS-HQ-19,y.segev,2,,,,,
2026-08-04 18:21:07,4634,WKS-HQ-07,o.raviv,2,,,,,
2026-08-04 18:33:02,4634,WKS-HQ-04,n.barzilai,2,,,,,
2026-08-04 18:49:04,4634,WKS-HQ-14,r.avni,2,,,,,
2026-08-04 18:51:33,4634,WKS-IT-29,f.zohar,2,,,,,
2026-08-04 18:51:48,4634,WKS-IT-09,m.saban,2,,,,,
2026-08-04 18:57:00,4634,WKS-HQ-27,c.barak,2,,,,,
2026-08-04 19:04:39,4634,WKS-HQ-15,n.hazan,2,,,,,
2026-08-05 06:53:51,4624,WKS-HQ-25,z.amar,2,WKS-HQ-25,,,,
2026-08-05 07:40:25,4624,WKS-HQ-23,s.mor,2,WKS-HQ-23,,,,
2026-08-05 07:48:39,4624,WKS-HQ-26,p.stein,2,WKS-HQ-26,,,,
2026-08-05 07:49:07,4624,WKS-HQ-22,i.golan,2,WKS-HQ-22,,,,
2026-08-05 07:51:24,4624,WKS-HQ-24,v.harel,2,WKS-HQ-24,,,,
2026-08-05 07:59:07,4624,SRV-POSMGT,i.golan,3,WKS-HQ-22,,,,
2026-08-05 07:59:09,5140,SRV-POSMGT,i.golan,3,WKS-HQ-22,,,,\\SRV-POSMGT\Branches
2026-08-05 07:59:52,4624,WKS-PAY-11,s.arbel,2,WKS-PAY-11,,,,
2026-08-05 08:06:11,4624,WKS-PAY-30,g.ben-ari,2,WKS-PAY-30,,,,
2026-08-05 08:13:02,4624,WKS-HQ-16,e.shalom,2,WKS-HQ-16,,,,
2026-08-05 08:17:09,4625,WKS-SEC-03,e.katz,2,WKS-SEC-03,,,,
2026-08-05 08:17:49,4624,WKS-HQ-19,y.segev,2,WKS-HQ-19,,,,
2026-08-05 08:19:53,4624,WKS-SEC-03,e.katz,2,WKS-SEC-03,,,,
2026-08-05 08:21:48,4624,WKS-PAY-12,t.hadar,2,WKS-PAY-12,,,,
2026-08-05 08:25:25,4624,WKS-HQ-17,a.dahan,2,WKS-HQ-17,,,,
2026-08-05 08:26:51,4624,WKS-HQ-05,y.oren,2,WKS-HQ-05,,,,
2026-08-05 08:27:51,4769,SRV-DC-01,z.amar,,WKS-HQ-25,http_svc,,,HTTP/web-supplier.northgate.local
2026-08-05 08:28:29,4624,WKS-HQ-20,k.oz,2,WKS-HQ-20,,,,
2026-08-05 08:32:39,4624,SRV-FILE-HQ,p.stein,3,WKS-HQ-26,,,,
2026-08-05 08:32:41,5140,SRV-FILE-HQ,p.stein,3,WKS-HQ-26,,,,\\SRV-FILE-HQ\Branches
2026-08-05 08:38:41,4624,WKS-HQ-21,b.naim,2,WKS-HQ-21,,,,
2026-08-05 08:39:02,4624,WKS-HQ-27,c.barak,2,WKS-HQ-27,,,,
2026-08-05 08:39:21,4624,WKS-IT-08,h.peretz,2,WKS-IT-08,,,,
2026-08-05 08:40:22,4624,WKS-HQ-28,u.regev,2,WKS-HQ-28,,,,
2026-08-05 08:40:28,4624,WKS-HQ-13,l.beit,2,WKS-HQ-13,,,,
2026-08-05 08:42:38,4624,WKS-SEC-10,d.levi,2,WKS-SEC-10,,,,
2026-08-05 08:44:14,4624,WKS-IT-29,f.zohar,2,WKS-IT-29,,,,
2026-08-05 08:47:14,4769,SRV-DC-01,f.zohar,,WKS-IT-29,mssqlsvc_svc,,,MSSQLSvc/srv-cardproc.northgate.local:1433
2026-08-05 08:50:02,4769,SRV-DC-01,c.barak,,WKS-HQ-27,cifs_svc,,,CIFS/srv-file-hq.northgate.local
2026-08-05 08:51:28,4769,SRV-DC-01,l.beit,,WKS-HQ-13,mssqlsvc_svc,,,MSSQLSvc/srv-cardproc.northgate.local:1433
2026-08-05 08:52:41,4769,SRV-DC-01,b.naim,,WKS-HQ-21,mssqlsvc_svc,,,MSSQLSvc/srv-posmgt.northgate.local:1433
2026-08-05 08:56:39,4769,SRV-DC-01,p.stein,,WKS-HQ-26,http_svc,,,HTTP/web-supplier.northgate.local
2026-08-05 08:56:55,4624,WKS-HQ-06,g.shemesh,2,WKS-HQ-06,,,,
2026-08-05 08:58:30,4624,WKS-IT-09,m.saban,2,WKS-IT-09,,,,
2026-08-05 09:00:39,4769,SRV-DC-01,p.stein,,WKS-HQ-26,http_svc,,,HTTP/web-supplier.northgate.local
2026-08-05 09:01:30,4624,WKS-HQ-14,r.avni,2,WKS-HQ-14,,,,
2026-08-05 09:01:38,4624,WKS-HQ-15,n.hazan,2,WKS-HQ-15,,,,
2026-08-05 09:06:11,4769,SRV-DC-01,g.ben-ari,,WKS-PAY-30,mssqlsvc_svc,,,MSSQLSvc/srv-cardproc.northgate.local:1433
2026-08-05 09:07:07,4624,WKS-HQ-04,n.barzilai,2,WKS-HQ-04,,,,
2026-08-05 09:15:07,4769,SRV-DC-01,i.golan,,WKS-HQ-22,mssqlsvc_svc,,,MSSQLSvc/srv-posmgt.northgate.local:1433
2026-08-05 09:18:29,4769,SRV-DC-01,k.oz,,WKS-HQ-20,mssqlsvc_svc,,,MSSQLSvc/srv-posmgt.northgate.local:1433
2026-08-05 09:23:22,4624,SRV-FILE-HQ,u.regev,3,WKS-HQ-28,,,,
2026-08-05 09:23:24,5140,SRV-FILE-HQ,u.regev,3,WKS-HQ-28,,,,\\SRV-FILE-HQ\Marketing
2026-08-05 09:26:51,4624,WKS-HQ-07,o.raviv,2,WKS-HQ-07,,,,
2026-08-05 09:27:52,4624,SRV-CARDPROC,s.arbel,3,WKS-PAY-11,,,,
2026-08-05 09:30:49,4624,SRV-FILE-HQ,y.segev,3,WKS-HQ-19,,,,
2026-08-05 09:30:50,4624,WKS-HQ-18,m.tal,2,WKS-HQ-18,,,,
2026-08-05 09:33:38,4769,SRV-DC-01,n.hazan,,WKS-HQ-15,mssqlsvc_svc,,,MSSQLSvc/srv-posmgt.northgate.local:1433
2026-08-05 09:36:28,4624,SRV-FILE-HQ,l.beit,3,WKS-HQ-13,,,,
2026-08-05 09:36:30,5140,SRV-FILE-HQ,l.beit,3,WKS-HQ-13,,,,\\SRV-FILE-HQ\Procurement
2026-08-05 09:37:38,4624,SRV-DC-01,d.levi,3,WKS-SEC-10,,,,
2026-08-05 09:42:38,4624,SRV-FILE-HQ,n.hazan,3,WKS-HQ-15,,,,
2026-08-05 09:42:40,5140,SRV-FILE-HQ,n.hazan,3,WKS-HQ-15,,,,\\SRV-FILE-HQ\Finance
2026-08-05 09:54:30,4624,SRV-FILE-HQ,r.avni,3,WKS-HQ-14,,,,
2026-08-05 09:54:32,5140,SRV-FILE-HQ,r.avni,3,WKS-HQ-14,,,,\\SRV-FILE-HQ\Vendors
2026-08-05 10:00:51,4624,SRV-FILE-HQ,o.raviv,3,WKS-HQ-07,,,,
2026-08-05 10:00:53,5140,SRV-FILE-HQ,o.raviv,3,WKS-HQ-07,,,,\\SRV-FILE-HQ\Finance
2026-08-05 10:07:25,4769,SRV-DC-01,a.dahan,,WKS-HQ-17,http_svc,,,HTTP/web-supplier.northgate.local
2026-08-05 10:17:48,4769,SRV-DC-01,t.hadar,,WKS-PAY-12,http_svc,,,HTTP/web-supplier.northgate.local
2026-08-05 10:19:38,4624,SRV-FILE-HQ,n.hazan,3,WKS-HQ-15,,,,
2026-08-05 10:21:51,4624,SRV-FILE-HQ,y.oren,3,WKS-HQ-05,,,,
2026-08-05 10:24:22,4624,SRV-FILE-HQ,u.regev,3,WKS-HQ-28,,,,
2026-08-05 10:24:24,5140,SRV-FILE-HQ,u.regev,3,WKS-HQ-28,,,,\\SRV-FILE-HQ\Marketing
2026-08-05 10:38:39,4769,SRV-DC-01,p.stein,,WKS-HQ-26,http_svc,,,HTTP/web-supplier.northgate.local
2026-08-05 10:40:25,4624,SRV-FILE-HQ,a.dahan,3,WKS-HQ-17,,,,
2026-08-05 10:45:51,4624,SRV-FILE-HQ,o.raviv,3,WKS-HQ-07,,,,
2026-08-05 10:45:53,5140,SRV-FILE-HQ,o.raviv,3,WKS-HQ-07,,,,\\SRV-FILE-HQ\Finance
2026-08-05 10:55:51,4624,SRV-POSMGT,z.amar,3,WKS-HQ-25,,,,
2026-08-05 10:59:52,4624,SRV-FILE-HQ,s.arbel,3,WKS-PAY-11,,,,
2026-08-05 10:59:52,4769,SRV-DC-01,s.arbel,,WKS-PAY-11,mssqlsvc_svc,,,MSSQLSvc/srv-cardproc.northgate.local:1433
2026-08-05 10:59:54,5140,SRV-FILE-HQ,s.arbel,3,WKS-PAY-11,,,,\\SRV-FILE-HQ\Payments
2026-08-05 11:03:29,4624,SRV-FILE-HQ,k.oz,3,WKS-HQ-20,,,,
2026-08-05 11:10:22,4624,SRV-FILE-HQ,u.regev,3,WKS-HQ-28,,,,
2026-08-05 11:16:07,4624,SRV-FILE-HQ,n.barzilai,3,WKS-HQ-04,,,,
2026-08-05 11:17:28,4688,WKS-HQ-13,l.beit,,,,winword.exe,winword.exe /w,
2026-08-05 11:20:24,4624,SRV-POSMGT,v.harel,3,WKS-HQ-24,,,,
2026-08-05 11:24:39,4624,SRV-FILE-HQ,p.stein,3,WKS-HQ-26,,,,
2026-08-05 11:24:41,5140,SRV-FILE-HQ,p.stein,3,WKS-HQ-26,,,,\\SRV-FILE-HQ\Branches
2026-08-05 11:26:07,4624,SRV-FILE-HQ,n.barzilai,3,WKS-HQ-04,,,,
2026-08-05 11:38:51,4624,SRV-FILE-HQ,y.oren,3,WKS-HQ-05,,,,
2026-08-05 11:48:41,4624,SRV-FILE-HQ,b.naim,3,WKS-HQ-21,,,,
2026-08-05 11:59:51,4624,SRV-FILE-HQ,o.raviv,3,WKS-HQ-07,,,,
2026-08-05 12:02:25,4769,SRV-DC-01,a.dahan,,WKS-HQ-17,http_svc,,,HTTP/web-supplier.northgate.local
2026-08-05 12:10:24,4769,SRV-DC-01,v.harel,,WKS-HQ-24,http_svc,,,HTTP/web-supplier.northgate.local
2026-08-05 12:13:38,4769,SRV-DC-01,n.hazan,,WKS-HQ-15,mssqlsvc_svc,,,MSSQLSvc/srv-cardproc.northgate.local:1433
2026-08-05 12:21:51,4769,SRV-DC-01,o.raviv,,WKS-HQ-07,cifs_svc,,,CIFS/srv-file-hq.northgate.local
2026-08-05 12:24:29,4624,SRV-FILE-HQ,k.oz,3,WKS-HQ-20,,,,
2026-08-05 12:24:31,5140,SRV-FILE-HQ,k.oz,3,WKS-HQ-20,,,,\\SRV-FILE-HQ\Logistics
2026-08-05 12:28:50,4769,SRV-DC-01,m.tal,,WKS-HQ-18,http_svc,,,HTTP/web-supplier.northgate.local
2026-08-05 12:32:07,4624,SRV-FILE-HQ,n.barzilai,3,WKS-HQ-04,,,,
2026-08-05 12:32:09,5140,SRV-FILE-HQ,n.barzilai,3,WKS-HQ-04,,,,\\SRV-FILE-HQ\Finance
2026-08-05 12:37:25,4688,WKS-HQ-17,a.dahan,,,,outlook.exe,outlook.exe /recycle,
2026-08-05 12:39:53,4624,SRV-DC-01,e.katz,3,WKS-SEC-03,,,,
2026-08-05 12:41:21,4624,SRV-FILE-HQ,h.peretz,3,WKS-IT-08,,,,
2026-08-05 12:41:22,4688,WKS-HQ-28,u.regev,,,,outlook.exe,outlook.exe /recycle,
2026-08-05 12:44:39,4769,SRV-DC-01,p.stein,,WKS-HQ-26,mssqlsvc_svc,,,MSSQLSvc/srv-cardproc.northgate.local:1433
2026-08-05 12:45:38,4769,SRV-DC-01,d.levi,,WKS-SEC-10,cifs_svc,,,CIFS/srv-file-hq.northgate.local
2026-08-05 12:47:07,4769,SRV-DC-01,n.barzilai,,WKS-HQ-04,http_svc,,,HTTP/web-supplier.northgate.local
2026-08-05 12:51:25,4624,SRV-FILE-HQ,s.mor,3,WKS-HQ-23,,,,
2026-08-05 12:52:21,4769,SRV-DC-01,h.peretz,,WKS-IT-08,mssqlsvc_svc,,,MSSQLSvc/srv-posmgt.northgate.local:1433
2026-08-05 12:53:07,4769,SRV-DC-01,i.golan,,WKS-HQ-22,cifs_svc,,,CIFS/srv-file-hq.northgate.local
2026-08-05 13:02:24,4769,SRV-DC-01,v.harel,,WKS-HQ-24,mssqlsvc_svc,,,MSSQLSvc/srv-cardproc.northgate.local:1433
2026-08-05 13:06:50,4624,SRV-FILE-HQ,m.tal,3,WKS-HQ-18,,,,
2026-08-05 13:06:50,4624,SRV-FILE-HQ,m.tal,3,WKS-HQ-18,,,,
2026-08-05 13:06:52,5140,SRV-FILE-HQ,m.tal,3,WKS-HQ-18,,,,\\SRV-FILE-HQ\HR
2026-08-05 13:09:51,4769,SRV-DC-01,o.raviv,,WKS-HQ-07,mssqlsvc_svc,,,MSSQLSvc/srv-cardproc.northgate.local:1433
2026-08-05 13:17:30,4624,SRV-FILE-HQ,m.saban,3,WKS-IT-09,,,,
2026-08-05 13:28:55,4769,SRV-DC-01,g.shemesh,,WKS-HQ-06,mssqlsvc_svc,,,MSSQLSvc/srv-posmgt.northgate.local:1433
2026-08-05 13:35:24,4688,WKS-HQ-24,v.harel,,,,winword.exe,winword.exe /w,
2026-08-05 13:41:41,4624,SRV-FILE-HQ,b.naim,3,WKS-HQ-21,,,,
2026-08-05 13:41:43,5140,SRV-FILE-HQ,b.naim,3,WKS-HQ-21,,,,\\SRV-FILE-HQ\Logistics
2026-08-05 13:45:02,4624,SRV-FILE-HQ,e.shalom,3,WKS-HQ-16,,,,
2026-08-05 13:45:04,5140,SRV-FILE-HQ,e.shalom,3,WKS-HQ-16,,,,\\SRV-FILE-HQ\Finance
2026-08-05 13:54:41,4624,SRV-FILE-HQ,b.naim,3,WKS-HQ-21,,,,
2026-08-05 14:01:50,4624,SRV-FILE-HQ,m.tal,3,WKS-HQ-18,,,,
2026-08-05 14:03:48,4624,SRV-CARDPROC,t.hadar,3,WKS-PAY-12,,,,
2026-08-05 14:03:50,5140,SRV-CARDPROC,t.hadar,3,WKS-PAY-12,,,,\\SRV-CARDPROC\Payments
2026-08-05 14:11:49,4769,SRV-DC-01,y.segev,,WKS-HQ-19,http_svc,,,HTTP/web-supplier.northgate.local
2026-08-05 14:24:30,4769,SRV-DC-01,r.avni,,WKS-HQ-14,cifs_svc,,,CIFS/srv-file-hq.northgate.local
2026-08-05 14:24:39,4624,SRV-FILE-HQ,p.stein,3,WKS-HQ-26,,,,
2026-08-05 14:30:24,4769,SRV-DC-01,v.harel,,WKS-HQ-24,mssqlsvc_svc,,,MSSQLSvc/srv-cardproc.northgate.local:1433
2026-08-05 14:36:30,4624,SRV-FILE-HQ,r.avni,3,WKS-HQ-14,,,,
2026-08-05 14:36:32,5140,SRV-FILE-HQ,r.avni,3,WKS-HQ-14,,,,\\SRV-FILE-HQ\Vendors
2026-08-05 14:39:21,4769,SRV-DC-01,h.peretz,,WKS-IT-08,mssqlsvc_svc,,,MSSQLSvc/srv-cardproc.northgate.local:1433
2026-08-05 14:58:48,4624,SRV-FILE-HQ,t.hadar,3,WKS-PAY-12,,,,
2026-08-05 15:00:24,4624,SRV-FILE-HQ,v.harel,3,WKS-HQ-24,,,,
2026-08-05 15:15:21,4624,SRV-FILE-HQ,h.peretz,3,WKS-IT-08,,,,
2026-08-05 15:16:50,4769,SRV-DC-01,m.tal,,WKS-HQ-18,mssqlsvc_svc,,,MSSQLSvc/srv-cardproc.northgate.local:1433
2026-08-05 15:17:14,4769,SRV-DC-01,f.zohar,,WKS-IT-29,http_svc,,,HTTP/web-supplier.northgate.local
2026-08-05 15:22:38,4769,SRV-DC-01,d.levi,,WKS-SEC-10,mssqlsvc_svc,,,MSSQLSvc/srv-posmgt.northgate.local:1433
2026-08-05 15:25:39,4624,SRV-FILE-HQ,p.stein,3,WKS-HQ-26,,,,
2026-08-05 15:25:41,5140,SRV-FILE-HQ,p.stein,3,WKS-HQ-26,,,,\\SRV-FILE-HQ\Branches
2026-08-05 15:38:50,4769,SRV-DC-01,m.tal,,WKS-HQ-18,mssqlsvc_svc,,,MSSQLSvc/srv-posmgt.northgate.local:1433
2026-08-05 15:46:11,4769,SRV-DC-01,g.ben-ari,,WKS-PAY-30,mssqlsvc_svc,,,MSSQLSvc/srv-cardproc.northgate.local:1433
2026-08-05 15:49:41,4769,SRV-DC-01,b.naim,,WKS-HQ-21,mssqlsvc_svc,,,MSSQLSvc/srv-posmgt.northgate.local:1433
2026-08-05 15:51:24,4624,SRV-FILE-HQ,v.harel,3,WKS-HQ-24,,,,
2026-08-05 15:57:22,4624,SRV-FILE-HQ,u.regev,3,WKS-HQ-28,,,,
2026-08-05 15:57:42,4634,WKS-HQ-26,p.stein,2,,,,,
2026-08-05 16:04:30,4769,SRV-DC-01,m.saban,,WKS-IT-09,mssqlsvc_svc,,,MSSQLSvc/srv-cardproc.northgate.local:1433
2026-08-05 16:08:30,4624,SRV-FILE-HQ,r.avni,3,WKS-HQ-14,,,,
2026-08-05 16:10:01,4634,WKS-HQ-25,z.amar,2,,,,,
2026-08-05 16:25:07,4624,SRV-FILE-HQ,i.golan,3,WKS-HQ-22,,,,
2026-08-05 16:25:09,5140,SRV-FILE-HQ,i.golan,3,WKS-HQ-22,,,,\\SRV-FILE-HQ\Branches
2026-08-05 16:25:25,4624,SRV-FILE-HQ,a.dahan,3,WKS-HQ-17,,,,
2026-08-05 16:26:51,4634,WKS-HQ-22,i.golan,2,,,,,
2026-08-05 16:31:07,4769,SRV-DC-01,n.barzilai,,WKS-HQ-04,mssqlsvc_svc,,,MSSQLSvc/srv-cardproc.northgate.local:1433
2026-08-05 16:33:41,4688,WKS-HQ-21,b.naim,,,,excel.exe,excel.exe /dde,
2026-08-05 16:52:05,4634,WKS-SEC-10,d.levi,2,,,,,
2026-08-05 16:52:38,4624,SRV-DC-01,d.levi,3,WKS-SEC-10,,,,
2026-08-05 16:53:30,4624,SRV-FILE-HQ,m.saban,3,WKS-IT-09,,,,
2026-08-05 16:53:32,5140,SRV-FILE-HQ,m.saban,3,WKS-IT-09,,,,\\SRV-FILE-HQ\IT
2026-08-05 16:54:14,4624,SRV-DC-01,f.zohar,3,WKS-IT-29,,,,
2026-08-05 16:54:16,5140,SRV-DC-01,f.zohar,3,WKS-IT-29,,,,\\SRV-DC-01\IT
2026-08-05 16:54:43,4634,WKS-HQ-27,c.barak,2,,,,,
2026-08-05 16:55:15,4634,WKS-HQ-23,s.mor,2,,,,,
2026-08-05 16:55:30,4769,SRV-DC-01,m.saban,,WKS-IT-09,mssqlsvc_svc,,,MSSQLSvc/srv-posmgt.northgate.local:1433
2026-08-05 16:56:53,4624,SRV-DC-01,e.katz,3,WKS-SEC-03,,,,
2026-08-05 17:07:54,4634,WKS-HQ-28,u.regev,2,,,,,
2026-08-05 17:09:02,4624,SRV-FILE-HQ,c.barak,3,WKS-HQ-27,,,,
2026-08-05 17:09:55,4634,WKS-HQ-17,a.dahan,2,,,,,
2026-08-05 17:13:30,4624,SRV-FILE-HQ,m.saban,3,WKS-IT-09,,,,
2026-08-05 17:18:07,4769,SRV-DC-01,n.barzilai,,WKS-HQ-04,cifs_svc,,,CIFS/srv-file-hq.northgate.local
2026-08-05 17:18:28,4624,SRV-FILE-HQ,l.beit,3,WKS-HQ-13,,,,
2026-08-05 17:18:30,5140,SRV-FILE-HQ,l.beit,3,WKS-HQ-13,,,,\\SRV-FILE-HQ\Vendors
2026-08-05 17:23:58,4634,WKS-IT-29,f.zohar,2,,,,,
2026-08-05 17:26:51,4634,WKS-SEC-03,e.katz,2,,,,,
2026-08-05 17:28:14,4634,WKS-IT-09,m.saban,2,,,,,
2026-08-05 17:30:52,4634,WKS-HQ-24,v.harel,2,,,,,
2026-08-05 17:36:03,4634,WKS-HQ-21,b.naim,2,,,,,
2026-08-05 17:38:05,4634,WKS-PAY-11,s.arbel,2,,,,,
2026-08-05 17:38:41,4634,WKS-HQ-14,r.avni,2,,,,,
2026-08-05 17:41:59,4634,WKS-PAY-30,g.ben-ari,2,,,,,
2026-08-05 17:43:00,4634,WKS-HQ-06,g.shemesh,2,,,,,
2026-08-05 17:55:27,4634,WKS-PAY-12,t.hadar,2,,,,,
2026-08-05 17:59:23,4634,WKS-HQ-05,y.oren,2,,,,,
2026-08-05 18:02:13,4634,WKS-HQ-16,e.shalom,2,,,,,
2026-08-05 18:15:48,4634,WKS-HQ-13,l.beit,2,,,,,
2026-08-05 18:19:54,4634,WKS-HQ-04,n.barzilai,2,,,,,
2026-08-05 18:31:30,4634,WKS-HQ-19,y.segev,2,,,,,
2026-08-05 18:48:18,4634,WKS-HQ-20,k.oz,2,,,,,
2026-08-05 18:50:31,4634,WKS-IT-08,h.peretz,2,,,,,
2026-08-05 19:01:32,4634,WKS-HQ-07,o.raviv,2,,,,,
2026-08-05 19:19:27,4634,WKS-HQ-15,n.hazan,2,,,,,
2026-08-05 19:51:55,4634,WKS-HQ-18,m.tal,2,,,,,
2026-08-06 07:08:44,4624,WKS-HQ-25,z.amar,2,WKS-HQ-25,,,,
2026-08-06 07:14:37,4624,WKS-HQ-26,p.stein,2,WKS-HQ-26,,,,
2026-08-06 07:38:24,4624,WKS-HQ-23,s.mor,2,WKS-HQ-23,,,,
2026-08-06 07:44:21,4624,WKS-HQ-22,i.golan,2,WKS-HQ-22,,,,
2026-08-06 07:44:24,4624,SRV-FILE-HQ,s.mor,3,WKS-HQ-23,,,,
2026-08-06 07:44:26,5140,SRV-FILE-HQ,s.mor,3,WKS-HQ-23,,,,\\SRV-FILE-HQ\Branches
2026-08-06 07:59:04,4624,WKS-PAY-02,r.stern,2,WKS-PAY-02,,,,
2026-08-06 07:59:05,4624,WKS-PAY-11,s.arbel,2,WKS-PAY-11,,,,
2026-08-06 07:59:57,4624,WKS-SEC-03,e.katz,2,WKS-SEC-03,,,,
2026-08-06 08:09:22,4624,WKS-PAY-30,g.ben-ari,2,WKS-PAY-30,,,,
2026-08-06 08:13:56,4624,WKS-HQ-13,l.beit,2,WKS-HQ-13,,,,
2026-08-06 08:15:55,4624,WKS-HQ-20,k.oz,2,WKS-HQ-20,,,,
2026-08-06 08:16:30,4624,WKS-IT-01,a.mizrahi,2,WKS-IT-01,,,,
2026-08-06 08:16:31,4672,WKS-IT-01,a.mizrahi,2,,,,,
2026-08-06 08:18:49,4624,WKS-HQ-24,v.harel,2,WKS-HQ-24,,,,
2026-08-06 08:20:06,4624,WKS-HQ-21,b.naim,2,WKS-HQ-21,,,,
2026-08-06 08:23:41,4624,WKS-PAY-12,t.hadar,2,WKS-PAY-12,,,,
2026-08-06 08:24:31,4624,WKS-HQ-19,y.segev,2,WKS-HQ-19,,,,
2026-08-06 08:28:28,4624,WKS-HQ-14,r.avni,2,WKS-HQ-14,,,,
2026-08-06 08:29:28,4624,WKS-HQ-16,e.shalom,2,WKS-HQ-16,,,,
2026-08-06 08:35:54,4624,WKS-HQ-28,u.regev,2,WKS-HQ-28,,,,
2026-08-06 08:39:49,4624,WKS-IT-29,f.zohar,2,WKS-IT-29,,,,
2026-08-06 08:40:12,4624,WKS-SEC-10,d.levi,2,WKS-SEC-10,,,,
2026-08-06 08:43:50,4625,WKS-HQ-04,n.barzilai,2,WKS-HQ-04,,,,
2026-08-06 08:44:06,4624,WKS-HQ-05,y.oren,2,WKS-HQ-05,,,,
2026-08-06 08:47:29,4624,WKS-HQ-04,n.barzilai,2,WKS-HQ-04,,,,
2026-08-06 08:48:34,4624,WKS-HQ-06,g.shemesh,2,WKS-HQ-06,,,,
2026-08-06 08:49:04,4769,SRV-DC-01,r.stern,,WKS-PAY-02,mssqlsvc_svc,,,MSSQLSvc/srv-cardproc.northgate.local:1433
2026-08-06 08:49:31,4624,SRV-FILE-HQ,y.segev,3,WKS-HQ-19,,,,
2026-08-06 08:51:37,4624,SRV-POSMGT,p.stein,3,WKS-HQ-26,,,,
2026-08-06 08:53:10,4624,WKS-HQ-15,n.hazan,2,WKS-HQ-15,,,,
2026-08-06 09:00:01,4624,WKS-HQ-27,c.barak,2,WKS-HQ-27,,,,
2026-08-06 09:02:03,4625,WKS-HQ-18,m.tal,2,WKS-HQ-18,,,,
2026-08-06 09:03:37,4624,WKS-HQ-17,a.dahan,2,WKS-HQ-17,,,,
2026-08-06 09:05:48,4624,WKS-HQ-18,m.tal,2,WKS-HQ-18,,,,
2026-08-06 09:05:55,4624,SRV-FILE-HQ,k.oz,3,WKS-HQ-20,,,,
2026-08-06 09:08:21,4769,SRV-DC-01,i.golan,,WKS-HQ-22,cifs_svc,,,CIFS/srv-file-hq.northgate.local
2026-08-06 09:12:00,4624,WKS-IT-09,m.saban,2,WKS-IT-09,,,,
2026-08-06 09:14:37,4769,SRV-DC-01,p.stein,,WKS-HQ-26,mssqlsvc_svc,,,MSSQLSvc/srv-posmgt.northgate.local:1433
2026-08-06 09:26:37,4624,SRV-FILE-HQ,p.stein,3,WKS-HQ-26,,,,
2026-08-06 09:26:39,5140,SRV-FILE-HQ,p.stein,3,WKS-HQ-26,,,,\\SRV-FILE-HQ\Branches
2026-08-06 09:30:00,4769,SRV-DC-01,m.saban,,WKS-IT-09,http_svc,,,HTTP/web-supplier.northgate.local
2026-08-06 09:33:49,4769,SRV-DC-01,f.zohar,,WKS-IT-29,mssqlsvc_svc,,,MSSQLSvc/srv-posmgt.northgate.local:1433
2026-08-06 09:34:12,4624,SRV-FILE-HQ,d.levi,3,WKS-SEC-10,,,,
2026-08-06 09:34:57,4624,SRV-DC-01,e.katz,3,WKS-SEC-03,,,,
2026-08-06 09:47:05,4769,SRV-DC-01,s.arbel,,WKS-PAY-11,http_svc,,,HTTP/web-supplier.northgate.local
2026-08-06 09:52:12,4769,SRV-DC-01,d.levi,,WKS-SEC-10,http_svc,,,HTTP/web-supplier.northgate.local
2026-08-06 09:56:41,4624,SRV-FILE-HQ,t.hadar,3,WKS-PAY-12,,,,
2026-08-06 09:56:43,5140,SRV-FILE-HQ,t.hadar,3,WKS-PAY-12,,,,\\SRV-FILE-HQ\Payments
2026-08-06 09:57:56,4769,SRV-DC-01,l.beit,,WKS-HQ-13,http_svc,,,HTTP/web-supplier.northgate.local
2026-08-06 09:59:21,4624,SRV-POSMGT,i.golan,3,WKS-HQ-22,,,,
2026-08-06 10:19:31,4688,WKS-HQ-19,y.segev,,,,chrome.exe,chrome.exe --restore-last-session,
2026-08-06 10:38:34,4624,SRV-FILE-HQ,g.shemesh,3,WKS-HQ-06,,,,
2026-08-06 10:38:37,4624,SRV-FILE-HQ,a.dahan,3,WKS-HQ-17,,,,
2026-08-06 10:54:34,4688,WKS-HQ-06,g.shemesh,,,,outlook.exe,outlook.exe /recycle,
2026-08-06 10:58:49,4624,SRV-FILE-HQ,v.harel,3,WKS-HQ-24,,,,
2026-08-06 10:58:51,5140,SRV-FILE-HQ,v.harel,3,WKS-HQ-24,,,,\\SRV-FILE-HQ\Branches
2026-08-06 11:01:44,4624,SRV-POSMGT,z.amar,3,WKS-HQ-25,,,,
2026-08-06 11:10:54,4769,SRV-DC-01,u.regev,,WKS-HQ-28,mssqlsvc_svc,,,MSSQLSvc/srv-posmgt.northgate.local:1433
2026-08-06 11:12:44,4624,SRV-POSMGT,z.amar,3,WKS-HQ-25,,,,
2026-08-06 11:14:04,4624,SRV-FILE-HQ,r.stern,3,WKS-PAY-02,,,,
2026-08-06 11:16:41,4624,SRV-FILE-HQ,t.hadar,3,WKS-PAY-12,,,,
2026-08-06 11:25:56,4624,SRV-FILE-HQ,l.beit,3,WKS-HQ-13,,,,
2026-08-06 11:25:58,5140,SRV-FILE-HQ,l.beit,3,WKS-HQ-13,,,,\\SRV-FILE-HQ\Procurement
2026-08-06 11:30:28,4624,SRV-FILE-HQ,r.avni,3,WKS-HQ-14,,,,
2026-08-06 11:35:57,4624,SRV-FILE-HQ,e.katz,3,WKS-SEC-03,,,,
2026-08-06 11:36:54,4769,SRV-DC-01,u.regev,,WKS-HQ-28,http_svc,,,HTTP/web-supplier.northgate.local
2026-08-06 11:50:37,4624,SRV-POSMGT,p.stein,3,WKS-HQ-26,,,,
2026-08-06 11:50:37,4769,SRV-DC-01,p.stein,,WKS-HQ-26,mssqlsvc_svc,,,MSSQLSvc/srv-posmgt.northgate.local:1433
2026-08-06 11:51:49,4624,SRV-FILE-HQ,v.harel,3,WKS-HQ-24,,,,
2026-08-06 11:57:49,4624,SRV-POSMGT,v.harel,3,WKS-HQ-24,,,,
2026-08-06 11:57:51,5140,SRV-POSMGT,v.harel,3,WKS-HQ-24,,,,\\SRV-POSMGT\Branches
2026-08-06 12:07:05,4769,SRV-DC-01,s.arbel,,WKS-PAY-11,cifs_svc,,,CIFS/srv-file-hq.northgate.local
2026-08-06 12:09:21,4624,SRV-FILE-HQ,i.golan,3,WKS-HQ-22,,,,
2026-08-06 12:09:48,4624,SRV-FILE-HQ,m.tal,3,WKS-HQ-18,,,,
2026-08-06 12:17:10,4769,SRV-DC-01,n.hazan,,WKS-HQ-15,http_svc,,,HTTP/web-supplier.northgate.local
2026-08-06 12:23:01,4769,SRV-DC-01,c.barak,,WKS-HQ-27,mssqlsvc_svc,,,MSSQLSvc/srv-posmgt.northgate.local:1433
2026-08-06 12:23:54,4769,SRV-DC-01,u.regev,,WKS-HQ-28,mssqlsvc_svc,,,MSSQLSvc/srv-posmgt.northgate.local:1433
2026-08-06 12:32:10,4769,SRV-DC-01,n.hazan,,WKS-HQ-15,mssqlsvc_svc,,,MSSQLSvc/srv-posmgt.northgate.local:1433
2026-08-06 12:32:21,4624,SRV-FILE-HQ,i.golan,3,WKS-HQ-22,,,,
2026-08-06 12:39:28,4769,SRV-DC-01,r.avni,,WKS-HQ-14,mssqlsvc_svc,,,MSSQLSvc/srv-posmgt.northgate.local:1433
2026-08-06 13:04:54,4624,SRV-FILE-HQ,u.regev,3,WKS-HQ-28,,,,
2026-08-06 13:04:56,5140,SRV-FILE-HQ,u.regev,3,WKS-HQ-28,,,,\\SRV-FILE-HQ\Marketing
2026-08-06 13:07:37,4769,SRV-DC-01,a.dahan,,WKS-HQ-17,mssqlsvc_svc,,,MSSQLSvc/srv-cardproc.northgate.local:1433
2026-08-06 13:17:48,4769,SRV-DC-01,m.tal,,WKS-HQ-18,http_svc,,,HTTP/web-supplier.northgate.local
2026-08-06 13:23:01,4624,SRV-FILE-HQ,c.barak,3,WKS-HQ-27,,,,
2026-08-06 13:23:03,5140,SRV-FILE-HQ,c.barak,3,WKS-HQ-27,,,,\\SRV-FILE-HQ\Marketing
2026-08-06 13:23:30,4624,SRV-DC-01,a.mizrahi,3,WKS-IT-01,,,,
2026-08-06 13:31:30,4624,SRV-DC-01,a.mizrahi,3,WKS-IT-01,,,,
2026-08-06 13:31:32,5140,SRV-DC-01,a.mizrahi,3,WKS-IT-01,,,,\\SRV-DC-01\IT
2026-08-06 13:32:49,4769,SRV-DC-01,v.harel,,WKS-HQ-24,mssqlsvc_svc,,,MSSQLSvc/srv-posmgt.northgate.local:1433
2026-08-06 13:41:28,4624,SRV-FILE-HQ,e.shalom,3,WKS-HQ-16,,,,
2026-08-06 13:43:34,4624,SRV-FILE-HQ,g.shemesh,3,WKS-HQ-06,,,,
2026-08-06 13:43:49,4624,SRV-FILE-HQ,f.zohar,3,WKS-IT-29,,,,
2026-08-06 13:43:56,4624,SRV-FILE-HQ,l.beit,3,WKS-HQ-13,,,,
2026-08-06 13:44:10,4624,SRV-FILE-HQ,n.hazan,3,WKS-HQ-15,,,,
2026-08-06 13:44:12,5140,SRV-FILE-HQ,n.hazan,3,WKS-HQ-15,,,,\\SRV-FILE-HQ\Finance
2026-08-06 13:48:22,4624,SRV-CARDPROC,g.ben-ari,3,WKS-PAY-30,,,,
2026-08-06 13:48:24,5140,SRV-CARDPROC,g.ben-ari,3,WKS-PAY-30,,,,\\SRV-CARDPROC\Payments
2026-08-06 13:52:10,4688,WKS-HQ-15,n.hazan,,,,teams.exe,teams.exe --system-initiated,
2026-08-06 13:56:06,4624,SRV-FILE-HQ,b.naim,3,WKS-HQ-21,,,,
2026-08-06 13:56:08,5140,SRV-FILE-HQ,b.naim,3,WKS-HQ-21,,,,\\SRV-FILE-HQ\Logistics
2026-08-06 13:58:34,4769,SRV-DC-01,g.shemesh,,WKS-HQ-06,mssqlsvc_svc,,,MSSQLSvc/srv-posmgt.northgate.local:1433
2026-08-06 14:08:01,4769,SRV-DC-01,c.barak,,WKS-HQ-27,mssqlsvc_svc,,,MSSQLSvc/srv-posmgt.northgate.local:1433
2026-08-06 14:09:44,4769,SRV-DC-01,z.amar,,WKS-HQ-25,mssqlsvc_svc,,,MSSQLSvc/srv-posmgt.northgate.local:1433
2026-08-06 14:12:24,4624,SRV-POSMGT,s.mor,3,WKS-HQ-23,,,,
2026-08-06 14:12:26,5140,SRV-POSMGT,s.mor,3,WKS-HQ-23,,,,\\SRV-POSMGT\Branches
2026-08-06 14:18:22,4769,SRV-DC-01,g.ben-ari,,WKS-PAY-30,mssqlsvc_svc,,,MSSQLSvc/srv-cardproc.northgate.local:1433
2026-08-06 14:23:30,4624,SRV-FILE-HQ,a.mizrahi,3,WKS-IT-01,,,,
2026-08-06 14:25:06,4624,SRV-FILE-HQ,b.naim,3,WKS-HQ-21,,,,
2026-08-06 14:30:28,4624,SRV-FILE-HQ,r.avni,3,WKS-HQ-14,,,,
2026-08-06 14:42:29,4769,SRV-DC-01,n.barzilai,,WKS-HQ-04,mssqlsvc_svc,,,MSSQLSvc/srv-posmgt.northgate.local:1433
2026-08-06 14:44:05,4624,SRV-FILE-HQ,s.arbel,3,WKS-PAY-11,,,,
2026-08-06 14:45:48,4688,WKS-HQ-18,m.tal,,,,outlook.exe,outlook.exe /recycle,
2026-08-06 15:00:04,4624,SRV-FILE-HQ,r.stern,3,WKS-PAY-02,,,,
2026-08-06 15:02:54,4624,SRV-FILE-HQ,u.regev,3,WKS-HQ-28,,,,
2026-08-06 15:04:10,4769,SRV-DC-01,n.hazan,,WKS-HQ-15,cifs_svc,,,CIFS/srv-file-hq.northgate.local
2026-08-06 15:07:55,4769,SRV-DC-01,k.oz,,WKS-HQ-20,http_svc,,,HTTP/web-supplier.northgate.local
2026-08-06 15:09:06,4624,SRV-FILE-HQ,y.oren,3,WKS-HQ-05,,,,
2026-08-06 15:10:22,4624,SRV-FILE-HQ,g.ben-ari,3,WKS-PAY-30,,,,
2026-08-06 15:11:00,4624,SRV-FILE-HQ,m.saban,3,WKS-IT-09,,,,
2026-08-06 15:11:02,5140,SRV-FILE-HQ,m.saban,3,WKS-IT-09,,,,\\SRV-FILE-HQ\IT
2026-08-06 15:15:37,4624,SRV-FILE-HQ,p.stein,3,WKS-HQ-26,,,,
2026-08-06 15:15:39,5140,SRV-FILE-HQ,p.stein,3,WKS-HQ-26,,,,\\SRV-FILE-HQ\Branches
2026-08-06 15:19:49,4769,SRV-DC-01,v.harel,,WKS-HQ-24,mssqlsvc_svc,,,MSSQLSvc/srv-cardproc.northgate.local:1433
2026-08-06 15:27:41,4769,SRV-DC-01,t.hadar,,WKS-PAY-12,mssqlsvc_svc,,,MSSQLSvc/srv-posmgt.northgate.local:1433
2026-08-06 15:29:12,4769,SRV-DC-01,d.levi,,WKS-SEC-10,cifs_svc,,,CIFS/srv-file-hq.northgate.local
2026-08-06 15:29:48,4624,SRV-FILE-HQ,m.tal,3,WKS-HQ-18,,,,
2026-08-06 15:40:30,4769,SRV-DC-01,a.mizrahi,,WKS-IT-01,mssqlsvc_svc,,,MSSQLSvc/srv-posmgt.northgate.local:1433
2026-08-06 15:42:21,4634,WKS-HQ-26,p.stein,2,,,,,
2026-08-06 15:49:24,4769,SRV-DC-01,s.mor,,WKS-HQ-23,mssqlsvc_svc,,,MSSQLSvc/srv-posmgt.northgate.local:1433
2026-08-06 15:51:05,4624,SRV-FILE-HQ,s.arbel,3,WKS-PAY-11,,,,
2026-08-06 16:01:00,4624,SRV-FILE-HQ,m.saban,3,WKS-IT-09,,,,
2026-08-06 16:03:01,4624,SRV-FILE-HQ,c.barak,3,WKS-HQ-27,,,,
2026-08-06 16:05:10,4624,SRV-FILE-HQ,n.hazan,3,WKS-HQ-15,,,,
2026-08-06 16:10:06,4769,SRV-DC-01,b.naim,,WKS-HQ-21,http_svc,,,HTTP/web-supplier.northgate.local
2026-08-06 16:13:10,4624,SRV-FILE-HQ,n.hazan,3,WKS-HQ-15,,,,
2026-08-06 16:13:12,5140,SRV-FILE-HQ,n.hazan,3,WKS-HQ-15,,,,\\SRV-FILE-HQ\Finance
2026-08-06 16:16:56,4769,SRV-DC-01,l.beit,,WKS-HQ-13,mssqlsvc_svc,,,MSSQLSvc/srv-cardproc.northgate.local:1433
2026-08-06 16:17:04,4769,SRV-DC-01,r.stern,,WKS-PAY-02,cifs_svc,,,CIFS/srv-file-hq.northgate.local
2026-08-06 16:20:21,4624,SRV-FILE-HQ,i.golan,3,WKS-HQ-22,,,,
2026-08-06 16:23:28,4624,SRV-FILE-HQ,r.avni,3,WKS-HQ-14,,,,
2026-08-06 16:25:05,4624,SRV-CARDPROC,s.arbel,3,WKS-PAY-11,,,,
2026-08-06 16:25:07,5140,SRV-CARDPROC,s.arbel,3,WKS-PAY-11,,,,\\SRV-CARDPROC\Payments
2026-08-06 16:30:47,4634,WKS-HQ-25,z.amar,2,,,,,
2026-08-06 16:45:32,4634,WKS-HQ-05,y.oren,2,,,,,
2026-08-06 16:47:10,4634,WKS-IT-01,a.mizrahi,2,,,,,
2026-08-06 16:52:08,4634,WKS-HQ-04,n.barzilai,2,,,,,
2026-08-06 16:53:21,4634,WKS-HQ-24,v.harel,2,,,,,
2026-08-06 16:59:01,4634,WKS-SEC-03,e.katz,2,,,,,
2026-08-06 16:59:23,4634,WKS-HQ-16,e.shalom,2,,,,,
2026-08-06 17:03:37,4624,SRV-FILE-HQ,a.dahan,3,WKS-HQ-17,,,,
2026-08-06 17:03:37,4634,WKS-HQ-27,c.barak,2,,,,,
2026-08-06 17:05:27,4634,WKS-HQ-20,k.oz,2,,,,,
2026-08-06 17:08:32,4634,WKS-PAY-12,t.hadar,2,,,,,
2026-08-06 17:12:00,4624,SRV-DC-01,m.saban,3,WKS-IT-09,,,,
2026-08-06 17:12:18,4634,WKS-HQ-23,s.mor,2,,,,,
2026-08-06 17:21:06,4624,SRV-FILE-HQ,y.oren,3,WKS-HQ-05,,,,
2026-08-06 17:21:20,4634,WKS-HQ-13,l.beit,2,,,,,
2026-08-06 17:21:37,4624,SRV-FILE-HQ,a.dahan,3,WKS-HQ-17,,,,
2026-08-06 17:21:39,5140,SRV-FILE-HQ,a.dahan,3,WKS-HQ-17,,,,\\SRV-FILE-HQ\HR
2026-08-06 17:21:48,4769,SRV-DC-01,m.tal,,WKS-HQ-18,mssqlsvc_svc,,,MSSQLSvc/srv-cardproc.northgate.local:1433
2026-08-06 17:25:43,4634,WKS-HQ-28,u.regev,2,,,,,
2026-08-06 17:29:07,4634,WKS-IT-29,f.zohar,2,,,,,
2026-08-06 17:37:12,4634,WKS-SEC-10,d.levi,2,,,,,
2026-08-06 17:57:37,4634,WKS-PAY-30,g.ben-ari,2,,,,,
2026-08-06 18:04:21,4634,WKS-PAY-11,s.arbel,2,,,,,
2026-08-06 18:05:27,4634,WKS-HQ-21,b.naim,2,,,,,
2026-08-06 18:07:10,4634,WKS-HQ-22,i.golan,2,,,,,
2026-08-06 18:13:22,4634,WKS-PAY-02,r.stern,2,,,,,
2026-08-06 18:13:35,4634,WKS-HQ-15,n.hazan,2,,,,,
2026-08-06 18:19:40,4634,WKS-HQ-19,y.segev,2,,,,,
2026-08-06 18:23:07,4634,WKS-HQ-18,m.tal,2,,,,,
2026-08-06 18:48:43,4634,WKS-HQ-17,a.dahan,2,,,,,
2026-08-06 18:50:52,4634,WKS-HQ-14,r.avni,2,,,,,
2026-08-06 19:07:43,4634,WKS-HQ-06,g.shemesh,2,,,,,
2026-08-06 19:28:41,4634,WKS-IT-09,m.saban,2,,,,,
2026-08-07 08:16:49,4624,WKS-IT-08,h.peretz,2,WKS-IT-08,,,,
2026-08-07 12:07:49,4624,SRV-FILE-HQ,h.peretz,3,WKS-IT-08,,,,
2026-08-07 13:07:49,4769,SRV-DC-01,h.peretz,,WKS-IT-08,mssqlsvc_svc,,,MSSQLSvc/srv-cardproc.northgate.local:1433
2026-08-07 13:34:49,4688,WKS-IT-08,h.peretz,,,,teams.exe,teams.exe --system-initiated,
2026-08-07 14:47:49,4624,SRV-DC-01,h.peretz,3,WKS-IT-08,,,,
2026-08-07 18:39:32,4634,WKS-IT-08,h.peretz,2,,,,,
2026-08-09 06:57:07,4624,WKS-HQ-25,z.amar,2,WKS-HQ-25,,,,
2026-08-09 07:14:58,4624,WKS-HQ-23,s.mor,2,WKS-HQ-23,,,,
2026-08-09 07:19:50,4624,WKS-HQ-22,i.golan,2,WKS-HQ-22,,,,
2026-08-09 07:20:47,4624,WKS-HQ-26,p.stein,2,WKS-HQ-26,,,,
2026-08-09 07:45:35,4624,WKS-HQ-24,v.harel,2,WKS-HQ-24,,,,
2026-08-09 07:46:12,4624,WKS-PAY-11,s.arbel,2,WKS-PAY-11,,,,
2026-08-09 08:06:31,4624,WKS-PAY-02,r.stern,2,WKS-PAY-02,,,,
2026-08-09 08:09:42,4624,WKS-IT-01,a.mizrahi,2,WKS-IT-01,,,,
2026-08-09 08:09:43,4672,WKS-IT-01,a.mizrahi,2,,,,,
2026-08-09 08:09:58,4624,WKS-HQ-21,b.naim,2,WKS-HQ-21,,,,
2026-08-09 08:17:02,4624,WKS-HQ-16,e.shalom,2,WKS-HQ-16,,,,
2026-08-09 08:17:05,4624,WKS-IT-09,m.saban,2,WKS-IT-09,,,,
2026-08-09 08:20:28,4624,WKS-HQ-19,y.segev,2,WKS-HQ-19,,,,
2026-08-09 08:30:19,4624,WKS-SEC-03,e.katz,2,WKS-SEC-03,,,,
2026-08-09 08:30:23,4624,WKS-PAY-30,g.ben-ari,2,WKS-PAY-30,,,,
2026-08-09 08:30:46,4624,WKS-HQ-13,l.beit,2,WKS-HQ-13,,,,
2026-08-09 08:34:27,4624,WKS-HQ-28,u.regev,2,WKS-HQ-28,,,,
2026-08-09 08:35:20,4624,WKS-IT-08,h.peretz,2,WKS-IT-08,,,,
2026-08-09 08:35:47,4624,SRV-POSMGT,p.stein,3,WKS-HQ-26,,,,
2026-08-09 08:39:32,4624,WKS-SEC-10,d.levi,2,WKS-SEC-10,,,,
2026-08-09 08:40:15,4624,WKS-IT-29,f.zohar,2,WKS-IT-29,,,,
2026-08-09 08:40:23,4624,SRV-FILE-HQ,g.ben-ari,3,WKS-PAY-30,,,,
2026-08-09 08:43:05,4624,SRV-FILE-HQ,m.saban,3,WKS-IT-09,,,,
2026-08-09 08:44:03,4624,WKS-HQ-05,y.oren,2,WKS-HQ-05,,,,
2026-08-09 08:45:00,4624,WKS-HQ-18,m.tal,2,WKS-HQ-18,,,,
2026-08-09 08:45:05,4624,WKS-HQ-04,n.barzilai,2,WKS-HQ-04,,,,
2026-08-09 08:45:41,4624,WKS-HQ-06,g.shemesh,2,WKS-HQ-06,,,,
2026-08-09 08:47:29,4624,WKS-HQ-17,a.dahan,2,WKS-HQ-17,,,,
2026-08-09 08:48:07,4624,WKS-HQ-27,c.barak,2,WKS-HQ-27,,,,
2026-08-09 08:48:59,4624,WKS-HQ-20,k.oz,2,WKS-HQ-20,,,,
2026-08-09 08:53:05,4769,SRV-DC-01,n.barzilai,,WKS-HQ-04,http_svc,,,HTTP/web-supplier.northgate.local
2026-08-09 08:55:50,4624,WKS-HQ-14,r.avni,2,WKS-HQ-14,,,,
2026-08-09 09:01:07,4769,SRV-DC-01,z.amar,,WKS-HQ-25,cifs_svc,,,CIFS/srv-file-hq.northgate.local
2026-08-09 09:05:46,4769,SRV-DC-01,l.beit,,WKS-HQ-13,mssqlsvc_svc,,,MSSQLSvc/srv-posmgt.northgate.local:1433
2026-08-09 09:08:22,4624,WKS-HQ-15,n.hazan,2,WKS-HQ-15,,,,
2026-08-09 09:17:31,4624,SRV-FILE-HQ,r.stern,3,WKS-PAY-02,,,,
2026-08-09 09:17:46,4624,SRV-FILE-HQ,l.beit,3,WKS-HQ-13,,,,
2026-08-09 09:20:50,4624,SRV-FILE-HQ,i.golan,3,WKS-HQ-22,,,,
2026-08-09 09:31:21,4624,WKS-HQ-07,o.raviv,2,WKS-HQ-07,,,,
2026-08-09 09:34:50,4769,SRV-DC-01,r.avni,,WKS-HQ-14,cifs_svc,,,CIFS/srv-file-hq.northgate.local
2026-08-09 09:34:59,4769,SRV-DC-01,k.oz,,WKS-HQ-20,mssqlsvc_svc,,,MSSQLSvc/srv-posmgt.northgate.local:1433
2026-08-09 09:40:41,4769,SRV-DC-01,g.shemesh,,WKS-HQ-06,http_svc,,,HTTP/web-supplier.northgate.local
2026-08-09 09:46:35,4769,SRV-DC-01,v.harel,,WKS-HQ-24,mssqlsvc_svc,,,MSSQLSvc/srv-posmgt.northgate.local:1433
2026-08-09 09:48:20,4624,SRV-DC-01,h.peretz,3,WKS-IT-08,,,,
2026-08-09 09:51:27,4624,SRV-FILE-HQ,u.regev,3,WKS-HQ-28,,,,
2026-08-09 09:56:00,4624,SRV-FILE-HQ,m.tal,3,WKS-HQ-18,,,,
2026-08-09 09:58:00,4624,SRV-FILE-HQ,m.tal,3,WKS-HQ-18,,,,
2026-08-09 09:58:02,5140,SRV-FILE-HQ,m.tal,3,WKS-HQ-18,,,,\\SRV-FILE-HQ\HR
2026-08-09 09:58:32,4624,SRV-DC-01,d.levi,3,WKS-SEC-10,,,,
2026-08-09 09:58:34,5140,SRV-DC-01,d.levi,3,WKS-SEC-10,,,,\\SRV-DC-01\IT
2026-08-09 10:04:07,4688,WKS-HQ-25,z.amar,,,,chrome.exe,chrome.exe --restore-last-session,
2026-08-09 10:08:41,4624,SRV-FILE-HQ,g.shemesh,3,WKS-HQ-06,,,,
2026-08-09 10:21:50,4624,SRV-FILE-HQ,r.avni,3,WKS-HQ-14,,,,
2026-08-09 10:21:52,5140,SRV-FILE-HQ,r.avni,3,WKS-HQ-14,,,,\\SRV-FILE-HQ\Vendors
2026-08-09 10:26:21,4769,SRV-DC-01,o.raviv,,WKS-HQ-07,mssqlsvc_svc,,,MSSQLSvc/srv-posmgt.northgate.local:1433
2026-08-09 10:27:47,4624,SRV-POSMGT,p.stein,3,WKS-HQ-26,,,,
2026-08-09 10:29:05,4688,WKS-IT-09,m.saban,,,,outlook.exe,outlook.exe /recycle,
2026-08-09 10:33:50,4624,SRV-FILE-HQ,r.avni,3,WKS-HQ-14,,,,
2026-08-09 10:33:52,5140,SRV-FILE-HQ,r.avni,3,WKS-HQ-14,,,,\\SRV-FILE-HQ\Procurement
2026-08-09 10:36:28,4769,SRV-DC-01,y.segev,,WKS-HQ-19,http_svc,,,HTTP/web-supplier.northgate.local
2026-08-09 10:49:47,4624,SRV-POSMGT,p.stein,3,WKS-HQ-26,,,,
2026-08-09 10:52:03,4769,SRV-DC-01,y.oren,,WKS-HQ-05,http_svc,,,HTTP/web-supplier.northgate.local
2026-08-09 10:53:05,4624,SRV-FILE-HQ,m.saban,3,WKS-IT-09,,,,
2026-08-09 10:55:27,4624,SRV-FILE-HQ,u.regev,3,WKS-HQ-28,,,,
2026-08-09 10:55:29,5140,SRV-FILE-HQ,u.regev,3,WKS-HQ-28,,,,\\SRV-FILE-HQ\Marketing
2026-08-09 10:56:20,4624,SRV-DC-01,h.peretz,3,WKS-IT-08,,,,
2026-08-09 10:56:22,5140,SRV-DC-01,h.peretz,3,WKS-IT-08,,,,\\SRV-DC-01\IT
2026-08-09 10:59:05,4624,SRV-DC-01,m.saban,3,WKS-IT-09,,,,
2026-08-09 11:00:20,4769,SRV-DC-01,h.peretz,,WKS-IT-08,http_svc,,,HTTP/web-supplier.northgate.local
2026-08-09 11:11:50,4769,SRV-DC-01,r.avni,,WKS-HQ-14,cifs_svc,,,CIFS/srv-file-hq.northgate.local
2026-08-09 11:15:35,4624,SRV-FILE-HQ,v.harel,3,WKS-HQ-24,,,,
2026-08-09 11:20:50,4769,SRV-DC-01,i.golan,,WKS-HQ-22,cifs_svc,,,CIFS/srv-file-hq.northgate.local
2026-08-09 11:31:27,4769,SRV-DC-01,u.regev,,WKS-HQ-28,mssqlsvc_svc,,,MSSQLSvc/srv-cardproc.northgate.local:1433
2026-08-09 11:33:21,4688,WKS-HQ-07,o.raviv,,,,winword.exe,winword.exe /w,
2026-08-09 11:46:05,4769,SRV-DC-01,m.saban,,WKS-IT-09,mssqlsvc_svc,,,MSSQLSvc/srv-posmgt.northgate.local:1433
2026-08-09 11:51:32,4624,SRV-FILE-HQ,d.levi,3,WKS-SEC-10,,,,
2026-08-09 11:54:58,4769,SRV-DC-01,b.naim,,WKS-HQ-21,mssqlsvc_svc,,,MSSQLSvc/srv-cardproc.northgate.local:1433
2026-08-09 11:57:00,4624,SRV-FILE-HQ,m.tal,3,WKS-HQ-18,,,,
2026-08-09 11:57:00,4769,SRV-DC-01,m.tal,,WKS-HQ-18,cifs_svc,,,CIFS/srv-file-hq.northgate.local
2026-08-09 11:57:02,5140,SRV-FILE-HQ,m.tal,3,WKS-HQ-18,,,,\\SRV-FILE-HQ\HR
2026-08-09 11:59:15,4769,SRV-DC-01,f.zohar,,WKS-IT-29,http_svc,,,HTTP/web-supplier.northgate.local
2026-08-09 12:01:00,4769,SRV-DC-01,m.tal,,WKS-HQ-18,http_svc,,,HTTP/web-supplier.northgate.local
2026-08-09 12:02:31,4769,SRV-DC-01,r.stern,,WKS-PAY-02,cifs_svc,,,CIFS/srv-file-hq.northgate.local
2026-08-09 12:08:22,4624,SRV-FILE-HQ,n.hazan,3,WKS-HQ-15,,,,
2026-08-09 12:09:21,4624,SRV-FILE-HQ,o.raviv,3,WKS-HQ-07,,,,
2026-08-09 12:15:15,4769,SRV-DC-01,f.zohar,,WKS-IT-29,http_svc,,,HTTP/web-supplier.northgate.local
2026-08-09 12:22:22,4769,SRV-DC-01,n.hazan,,WKS-HQ-15,http_svc,,,HTTP/web-supplier.northgate.local
2026-08-09 12:23:50,4624,SRV-FILE-HQ,i.golan,3,WKS-HQ-22,,,,
2026-08-09 12:24:07,4624,SRV-POSMGT,z.amar,3,WKS-HQ-25,,,,
2026-08-09 12:24:09,5140,SRV-POSMGT,z.amar,3,WKS-HQ-25,,,,\\SRV-POSMGT\Branches
2026-08-09 12:25:35,4624,SRV-FILE-HQ,v.harel,3,WKS-HQ-24,,,,
2026-08-09 12:33:12,4769,SRV-DC-01,s.arbel,,WKS-PAY-11,cifs_svc,,,CIFS/srv-file-hq.northgate.local
2026-08-09 12:36:21,4624,SRV-FILE-HQ,o.raviv,3,WKS-HQ-07,,,,
2026-08-09 12:36:27,4624,SRV-FILE-HQ,u.regev,3,WKS-HQ-28,,,,
2026-08-09 12:36:29,5140,SRV-FILE-HQ,u.regev,3,WKS-HQ-28,,,,\\SRV-FILE-HQ\Marketing
2026-08-09 12:40:35,4769,SRV-DC-01,v.harel,,WKS-HQ-24,mssqlsvc_svc,,,MSSQLSvc/srv-posmgt.northgate.local:1433
2026-08-09 12:44:59,4624,SRV-FILE-HQ,k.oz,3,WKS-HQ-20,,,,
2026-08-09 12:53:28,4624,SRV-FILE-HQ,y.segev,3,WKS-HQ-19,,,,
2026-08-09 12:53:30,5140,SRV-FILE-HQ,y.segev,3,WKS-HQ-19,,,,\\SRV-FILE-HQ\Logistics
2026-08-09 12:57:03,4624,SRV-FILE-HQ,y.oren,3,WKS-HQ-05,,,,
2026-08-09 12:59:29,4624,SRV-FILE-HQ,a.dahan,3,WKS-HQ-17,,,,
2026-08-09 12:59:31,5140,SRV-FILE-HQ,a.dahan,3,WKS-HQ-17,,,,\\SRV-FILE-HQ\HR
2026-08-09 13:00:42,4624,SRV-DC-01,a.mizrahi,3,WKS-IT-01,,,,
2026-08-09 13:03:47,4769,SRV-DC-01,p.stein,,WKS-HQ-26,http_svc,,,HTTP/web-supplier.northgate.local
2026-08-09 13:08:22,4769,SRV-DC-01,n.hazan,,WKS-HQ-15,cifs_svc,,,CIFS/srv-file-hq.northgate.local
2026-08-09 13:09:05,4769,SRV-DC-01,m.saban,,WKS-IT-09,cifs_svc,,,CIFS/srv-file-hq.northgate.local
2026-08-09 13:16:29,4624,SRV-FILE-HQ,a.dahan,3,WKS-HQ-17,,,,
2026-08-09 13:23:47,4769,SRV-DC-01,p.stein,,WKS-HQ-26,mssqlsvc_svc,,,MSSQLSvc/srv-cardproc.northgate.local:1433
2026-08-09 13:29:21,4624,SRV-FILE-HQ,o.raviv,3,WKS-HQ-07,,,,
2026-08-09 13:33:29,4624,SRV-FILE-HQ,a.dahan,3,WKS-HQ-17,,,,
2026-08-09 13:33:31,5140,SRV-FILE-HQ,a.dahan,3,WKS-HQ-17,,,,\\SRV-FILE-HQ\HR
2026-08-09 13:36:58,4769,SRV-DC-01,b.naim,,WKS-HQ-21,mssqlsvc_svc,,,MSSQLSvc/srv-cardproc.northgate.local:1433
2026-08-09 13:37:20,4624,SRV-DC-01,h.peretz,3,WKS-IT-08,,,,
2026-08-09 13:45:05,4624,SRV-DC-01,m.saban,3,WKS-IT-09,,,,
2026-08-09 13:45:07,5140,SRV-DC-01,m.saban,3,WKS-IT-09,,,,\\SRV-DC-01\IT
2026-08-09 13:48:42,4624,SRV-FILE-HQ,a.mizrahi,3,WKS-IT-01,,,,
2026-08-09 13:50:58,4624,SRV-FILE-HQ,s.mor,3,WKS-HQ-23,,,,
2026-08-09 13:51:00,5140,SRV-FILE-HQ,s.mor,3,WKS-HQ-23,,,,\\SRV-FILE-HQ\Branches
2026-08-09 13:58:07,4769,SRV-DC-01,c.barak,,WKS-HQ-27,mssqlsvc_svc,,,MSSQLSvc/srv-posmgt.northgate.local:1433
2026-08-09 14:15:59,4769,SRV-DC-01,k.oz,,WKS-HQ-20,mssqlsvc_svc,,,MSSQLSvc/srv-cardproc.northgate.local:1433
2026-08-09 14:30:27,4769,SRV-DC-01,u.regev,,WKS-HQ-28,cifs_svc,,,CIFS/srv-file-hq.northgate.local
2026-08-09 14:35:19,4624,SRV-DC-01,e.katz,3,WKS-SEC-03,,,,
2026-08-09 14:39:07,4769,SRV-DC-01,z.amar,,WKS-HQ-25,mssqlsvc_svc,,,MSSQLSvc/srv-posmgt.northgate.local:1433
2026-08-09 14:39:50,4624,SRV-FILE-HQ,r.avni,3,WKS-HQ-14,,,,
2026-08-09 14:40:31,4688,WKS-PAY-02,r.stern,,,,teams.exe,teams.exe --system-initiated,
2026-08-09 14:53:02,4688,WKS-HQ-16,e.shalom,,,,winword.exe,winword.exe /w,
2026-08-09 15:02:05,4624,SRV-FILE-HQ,n.barzilai,3,WKS-HQ-04,,,,
2026-08-09 15:04:40,4634,WKS-HQ-25,z.amar,2,,,,,
2026-08-09 15:04:47,4688,WKS-HQ-26,p.stein,,,,outlook.exe,outlook.exe /recycle,
2026-08-09 15:07:19,4769,SRV-DC-01,e.katz,,WKS-SEC-03,http_svc,,,HTTP/web-supplier.northgate.local
2026-08-09 15:13:50,4624,SRV-POSMGT,i.golan,3,WKS-HQ-22,,,,
2026-08-09 15:16:07,4624,SRV-FILE-HQ,c.barak,3,WKS-HQ-27,,,,
2026-08-09 15:16:09,5140,SRV-FILE-HQ,c.barak,3,WKS-HQ-27,,,,\\SRV-FILE-HQ\Marketing
2026-08-09 15:18:19,4769,SRV-DC-01,e.katz,,WKS-SEC-03,mssqlsvc_svc,,,MSSQLSvc/srv-posmgt.northgate.local:1433
2026-08-09 15:23:31,4624,SRV-CARDPROC,r.stern,3,WKS-PAY-02,,,,
2026-08-09 15:26:47,4624,SRV-FILE-HQ,p.stein,3,WKS-HQ-26,,,,
2026-08-09 15:26:49,5140,SRV-FILE-HQ,p.stein,3,WKS-HQ-26,,,,\\SRV-FILE-HQ\Branches
2026-08-09 15:47:46,4624,SRV-FILE-HQ,l.beit,3,WKS-HQ-13,,,,
2026-08-09 15:50:25,4634,WKS-HQ-26,p.stein,2,,,,,
2026-08-09 15:51:46,4769,SRV-DC-01,l.beit,,WKS-HQ-13,http_svc,,,HTTP/web-supplier.northgate.local
2026-08-09 16:03:05,4624,SRV-FILE-HQ,n.barzilai,3,WKS-HQ-04,,,,
2026-08-09 16:03:07,5140,SRV-FILE-HQ,n.barzilai,3,WKS-HQ-04,,,,\\SRV-FILE-HQ\Finance
2026-08-09 16:04:42,4769,SRV-DC-01,a.mizrahi,,WKS-IT-01,cifs_svc,,,CIFS/srv-file-hq.northgate.local
2026-08-09 16:19:29,4634,WKS-IT-09,m.saban,2,,,,,
2026-08-09 16:24:57,4634,WKS-HQ-22,i.golan,2,,,,,
2026-08-09 16:30:58,4634,WKS-HQ-24,v.harel,2,,,,,
2026-08-09 16:32:29,4769,SRV-DC-01,a.dahan,,WKS-HQ-17,mssqlsvc_svc,,,MSSQLSvc/srv-posmgt.northgate.local:1433
2026-08-09 16:32:48,4634,WKS-PAY-30,g.ben-ari,2,,,,,
2026-08-09 16:42:10,4634,WKS-PAY-11,s.arbel,2,,,,,
2026-08-09 16:49:03,4634,WKS-SEC-03,e.katz,2,,,,,
2026-08-09 16:49:46,4634,WKS-HQ-28,u.regev,2,,,,,
2026-08-09 16:56:25,4634,WKS-HQ-23,s.mor,2,,,,,
2026-08-09 16:57:46,4634,WKS-HQ-21,b.naim,2,,,,,
2026-08-09 16:58:30,4634,WKS-HQ-20,k.oz,2,,,,,
2026-08-09 17:03:34,4634,WKS-HQ-14,r.avni,2,,,,,
2026-08-09 17:04:02,4634,WKS-HQ-19,y.segev,2,,,,,
2026-08-09 17:05:27,4624,SRV-FILE-HQ,u.regev,3,WKS-HQ-28,,,,
2026-08-09 17:05:29,5140,SRV-FILE-HQ,u.regev,3,WKS-HQ-28,,,,\\SRV-FILE-HQ\Marketing
2026-08-09 17:16:50,4624,SRV-FILE-HQ,r.avni,3,WKS-HQ-14,,,,
2026-08-09 17:16:52,5140,SRV-FILE-HQ,r.avni,3,WKS-HQ-14,,,,\\SRV-FILE-HQ\Procurement
2026-08-09 17:18:48,4634,WKS-HQ-27,c.barak,2,,,,,
2026-08-09 17:29:05,4634,WKS-HQ-16,e.shalom,2,,,,,
2026-08-09 17:44:21,4769,SRV-DC-01,o.raviv,,WKS-HQ-07,cifs_svc,,,CIFS/srv-file-hq.northgate.local
2026-08-09 17:47:22,4624,SRV-FILE-HQ,n.hazan,3,WKS-HQ-15,,,,
2026-08-09 17:54:15,4634,WKS-HQ-18,m.tal,2,,,,,
2026-08-09 18:06:11,4634,WKS-HQ-04,n.barzilai,2,,,,,
2026-08-09 18:09:21,4634,WKS-IT-01,a.mizrahi,2,,,,,
2026-08-09 18:10:19,4634,WKS-HQ-06,g.shemesh,2,,,,,
2026-08-09 18:13:23,4634,WKS-SEC-10,d.levi,2,,,,,
2026-08-09 18:14:43,4634,WKS-HQ-13,l.beit,2,,,,,
2026-08-09 18:19:32,4634,WKS-HQ-05,y.oren,2,,,,,
2026-08-09 18:22:25,4634,WKS-PAY-02,r.stern,2,,,,,
2026-08-09 18:34:45,4634,WKS-HQ-17,a.dahan,2,,,,,
2026-08-09 18:36:14,4634,WKS-IT-08,h.peretz,2,,,,,
2026-08-09 18:37:10,4634,WKS-HQ-15,n.hazan,2,,,,,
2026-08-09 18:51:16,4634,WKS-HQ-07,o.raviv,2,,,,,
2026-08-09 19:02:46,4634,WKS-IT-29,f.zohar,2,,,,,
2026-08-10 07:00:59,4624,WKS-HQ-25,z.amar,2,WKS-HQ-25,,,,
2026-08-10 07:12:31,4624,WKS-HQ-26,p.stein,2,WKS-HQ-26,,,,
2026-08-10 07:43:08,4624,WKS-PAY-30,g.ben-ari,2,WKS-PAY-30,,,,
2026-08-10 07:47:31,4769,SRV-DC-01,p.stein,,WKS-HQ-26,http_svc,,,HTTP/web-supplier.northgate.local
2026-08-10 07:48:38,4624,WKS-HQ-24,v.harel,2,WKS-HQ-24,,,,
2026-08-10 07:53:04,4625,WKS-HQ-23,s.mor,2,WKS-HQ-23,,,,
2026-08-10 07:53:21,4624,WKS-PAY-02,r.stern,2,WKS-PAY-02,,,,
2026-08-10 07:56:04,4624,WKS-HQ-23,s.mor,2,WKS-HQ-23,,,,
2026-08-10 08:05:00,4624,WKS-HQ-22,i.golan,2,WKS-HQ-22,,,,
2026-08-10 08:09:09,4624,WKS-IT-01,a.mizrahi,2,WKS-IT-01,,,,
2026-08-10 08:09:10,4672,WKS-IT-01,a.mizrahi,2,,,,,
2026-08-10 08:09:44,4624,WKS-HQ-16,e.shalom,2,WKS-HQ-16,,,,
2026-08-10 08:09:53,4624,WKS-PAY-11,s.arbel,2,WKS-PAY-11,,,,
2026-08-10 08:13:04,4624,WKS-HQ-20,k.oz,2,WKS-HQ-20,,,,
2026-08-10 08:23:15,4624,WKS-SEC-03,e.katz,2,WKS-SEC-03,,,,
2026-08-10 08:23:56,4624,WKS-HQ-28,u.regev,2,WKS-HQ-28,,,,
2026-08-10 08:24:00,4624,SRV-POSMGT,i.golan,3,WKS-HQ-22,,,,
2026-08-10 08:24:16,4624,WKS-PAY-12,t.hadar,2,WKS-PAY-12,,,,
2026-08-10 08:24:44,4624,WKS-HQ-21,b.naim,2,WKS-HQ-21,,,,
2026-08-10 08:26:01,4624,WKS-IT-08,h.peretz,2,WKS-IT-08,,,,
2026-08-10 08:27:41,4624,WKS-HQ-19,y.segev,2,WKS-HQ-19,,,,
2026-08-10 08:30:11,4625,WKS-HQ-13,l.beit,2,WKS-HQ-13,,,,
2026-08-10 08:31:15,4769,SRV-DC-01,e.katz,,WKS-SEC-03,mssqlsvc_svc,,,MSSQLSvc/srv-cardproc.northgate.local:1433
2026-08-10 08:31:53,4624,WKS-HQ-13,l.beit,2,WKS-HQ-13,,,,
2026-08-10 08:32:47,4624,WKS-IT-29,f.zohar,2,WKS-IT-29,,,,
2026-08-10 08:33:16,4624,SRV-FILE-HQ,t.hadar,3,WKS-PAY-12,,,,
2026-08-10 08:33:18,5140,SRV-FILE-HQ,t.hadar,3,WKS-PAY-12,,,,\\SRV-FILE-HQ\Payments
2026-08-10 08:43:01,4624,WKS-HQ-04,n.barzilai,2,WKS-HQ-04,,,,
2026-08-10 08:43:24,4624,WKS-IT-09,m.saban,2,WKS-IT-09,,,,
2026-08-10 08:43:28,4625,WKS-HQ-18,m.tal,2,WKS-HQ-18,,,,
2026-08-10 08:46:21,4624,WKS-HQ-17,a.dahan,2,WKS-HQ-17,,,,
2026-08-10 08:46:57,4624,WKS-HQ-18,m.tal,2,WKS-HQ-18,,,,
2026-08-10 08:50:48,4624,WKS-HQ-05,y.oren,2,WKS-HQ-05,,,,
2026-08-10 08:51:15,4624,SRV-FILE-HQ,e.katz,3,WKS-SEC-03,,,,
2026-08-10 08:55:08,4624,WKS-HQ-14,r.avni,2,WKS-HQ-14,,,,
2026-08-10 08:55:23,4624,WKS-HQ-27,c.barak,2,WKS-HQ-27,,,,
2026-08-10 08:56:48,4769,SRV-DC-01,y.oren,,WKS-HQ-05,cifs_svc,,,CIFS/srv-file-hq.northgate.local
2026-08-10 08:57:39,4624,WKS-HQ-06,g.shemesh,2,WKS-HQ-06,,,,
2026-08-10 09:00:44,4624,SRV-FILE-HQ,b.naim,3,WKS-HQ-21,,,,
2026-08-10 09:00:46,5140,SRV-FILE-HQ,b.naim,3,WKS-HQ-21,,,,\\SRV-FILE-HQ\Logistics
2026-08-10 09:01:15,4624,WKS-SEC-10,d.levi,2,WKS-SEC-10,,,,
2026-08-10 09:01:16,4624,SRV-FILE-HQ,t.hadar,3,WKS-PAY-12,,,,
2026-08-10 09:08:36,4625,WKS-HQ-07,o.raviv,2,WKS-HQ-07,,,,
2026-08-10 09:10:24,4624,WKS-HQ-07,o.raviv,2,WKS-HQ-07,,,,
2026-08-10 09:11:56,4688,WKS-HQ-28,u.regev,,,,excel.exe,excel.exe /dde,
2026-08-10 09:12:59,4624,SRV-POSMGT,z.amar,3,WKS-HQ-25,,,,
2026-08-10 09:14:38,4769,SRV-DC-01,v.harel,,WKS-HQ-24,mssqlsvc_svc,,,MSSQLSvc/srv-posmgt.northgate.local:1433
2026-08-10 09:22:14,4624,WKS-HQ-15,n.hazan,2,WKS-HQ-15,,,,
2026-08-10 09:22:41,4769,SRV-DC-01,y.segev,,WKS-HQ-19,mssqlsvc_svc,,,MSSQLSvc/srv-posmgt.northgate.local:1433
2026-08-10 09:30:44,4624,SRV-FILE-HQ,b.naim,3,WKS-HQ-21,,,,
2026-08-10 09:34:38,4624,SRV-POSMGT,v.harel,3,WKS-HQ-24,,,,
2026-08-10 09:34:40,5140,SRV-POSMGT,v.harel,3,WKS-HQ-24,,,,\\SRV-POSMGT\Branches
2026-08-10 09:39:24,4769,SRV-DC-01,o.raviv,,WKS-HQ-07,http_svc,,,HTTP/web-supplier.northgate.local
2026-08-10 09:42:53,4624,SRV-FILE-HQ,l.beit,3,WKS-HQ-13,,,,
2026-08-10 09:49:24,4769,SRV-DC-01,o.raviv,,WKS-HQ-07,mssqlsvc_svc,,,MSSQLSvc/srv-posmgt.northgate.local:1433
2026-08-10 10:01:59,4624,SRV-FILE-HQ,z.amar,3,WKS-HQ-25,,,,
2026-08-10 10:04:39,4624,SRV-FILE-HQ,g.shemesh,3,WKS-HQ-06,,,,
2026-08-10 10:04:41,5140,SRV-FILE-HQ,g.shemesh,3,WKS-HQ-06,,,,\\SRV-FILE-HQ\Finance
2026-08-10 10:06:23,4624,SRV-FILE-HQ,c.barak,3,WKS-HQ-27,,,,
2026-08-10 10:06:57,4769,SRV-DC-01,m.tal,,WKS-HQ-18,mssqlsvc_svc,,,MSSQLSvc/srv-cardproc.northgate.local:1433
2026-08-10 10:07:01,4624,SRV-FILE-HQ,n.barzilai,3,WKS-HQ-04,,,,
2026-08-10 10:07:03,5140,SRV-FILE-HQ,n.barzilai,3,WKS-HQ-04,,,,\\SRV-FILE-HQ\Finance
2026-08-10 10:13:47,4624,SRV-FILE-HQ,f.zohar,3,WKS-IT-29,,,,
2026-08-10 10:13:49,5140,SRV-FILE-HQ,f.zohar,3,WKS-IT-29,,,,\\SRV-FILE-HQ\IT
2026-08-10 10:18:53,4769,SRV-DC-01,l.beit,,WKS-HQ-13,mssqlsvc_svc,,,MSSQLSvc/srv-posmgt.northgate.local:1433
2026-08-10 10:21:08,4624,SRV-FILE-HQ,g.ben-ari,3,WKS-PAY-30,,,,
2026-08-10 10:21:21,4624,SRV-FILE-HQ,a.dahan,3,WKS-HQ-17,,,,
2026-08-10 10:31:53,4624,SRV-FILE-HQ,s.arbel,3,WKS-PAY-11,,,,
2026-08-10 10:31:55,5140,SRV-FILE-HQ,s.arbel,3,WKS-PAY-11,,,,\\SRV-FILE-HQ\Payments
2026-08-10 10:39:31,4624,SRV-FILE-HQ,p.stein,3,WKS-HQ-26,,,,
2026-08-10 10:39:33,5140,SRV-FILE-HQ,p.stein,3,WKS-HQ-26,,,,\\SRV-FILE-HQ\Branches
2026-08-10 10:41:56,4769,SRV-DC-01,u.regev,,WKS-HQ-28,http_svc,,,HTTP/web-supplier.northgate.local
2026-08-10 10:44:24,4769,SRV-DC-01,m.saban,,WKS-IT-09,cifs_svc,,,CIFS/srv-file-hq.northgate.local
2026-08-10 10:45:01,4769,SRV-DC-01,h.peretz,,WKS-IT-08,mssqlsvc_svc,,,MSSQLSvc/srv-cardproc.northgate.local:1433
2026-08-10 10:45:16,4769,SRV-DC-01,t.hadar,,WKS-PAY-12,mssqlsvc_svc,,,MSSQLSvc/srv-posmgt.northgate.local:1433
2026-08-10 10:46:14,4769,SRV-DC-01,n.hazan,,WKS-HQ-15,mssqlsvc_svc,,,MSSQLSvc/srv-posmgt.northgate.local:1433
2026-08-10 10:47:09,4769,SRV-DC-01,a.mizrahi,,WKS-IT-01,mssqlsvc_svc,,,MSSQLSvc/srv-posmgt.northgate.local:1433
2026-08-10 10:48:15,4624,SRV-FILE-HQ,e.katz,3,WKS-SEC-03,,,,
2026-08-10 10:48:17,5140,SRV-FILE-HQ,e.katz,3,WKS-SEC-03,,,,\\SRV-FILE-HQ\IT
2026-08-10 10:48:53,4624,SRV-CARDPROC,s.arbel,3,WKS-PAY-11,,,,
2026-08-10 10:48:55,5140,SRV-CARDPROC,s.arbel,3,WKS-PAY-11,,,,\\SRV-CARDPROC\Payments
2026-08-10 10:50:57,4624,SRV-FILE-HQ,m.tal,3,WKS-HQ-18,,,,
2026-08-10 10:50:59,5140,SRV-FILE-HQ,m.tal,3,WKS-HQ-18,,,,\\SRV-FILE-HQ\HR
2026-08-10 10:58:00,4624,SRV-FILE-HQ,i.golan,3,WKS-HQ-22,,,,
2026-08-10 10:58:09,4624,SRV-DC-01,a.mizrahi,3,WKS-IT-01,,,,
2026-08-10 10:58:11,5140,SRV-DC-01,a.mizrahi,3,WKS-IT-01,,,,\\SRV-DC-01\IT
2026-08-10 11:01:00,4769,SRV-DC-01,i.golan,,WKS-HQ-22,http_svc,,,HTTP/web-supplier.northgate.local
2026-08-10 11:01:15,4769,SRV-DC-01,e.katz,,WKS-SEC-03,http_svc,,,HTTP/web-supplier.northgate.local
2026-08-10 11:06:04,4769,SRV-DC-01,k.oz,,WKS-HQ-20,mssqlsvc_svc,,,MSSQLSvc/srv-cardproc.northgate.local:1433
2026-08-10 11:16:00,4769,SRV-DC-01,i.golan,,WKS-HQ-22,mssqlsvc_svc,,,MSSQLSvc/srv-posmgt.northgate.local:1433
2026-08-10 11:27:23,4624,SRV-FILE-HQ,c.barak,3,WKS-HQ-27,,,,
2026-08-10 11:33:47,4769,SRV-DC-01,f.zohar,,WKS-IT-29,http_svc,,,HTTP/web-supplier.northgate.local
2026-08-10 11:37:57,4624,SRV-FILE-HQ,m.tal,3,WKS-HQ-18,,,,
2026-08-10 11:49:08,4624,SRV-FILE-HQ,g.ben-ari,3,WKS-PAY-30,,,,
2026-08-10 11:56:53,4624,SRV-FILE-HQ,l.beit,3,WKS-HQ-13,,,,
2026-08-10 11:56:55,5140,SRV-FILE-HQ,l.beit,3,WKS-HQ-13,,,,\\SRV-FILE-HQ\Vendors
2026-08-10 11:57:08,4624,SRV-FILE-HQ,g.ben-ari,3,WKS-PAY-30,,,,
2026-08-10 11:58:53,4624,SRV-FILE-HQ,l.beit,3,WKS-HQ-13,,,,
2026-08-10 12:09:24,4624,SRV-FILE-HQ,m.saban,3,WKS-IT-09,,,,
2026-08-10 12:14:24,4624,SRV-DC-01,m.saban,3,WKS-IT-09,,,,
2026-08-10 12:14:26,5140,SRV-DC-01,m.saban,3,WKS-IT-09,,,,\\SRV-DC-01\IT
2026-08-10 12:15:15,4624,SRV-DC-01,d.levi,3,WKS-SEC-10,,,,
2026-08-10 12:15:17,5140,SRV-DC-01,d.levi,3,WKS-SEC-10,,,,\\SRV-DC-01\IT
2026-08-10 12:25:57,4769,SRV-DC-01,m.tal,,WKS-HQ-18,mssqlsvc_svc,,,MSSQLSvc/srv-cardproc.northgate.local:1433
2026-08-10 12:33:01,4769,SRV-DC-01,n.barzilai,,WKS-HQ-04,mssqlsvc_svc,,,MSSQLSvc/srv-cardproc.northgate.local:1433
2026-08-10 12:34:08,4624,SRV-FILE-HQ,r.avni,3,WKS-HQ-14,,,,
2026-08-10 12:34:31,4688,WKS-HQ-26,p.stein,,,,winword.exe,winword.exe /w,
2026-08-10 12:38:44,4769,SRV-DC-01,b.naim,,WKS-HQ-21,cifs_svc,,,CIFS/srv-file-hq.northgate.local
2026-08-10 12:46:21,4624,SRV-FILE-HQ,a.dahan,3,WKS-HQ-17,,,,
2026-08-10 12:46:23,5140,SRV-FILE-HQ,a.dahan,3,WKS-HQ-17,,,,\\SRV-FILE-HQ\HR
2026-08-10 12:50:16,4624,SRV-CARDPROC,t.hadar,3,WKS-PAY-12,,,,
2026-08-10 12:53:14,4769,SRV-DC-01,n.hazan,,WKS-HQ-15,cifs_svc,,,CIFS/srv-file-hq.northgate.local
2026-08-10 12:58:14,4624,SRV-FILE-HQ,n.hazan,3,WKS-HQ-15,,,,
2026-08-10 12:59:21,4769,SRV-DC-01,r.stern,,WKS-PAY-02,mssqlsvc_svc,,,MSSQLSvc/srv-cardproc.northgate.local:1433
2026-08-10 13:05:16,4624,SRV-CARDPROC,t.hadar,3,WKS-PAY-12,,,,
2026-08-10 13:05:23,4624,SRV-FILE-HQ,c.barak,3,WKS-HQ-27,,,,
2026-08-10 13:08:04,4769,SRV-DC-01,s.mor,,WKS-HQ-23,http_svc,,,HTTP/web-supplier.northgate.local
2026-08-10 13:29:08,4624,SRV-FILE-HQ,r.avni,3,WKS-HQ-14,,,,
2026-08-10 13:41:01,4769,SRV-DC-01,n.barzilai,,WKS-HQ-04,http_svc,,,HTTP/web-supplier.northgate.local
2026-08-10 13:44:21,4624,SRV-CARDPROC,r.stern,3,WKS-PAY-02,,,,
2026-08-10 13:47:41,4769,SRV-DC-01,y.segev,,WKS-HQ-19,mssqlsvc_svc,,,MSSQLSvc/srv-cardproc.northgate.local:1433
2026-08-10 13:48:01,4769,SRV-DC-01,h.peretz,,WKS-IT-08,http_svc,,,HTTP/web-supplier.northgate.local
2026-08-10 13:57:00,4624,SRV-FILE-HQ,i.golan,3,WKS-HQ-22,,,,
2026-08-10 13:57:02,5140,SRV-FILE-HQ,i.golan,3,WKS-HQ-22,,,,\\SRV-FILE-HQ\Branches
2026-08-10 14:05:21,4769,SRV-DC-01,r.stern,,WKS-PAY-02,cifs_svc,,,CIFS/srv-file-hq.northgate.local
2026-08-10 14:06:53,4688,WKS-HQ-13,l.beit,,,,outlook.exe,outlook.exe /recycle,
2026-08-10 14:07:04,4624,SRV-FILE-HQ,k.oz,3,WKS-HQ-20,,,,
2026-08-10 14:07:06,5140,SRV-FILE-HQ,k.oz,3,WKS-HQ-20,,,,\\SRV-FILE-HQ\Logistics
2026-08-10 14:12:09,4624,SRV-DC-01,a.mizrahi,3,WKS-IT-01,,,,
2026-08-10 14:16:15,4769,SRV-DC-01,d.levi,,WKS-SEC-10,http_svc,,,HTTP/web-supplier.northgate.local
2026-08-10 14:29:24,4624,SRV-FILE-HQ,o.raviv,3,WKS-HQ-07,,,,
2026-08-10 14:30:21,4624,SRV-FILE-HQ,r.stern,3,WKS-PAY-02,,,,
2026-08-10 14:34:08,4688,WKS-PAY-30,g.ben-ari,,,,teams.exe,teams.exe --system-initiated,
2026-08-10 14:38:23,4769,SRV-DC-01,c.barak,,WKS-HQ-27,mssqlsvc_svc,,,MSSQLSvc/srv-posmgt.northgate.local:1433
2026-08-10 14:49:31,4769,SRV-DC-01,p.stein,,WKS-HQ-26,mssqlsvc_svc,,,MSSQLSvc/srv-cardproc.northgate.local:1433
2026-08-10 14:59:57,4624,SRV-FILE-HQ,m.tal,3,WKS-HQ-18,,,,
2026-08-10 14:59:59,5140,SRV-FILE-HQ,m.tal,3,WKS-HQ-18,,,,\\SRV-FILE-HQ\HR
2026-08-10 15:05:00,4624,SRV-POSMGT,i.golan,3,WKS-HQ-22,,,,
2026-08-10 15:11:56,4769,SRV-DC-01,u.regev,,WKS-HQ-28,mssqlsvc_svc,,,MSSQLSvc/srv-cardproc.northgate.local:1433
2026-08-10 15:12:01,4624,SRV-FILE-HQ,h.peretz,3,WKS-IT-08,,,,
2026-08-10 15:12:03,5140,SRV-FILE-HQ,h.peretz,3,WKS-IT-08,,,,\\SRV-FILE-HQ\IT
2026-08-10 15:15:24,4624,SRV-FILE-HQ,o.raviv,3,WKS-HQ-07,,,,
2026-08-10 15:16:15,4624,SRV-FILE-HQ,d.levi,3,WKS-SEC-10,,,,
2026-08-10 15:16:17,5140,SRV-FILE-HQ,d.levi,3,WKS-SEC-10,,,,\\SRV-FILE-HQ\IT
2026-08-10 15:21:53,4624,SRV-FILE-HQ,s.arbel,3,WKS-PAY-11,,,,
2026-08-10 15:21:55,5140,SRV-FILE-HQ,s.arbel,3,WKS-PAY-11,,,,\\SRV-FILE-HQ\Payments
2026-08-10 15:23:01,4634,WKS-HQ-26,p.stein,2,,,,,
2026-08-10 15:32:04,4624,SRV-FILE-HQ,k.oz,3,WKS-HQ-20,,,,
2026-08-10 15:39:24,4624,SRV-DC-01,m.saban,3,WKS-IT-09,,,,
2026-08-10 15:41:01,4624,SRV-FILE-HQ,h.peretz,3,WKS-IT-08,,,,
2026-08-10 15:41:03,5140,SRV-FILE-HQ,h.peretz,3,WKS-IT-08,,,,\\SRV-FILE-HQ\IT
2026-08-10 15:42:14,4688,WKS-HQ-15,n.hazan,,,,excel.exe,excel.exe /dde,
2026-08-10 15:43:56,4624,SRV-FILE-HQ,u.regev,3,WKS-HQ-28,,,,
2026-08-10 15:46:53,4769,SRV-DC-01,s.arbel,,WKS-PAY-11,http_svc,,,HTTP/web-supplier.northgate.local
2026-08-10 15:50:00,4769,SRV-DC-01,i.golan,,WKS-HQ-22,mssqlsvc_svc,,,MSSQLSvc/srv-posmgt.northgate.local:1433
2026-08-10 15:51:38,4624,SRV-FILE-HQ,v.harel,3,WKS-HQ-24,,,,
2026-08-10 15:52:31,4624,SRV-FILE-HQ,p.stein,3,WKS-HQ-26,,,,
2026-08-10 16:09:01,4624,SRV-FILE-HQ,n.barzilai,3,WKS-HQ-04,,,,
2026-08-10 16:13:01,4624,SRV-FILE-HQ,h.peretz,3,WKS-IT-08,,,,
2026-08-10 16:17:09,4634,WKS-PAY-02,r.stern,2,,,,,
2026-08-10 16:21:39,4624,SRV-FILE-HQ,g.shemesh,3,WKS-HQ-06,,,,
2026-08-10 16:25:00,4624,SRV-POSMGT,i.golan,3,WKS-HQ-22,,,,
2026-08-10 16:26:56,4624,SRV-FILE-HQ,u.regev,3,WKS-HQ-28,,,,
2026-08-10 16:30:25,4634,WKS-HQ-24,v.harel,2,,,,,
2026-08-10 16:30:38,4634,WKS-PAY-30,g.ben-ari,2,,,,,
2026-08-10 16:33:14,4624,SRV-FILE-HQ,n.hazan,3,WKS-HQ-15,,,,
2026-08-10 16:33:16,5140,SRV-FILE-HQ,n.hazan,3,WKS-HQ-15,,,,\\SRV-FILE-HQ\Finance
2026-08-10 16:33:53,4634,WKS-HQ-23,s.mor,2,,,,,
2026-08-10 16:35:46,4634,WKS-HQ-21,b.naim,2,,,,,
2026-08-10 16:36:39,4769,SRV-DC-01,g.shemesh,,WKS-HQ-06,mssqlsvc_svc,,,MSSQLSvc/srv-posmgt.northgate.local:1433
2026-08-10 16:38:01,4769,SRV-DC-01,n.barzilai,,WKS-HQ-04,http_svc,,,HTTP/web-supplier.northgate.local
2026-08-10 16:39:10,4634,WKS-SEC-03,e.katz,2,,,,,
2026-08-10 16:41:47,4624,SRV-FILE-HQ,f.zohar,3,WKS-IT-29,,,,
2026-08-10 16:41:49,5140,SRV-FILE-HQ,f.zohar,3,WKS-IT-29,,,,\\SRV-FILE-HQ\IT
2026-08-10 16:43:56,4624,SRV-FILE-HQ,u.regev,3,WKS-HQ-28,,,,
2026-08-10 16:44:08,4769,SRV-DC-01,r.avni,,WKS-HQ-14,mssqlsvc_svc,,,MSSQLSvc/srv-cardproc.northgate.local:1433
2026-08-10 16:48:16,4634,WKS-HQ-25,z.amar,2,,,,,
2026-08-10 16:54:48,4634,WKS-HQ-04,n.barzilai,2,,,,,
2026-08-10 16:57:15,4769,SRV-DC-01,d.levi,,WKS-SEC-10,http_svc,,,HTTP/web-supplier.northgate.local
2026-08-10 17:01:44,4634,WKS-SEC-10,d.levi,2,,,,,
2026-08-10 17:12:23,4769,SRV-DC-01,c.barak,,WKS-HQ-27,http_svc,,,HTTP/web-supplier.northgate.local
2026-08-10 17:14:14,4624,SRV-FILE-HQ,n.hazan,3,WKS-HQ-15,,,,
2026-08-10 17:14:16,5140,SRV-FILE-HQ,n.hazan,3,WKS-HQ-15,,,,\\SRV-FILE-HQ\Finance
2026-08-10 17:14:50,4634,WKS-HQ-06,g.shemesh,2,,,,,
2026-08-10 17:21:15,4769,SRV-DC-01,d.levi,,WKS-SEC-10,cifs_svc,,,CIFS/srv-file-hq.northgate.local
2026-08-10 17:23:24,4624,SRV-FILE-HQ,m.saban,3,WKS-IT-09,,,,
2026-08-10 17:23:26,5140,SRV-FILE-HQ,m.saban,3,WKS-IT-09,,,,\\SRV-FILE-HQ\IT
2026-08-10 17:24:50,4634,WKS-HQ-13,l.beit,2,,,,,
2026-08-10 17:30:46,4634,WKS-HQ-17,a.dahan,2,,,,,
2026-08-10 17:39:02,4634,WKS-HQ-28,u.regev,2,,,,,
2026-08-10 17:45:31,4634,WKS-PAY-12,t.hadar,2,,,,,
2026-08-10 17:45:32,4634,WKS-HQ-27,c.barak,2,,,,,
2026-08-10 17:46:58,4634,WKS-PAY-11,s.arbel,2,,,,,
2026-08-10 17:59:14,4624,SRV-FILE-HQ,n.hazan,3,WKS-HQ-15,,,,
2026-08-10 17:59:16,5140,SRV-FILE-HQ,n.hazan,3,WKS-HQ-15,,,,\\SRV-FILE-HQ\Finance
2026-08-10 17:59:40,4634,WKS-HQ-16,e.shalom,2,,,,,
2026-08-10 17:59:46,4634,WKS-HQ-15,n.hazan,2,,,,,
2026-08-10 18:00:53,4634,WKS-IT-01,a.mizrahi,2,,,,,
2026-08-10 18:02:07,4634,WKS-HQ-22,i.golan,2,,,,,
2026-08-10 18:05:20,4634,WKS-IT-29,f.zohar,2,,,,,
2026-08-10 18:07:49,4634,WKS-HQ-18,m.tal,2,,,,,
2026-08-10 18:14:13,4634,WKS-IT-09,m.saban,2,,,,,
2026-08-10 18:22:31,4634,WKS-HQ-20,k.oz,2,,,,,
2026-08-10 18:28:35,4634,WKS-HQ-07,o.raviv,2,,,,,
2026-08-10 18:31:11,4634,WKS-IT-08,h.peretz,2,,,,,
2026-08-10 18:32:31,4634,WKS-HQ-19,y.segev,2,,,,,
2026-08-10 18:40:08,4634,WKS-HQ-05,y.oren,2,,,,,
2026-08-10 19:01:03,4634,WKS-HQ-14,r.avni,2,,,,,
2026-08-11 02:04:01,4688,SRV-VEND-APP,IIS APPPOOL\supplier,,,,cmd.exe,"cmd.exe /c ""whoami & ipconfig /all & net view"" (spawned by w3wp.exe)",
2026-08-11 02:31:01,4698,SRV-VEND-APP,IIS APPPOOL\supplier,,,NGSupplierSync,,schtasks /create /tn NGSupplierSync /sc hourly /mo 4,\NGSupplierSync
2026-08-11 05:15:00,4624,SRV-FILE-HQ,a.mizrahi,3,SRV-VEND-APP,,,,
2026-08-11 05:15:01,4672,SRV-FILE-HQ,a.mizrahi,3,SRV-VEND-APP,,,,
2026-08-11 07:11:42,4624,WKS-HQ-25,z.amar,2,WKS-HQ-25,,,,
2026-08-11 07:18:20,4624,WKS-HQ-26,p.stein,2,WKS-HQ-26,,,,
2026-08-11 07:23:20,4624,SRV-POSMGT,p.stein,3,WKS-HQ-26,,,,
2026-08-11 07:25:13,4624,WKS-PAY-30,g.ben-ari,2,WKS-PAY-30,,,,
2026-08-11 07:29:51,4624,WKS-HQ-24,v.harel,2,WKS-HQ-24,,,,
2026-08-11 07:38:37,4624,WKS-HQ-22,i.golan,2,WKS-HQ-22,,,,
2026-08-11 07:41:19,4624,WKS-HQ-20,k.oz,2,WKS-HQ-20,,,,
2026-08-11 07:41:21,4624,WKS-PAY-11,s.arbel,2,WKS-PAY-11,,,,
2026-08-11 07:59:15,4624,WKS-SEC-03,e.katz,2,WKS-SEC-03,,,,
2026-08-11 08:02:37,4624,SRV-FILE-HQ,i.golan,3,WKS-HQ-22,,,,
2026-08-11 08:04:17,4624,WKS-HQ-16,e.shalom,2,WKS-HQ-16,,,,
2026-08-11 08:08:24,4624,WKS-HQ-14,r.avni,2,WKS-HQ-14,,,,
2026-08-11 08:10:21,4624,SRV-CARDPROC,s.arbel,3,WKS-PAY-11,,,,
2026-08-11 08:10:23,5140,SRV-CARDPROC,s.arbel,3,WKS-PAY-11,,,,\\SRV-CARDPROC\Payments
2026-08-11 08:17:21,4624,SRV-CARDPROC,s.arbel,3,WKS-PAY-11,,,,
2026-08-11 08:22:33,4624,WKS-IT-09,m.saban,2,WKS-IT-09,,,,
2026-08-11 08:24:21,4624,WKS-HQ-19,y.segev,2,WKS-HQ-19,,,,
2026-08-11 08:30:01,4624,WKS-HQ-28,u.regev,2,WKS-HQ-28,,,,
2026-08-11 08:36:55,4624,WKS-PAY-12,t.hadar,2,WKS-PAY-12,,,,
2026-08-11 08:38:14,4624,WKS-IT-08,h.peretz,2,WKS-IT-08,,,,
2026-08-11 08:40:21,4624,SRV-FILE-HQ,s.arbel,3,WKS-PAY-11,,,,
2026-08-11 08:42:07,4624,WKS-HQ-21,b.naim,2,WKS-HQ-21,,,,
2026-08-11 08:42:58,4624,WKS-IT-01,a.mizrahi,2,WKS-IT-01,,,,
2026-08-11 08:42:59,4672,WKS-IT-01,a.mizrahi,2,,,,,
2026-08-11 08:43:46,4624,WKS-HQ-13,l.beit,2,WKS-HQ-13,,,,
2026-08-11 08:45:58,4769,SRV-DC-01,a.mizrahi,,WKS-IT-01,cifs_svc,,,CIFS/srv-file-hq.northgate.local
2026-08-11 08:46:21,4624,SRV-FILE-HQ,s.arbel,3,WKS-PAY-11,,,,
2026-08-11 08:47:20,4769,SRV-DC-01,p.stein,,WKS-HQ-26,mssqlsvc_svc,,,MSSQLSvc/srv-cardproc.northgate.local:1433
2026-08-11 08:47:51,4769,SRV-DC-01,v.harel,,WKS-HQ-24,http_svc,,,HTTP/web-supplier.northgate.local
2026-08-11 08:48:15,4769,SRV-DC-01,e.katz,,WKS-SEC-03,http_svc,,,HTTP/web-supplier.northgate.local
2026-08-11 08:51:13,4625,WKS-HQ-17,a.dahan,2,WKS-HQ-17,,,,
2026-08-11 08:51:35,4624,WKS-HQ-15,n.hazan,2,WKS-HQ-15,,,,
2026-08-11 08:51:43,4624,WKS-IT-29,f.zohar,2,WKS-IT-29,,,,
2026-08-11 08:52:21,4624,SRV-FILE-HQ,y.segev,3,WKS-HQ-19,,,,
2026-08-11 08:54:17,4624,WKS-HQ-07,o.raviv,2,WKS-HQ-07,,,,
2026-08-11 08:54:20,4624,WKS-HQ-17,a.dahan,2,WKS-HQ-17,,,,
2026-08-11 08:55:01,4624,WKS-SEC-10,d.levi,2,WKS-SEC-10,,,,
2026-08-11 08:57:27,4624,WKS-HQ-05,y.oren,2,WKS-HQ-05,,,,
2026-08-11 08:58:48,4624,WKS-HQ-04,n.barzilai,2,WKS-HQ-04,,,,
2026-08-11 09:09:37,4769,SRV-DC-01,i.golan,,WKS-HQ-22,http_svc,,,HTTP/web-supplier.northgate.local
2026-08-11 09:11:11,4624,WKS-HQ-06,g.shemesh,2,WKS-HQ-06,,,,
2026-08-11 09:13:53,4624,WKS-HQ-27,c.barak,2,WKS-HQ-27,,,,
2026-08-11 09:18:20,4624,SRV-FILE-HQ,a.dahan,3,WKS-HQ-17,,,,
2026-08-11 09:28:24,4769,SRV-DC-01,r.avni,,WKS-HQ-14,http_svc,,,HTTP/web-supplier.northgate.local
2026-08-11 09:42:14,4624,SRV-FILE-HQ,h.peretz,3,WKS-IT-08,,,,
2026-08-11 09:45:01,4624,SRV-FILE-HQ,u.regev,3,WKS-HQ-28,,,,
2026-08-11 09:46:35,4624,SRV-FILE-HQ,n.hazan,3,WKS-HQ-15,,,,
2026-08-11 09:58:20,4624,SRV-POSMGT,p.stein,3,WKS-HQ-26,,,,
2026-08-11 10:05:11,4769,SRV-DC-01,g.shemesh,,WKS-HQ-06,mssqlsvc_svc,,,MSSQLSvc/srv-cardproc.northgate.local:1433
2026-08-11 10:07:58,4769,SRV-DC-01,a.mizrahi,,WKS-IT-01,cifs_svc,,,CIFS/srv-file-hq.northgate.local
2026-08-11 10:11:13,4769,SRV-DC-01,g.ben-ari,,WKS-PAY-30,mssqlsvc_svc,,,MSSQLSvc/srv-cardproc.northgate.local:1433
2026-08-11 10:11:35,4624,SRV-FILE-HQ,n.hazan,3,WKS-HQ-15,,,,
2026-08-11 10:14:15,4624,SRV-DC-01,e.katz,3,WKS-SEC-03,,,,
2026-08-11 10:14:15,4769,SRV-DC-01,e.katz,,WKS-SEC-03,mssqlsvc_svc,,,MSSQLSvc/srv-cardproc.northgate.local:1433
2026-08-11 10:14:17,5140,SRV-DC-01,e.katz,3,WKS-SEC-03,,,,\\SRV-DC-01\IT
2026-08-11 10:15:53,4624,SRV-FILE-HQ,c.barak,3,WKS-HQ-27,,,,
2026-08-11 10:21:37,4624,SRV-FILE-HQ,i.golan,3,WKS-HQ-22,,,,
2026-08-11 10:21:39,5140,SRV-FILE-HQ,i.golan,3,WKS-HQ-22,,,,\\SRV-FILE-HQ\Branches
2026-08-11 10:25:37,4624,SRV-FILE-HQ,i.golan,3,WKS-HQ-22,,,,
2026-08-11 10:33:58,4624,SRV-FILE-HQ,a.mizrahi,3,WKS-IT-01,,,,
2026-08-11 10:45:55,4624,SRV-CARDPROC,t.hadar,3,WKS-PAY-12,,,,
2026-08-11 10:45:57,5140,SRV-CARDPROC,t.hadar,3,WKS-PAY-12,,,,\\SRV-CARDPROC\Payments
2026-08-11 10:47:15,4769,SRV-DC-01,e.katz,,WKS-SEC-03,mssqlsvc_svc,,,MSSQLSvc/srv-posmgt.northgate.local:1433
2026-08-11 10:47:46,4769,SRV-DC-01,l.beit,,WKS-HQ-13,mssqlsvc_svc,,,MSSQLSvc/srv-cardproc.northgate.local:1433
2026-08-11 10:48:21,4769,SRV-DC-01,y.segev,,WKS-HQ-19,mssqlsvc_svc,,,MSSQLSvc/srv-cardproc.northgate.local:1433
2026-08-11 10:52:35,4624,SRV-FILE-HQ,n.hazan,3,WKS-HQ-15,,,,
2026-08-11 10:56:01,4624,SRV-DC-01,d.levi,3,WKS-SEC-10,,,,
2026-08-11 11:00:14,4624,SRV-DC-01,h.peretz,3,WKS-IT-08,,,,
2026-08-11 11:02:42,4624,SRV-FILE-HQ,z.amar,3,WKS-HQ-25,,,,
2026-08-11 11:02:44,5140,SRV-FILE-HQ,z.amar,3,WKS-HQ-25,,,,\\SRV-FILE-HQ\Branches
2026-08-11 11:03:55,4769,SRV-DC-01,t.hadar,,WKS-PAY-12,cifs_svc,,,CIFS/srv-file-hq.northgate.local
2026-08-11 11:13:51,4769,SRV-DC-01,v.harel,,WKS-HQ-24,cifs_svc,,,CIFS/srv-file-hq.northgate.local
2026-08-11 11:20:48,4624,SRV-FILE-HQ,n.barzilai,3,WKS-HQ-04,,,,
2026-08-11 11:24:13,4624,SRV-CARDPROC,g.ben-ari,3,WKS-PAY-30,,,,
2026-08-11 11:25:01,4624,SRV-FILE-HQ,u.regev,3,WKS-HQ-28,,,,
2026-08-11 11:40:33,4769,SRV-DC-01,m.saban,,WKS-IT-09,mssqlsvc_svc,,,MSSQLSvc/srv-cardproc.northgate.local:1433
2026-08-11 11:41:21,4624,SRV-FILE-HQ,y.segev,3,WKS-HQ-19,,,,
2026-08-11 11:43:43,4624,SRV-FILE-HQ,f.zohar,3,WKS-IT-29,,,,
2026-08-11 11:48:20,4769,SRV-DC-01,a.dahan,,WKS-HQ-17,http_svc,,,HTTP/web-supplier.northgate.local
2026-08-11 11:55:53,4624,SRV-FILE-HQ,c.barak,3,WKS-HQ-27,,,,
2026-08-11 11:56:01,4624,SRV-FILE-HQ,u.regev,3,WKS-HQ-28,,,,
2026-08-11 12:08:58,4624,SRV-FILE-HQ,a.mizrahi,3,WKS-IT-01,,,,
2026-08-11 12:12:48,4769,SRV-DC-01,n.barzilai,,WKS-HQ-04,http_svc,,,HTTP/web-supplier.northgate.local
2026-08-11 12:13:33,4624,SRV-DC-01,m.saban,3,WKS-IT-09,,,,
2026-08-11 12:13:35,5140,SRV-DC-01,m.saban,3,WKS-IT-09,,,,\\SRV-DC-01\IT
2026-08-11 12:14:24,4769,SRV-DC-01,r.avni,,WKS-HQ-14,cifs_svc,,,CIFS/srv-file-hq.northgate.local
2026-08-11 12:15:53,4769,SRV-DC-01,c.barak,,WKS-HQ-27,mssqlsvc_svc,,,MSSQLSvc/srv-cardproc.northgate.local:1433
2026-08-11 12:28:55,4624,SRV-FILE-HQ,t.hadar,3,WKS-PAY-12,,,,
2026-08-11 12:29:43,4624,SRV-FILE-HQ,f.zohar,3,WKS-IT-29,,,,
2026-08-11 12:31:48,4624,SRV-FILE-HQ,n.barzilai,3,WKS-HQ-04,,,,
2026-08-11 12:31:50,5140,SRV-FILE-HQ,n.barzilai,3,WKS-HQ-04,,,,\\SRV-FILE-HQ\Finance
2026-08-11 12:36:07,4624,SRV-FILE-HQ,b.naim,3,WKS-HQ-21,,,,
2026-08-11 12:41:35,4769,SRV-DC-01,n.hazan,,WKS-HQ-15,mssqlsvc_svc,,,MSSQLSvc/srv-posmgt.northgate.local:1433
2026-08-11 12:42:58,4769,SRV-DC-01,a.mizrahi,,WKS-IT-01,cifs_svc,,,CIFS/srv-file-hq.northgate.local
2026-08-11 12:43:14,4624,SRV-DC-01,h.peretz,3,WKS-IT-08,,,,
2026-08-11 12:43:16,5140,SRV-DC-01,h.peretz,3,WKS-IT-08,,,,\\SRV-DC-01\IT
2026-08-11 12:45:14,4769,SRV-DC-01,h.peretz,,WKS-IT-08,mssqlsvc_svc,,,MSSQLSvc/srv-posmgt.northgate.local:1433
2026-08-11 12:45:35,4624,SRV-FILE-HQ,n.hazan,3,WKS-HQ-15,,,,
2026-08-11 12:49:21,4624,SRV-FILE-HQ,y.segev,3,WKS-HQ-19,,,,
2026-08-11 12:49:23,5140,SRV-FILE-HQ,y.segev,3,WKS-HQ-19,,,,\\SRV-FILE-HQ\Logistics
2026-08-11 12:50:13,4769,SRV-DC-01,g.ben-ari,,WKS-PAY-30,cifs_svc,,,CIFS/srv-file-hq.northgate.local
2026-08-11 12:59:55,4769,SRV-DC-01,t.hadar,,WKS-PAY-12,mssqlsvc_svc,,,MSSQLSvc/srv-posmgt.northgate.local:1433
2026-08-11 13:00:17,4624,SRV-FILE-HQ,e.shalom,3,WKS-HQ-16,,,,
2026-08-11 13:07:17,4624,SRV-FILE-HQ,e.shalom,3,WKS-HQ-16,,,,
2026-08-11 13:14:13,4624,SRV-CARDPROC,g.ben-ari,3,WKS-PAY-30,,,,
2026-08-11 13:25:15,4624,SRV-FILE-HQ,e.katz,3,WKS-SEC-03,,,,
2026-08-11 13:25:17,5140,SRV-FILE-HQ,e.katz,3,WKS-SEC-03,,,,\\SRV-FILE-HQ\IT
2026-08-11 13:33:01,4769,SRV-DC-01,d.levi,,WKS-SEC-10,cifs_svc,,,CIFS/srv-file-hq.northgate.local
2026-08-11 13:40:42,4769,SRV-DC-01,z.amar,,WKS-HQ-25,mssqlsvc_svc,,,MSSQLSvc/srv-cardproc.northgate.local:1433
2026-08-11 13:42:35,4624,SRV-FILE-HQ,n.hazan,3,WKS-HQ-15,,,,
2026-08-11 13:42:37,5140,SRV-FILE-HQ,n.hazan,3,WKS-HQ-15,,,,\\SRV-FILE-HQ\Finance
2026-08-11 13:52:01,4769,SRV-DC-01,u.regev,,WKS-HQ-28,mssqlsvc_svc,,,MSSQLSvc/srv-cardproc.northgate.local:1433
2026-08-11 13:59:51,4624,SRV-FILE-HQ,v.harel,3,WKS-HQ-24,,,,
2026-08-11 13:59:53,5140,SRV-FILE-HQ,v.harel,3,WKS-HQ-24,,,,\\SRV-FILE-HQ\Branches
2026-08-11 14:03:20,4769,SRV-DC-01,p.stein,,WKS-HQ-26,mssqlsvc_svc,,,MSSQLSvc/srv-posmgt.northgate.local:1433
2026-08-11 14:06:33,4624,SRV-FILE-HQ,m.saban,3,WKS-IT-09,,,,
2026-08-11 14:07:33,4769,SRV-DC-01,m.saban,,WKS-IT-09,mssqlsvc_svc,,,MSSQLSvc/srv-cardproc.northgate.local:1433
2026-08-11 14:24:01,4624,SRV-FILE-HQ,u.regev,3,WKS-HQ-28,,,,
2026-08-11 14:26:35,4769,SRV-DC-01,n.hazan,,WKS-HQ-15,mssqlsvc_svc,,,MSSQLSvc/srv-posmgt.northgate.local:1433
2026-08-11 14:41:33,4624,SRV-FILE-HQ,m.saban,3,WKS-IT-09,,,,
2026-08-11 14:41:35,5140,SRV-FILE-HQ,m.saban,3,WKS-IT-09,,,,\\SRV-FILE-HQ\IT
2026-08-11 14:48:24,4769,SRV-DC-01,r.avni,,WKS-HQ-14,http_svc,,,HTTP/web-supplier.northgate.local
2026-08-11 14:51:46,4624,SRV-FILE-HQ,l.beit,3,WKS-HQ-13,,,,
2026-08-11 15:04:20,4624,SRV-POSMGT,p.stein,3,WKS-HQ-26,,,,
2026-08-11 15:17:21,4769,SRV-DC-01,s.arbel,,WKS-PAY-11,http_svc,,,HTTP/web-supplier.northgate.local
2026-08-11 15:23:55,4624,SRV-FILE-HQ,t.hadar,3,WKS-PAY-12,,,,
2026-08-11 15:29:33,4769,SRV-DC-01,m.saban,,WKS-IT-09,mssqlsvc_svc,,,MSSQLSvc/srv-posmgt.northgate.local:1433
2026-08-11 15:30:00,4634,WKS-HQ-24,v.harel,2,,,,,
2026-08-11 15:30:17,4769,SRV-DC-01,e.shalom,,WKS-HQ-16,cifs_svc,,,CIFS/srv-file-hq.northgate.local
2026-08-11 15:34:53,4769,SRV-DC-01,c.barak,,WKS-HQ-27,cifs_svc,,,CIFS/srv-file-hq.northgate.local
2026-08-11 15:41:17,4769,SRV-DC-01,o.raviv,,WKS-HQ-07,mssqlsvc_svc,,,MSSQLSvc/srv-cardproc.northgate.local:1433
2026-08-11 15:56:47,4634,WKS-HQ-25,z.amar,2,,,,,
2026-08-11 16:03:19,4624,SRV-FILE-HQ,k.oz,3,WKS-HQ-20,,,,
2026-08-11 16:03:21,5140,SRV-FILE-HQ,k.oz,3,WKS-HQ-20,,,,\\SRV-FILE-HQ\Logistics
2026-08-11 16:13:15,4769,SRV-DC-01,e.katz,,WKS-SEC-03,cifs_svc,,,CIFS/srv-file-hq.northgate.local
2026-08-11 16:19:17,4624,SRV-FILE-HQ,o.raviv,3,WKS-HQ-07,,,,
2026-08-11 16:27:07,4769,SRV-DC-01,b.naim,,WKS-HQ-21,mssqlsvc_svc,,,MSSQLSvc/srv-cardproc.northgate.local:1433
2026-08-11 16:35:17,4624,SRV-FILE-HQ,o.raviv,3,WKS-HQ-07,,,,
2026-08-11 16:35:19,5140,SRV-FILE-HQ,o.raviv,3,WKS-HQ-07,,,,\\SRV-FILE-HQ\Finance
2026-08-11 16:38:01,4769,SRV-DC-01,d.levi,,WKS-SEC-10,cifs_svc,,,CIFS/srv-file-hq.northgate.local
2026-08-11 16:38:23,4634,WKS-SEC-03,e.katz,2,,,,,
2026-08-11 16:43:20,4624,SRV-FILE-HQ,a.dahan,3,WKS-HQ-17,,,,
2026-08-11 16:43:22,5140,SRV-FILE-HQ,a.dahan,3,WKS-HQ-17,,,,\\SRV-FILE-HQ\HR
2026-08-11 16:43:46,4634,WKS-HQ-28,u.regev,2,,,,,
2026-08-11 16:45:30,4634,WKS-HQ-22,i.golan,2,,,,,
2026-08-11 16:53:35,4634,WKS-HQ-13,l.beit,2,,,,,
2026-08-11 17:02:53,4688,WKS-HQ-27,c.barak,,,,outlook.exe,outlook.exe /recycle,
2026-08-11 17:02:58,4634,WKS-PAY-30,g.ben-ari,2,,,,,
2026-08-11 17:05:07,4624,SRV-FILE-HQ,b.naim,3,WKS-HQ-21,,,,
2026-08-11 17:07:05,4634,WKS-PAY-11,s.arbel,2,,,,,
2026-08-11 17:11:40,4634,WKS-HQ-16,e.shalom,2,,,,,
2026-08-11 17:12:58,4634,WKS-IT-09,m.saban,2,,,,,
2026-08-11 17:23:57,4634,WKS-HQ-06,g.shemesh,2,,,,,
2026-08-11 17:29:43,4624,SRV-DC-01,f.zohar,3,WKS-IT-29,,,,
2026-08-11 17:31:55,4634,WKS-IT-01,a.mizrahi,2,,,,,
2026-08-11 17:32:09,4634,WKS-HQ-20,k.oz,2,,,,,
2026-08-11 17:32:51,4634,WKS-HQ-26,p.stein,2,,,,,
2026-08-11 17:33:38,4634,WKS-HQ-14,r.avni,2,,,,,
2026-08-11 17:39:39,4634,WKS-HQ-15,n.hazan,2,,,,,
2026-08-11 17:42:35,4634,WKS-HQ-17,a.dahan,2,,,,,
2026-08-11 17:46:18,4634,WKS-PAY-12,t.hadar,2,,,,,
2026-08-11 18:07:02,4634,WKS-HQ-19,y.segev,2,,,,,
2026-08-11 18:10:10,4634,WKS-HQ-05,y.oren,2,,,,,
2026-08-11 18:18:56,4634,WKS-HQ-21,b.naim,2,,,,,
2026-08-11 18:31:24,4634,WKS-HQ-27,c.barak,2,,,,,
2026-08-11 18:36:04,4634,WKS-SEC-10,d.levi,2,,,,,
2026-08-11 18:58:36,4634,WKS-IT-08,h.peretz,2,,,,,
2026-08-11 19:01:05,4634,WKS-HQ-07,o.raviv,2,,,,,
2026-08-11 19:09:51,4634,WKS-HQ-04,n.barzilai,2,,,,,
2026-08-11 19:12:17,4634,WKS-IT-29,f.zohar,2,,,,,
2026-08-12 07:21:31,4624,WKS-HQ-26,p.stein,2,WKS-HQ-26,,,,
2026-08-12 07:25:30,4624,WKS-HQ-25,z.amar,2,WKS-HQ-25,,,,
2026-08-12 07:35:20,4624,WKS-HQ-22,i.golan,2,WKS-HQ-22,,,,
2026-08-12 07:42:13,4624,WKS-PAY-30,g.ben-ari,2,WKS-PAY-30,,,,
2026-08-12 07:50:07,4624,WKS-HQ-23,s.mor,2,WKS-HQ-23,,,,
2026-08-12 07:55:52,4624,WKS-PAY-11,s.arbel,2,WKS-PAY-11,,,,
2026-08-12 08:05:24,4624,WKS-HQ-24,v.harel,2,WKS-HQ-24,,,,
2026-08-12 08:08:22,4624,WKS-PAY-02,r.stern,2,WKS-PAY-02,,,,
2026-08-12 08:10:27,4624,WKS-IT-08,h.peretz,2,WKS-IT-08,,,,
2026-08-12 08:16:20,4624,SRV-POSMGT,i.golan,3,WKS-HQ-22,,,,
2026-08-12 08:16:22,5140,SRV-POSMGT,i.golan,3,WKS-HQ-22,,,,\\SRV-POSMGT\Branches
2026-08-12 08:17:43,4624,WKS-HQ-14,r.avni,2,WKS-HQ-14,,,,
2026-08-12 08:19:22,4624,WKS-HQ-21,b.naim,2,WKS-HQ-21,,,,
2026-08-12 08:20:26,4624,WKS-SEC-03,e.katz,2,WKS-SEC-03,,,,
2026-08-12 08:22:35,4624,WKS-HQ-20,k.oz,2,WKS-HQ-20,,,,
2026-08-12 08:23:12,4624,WKS-HQ-16,e.shalom,2,WKS-HQ-16,,,,
2026-08-12 08:26:45,4624,WKS-HQ-19,y.segev,2,WKS-HQ-19,,,,
2026-08-12 08:31:52,4688,WKS-PAY-11,s.arbel,,,,excel.exe,excel.exe /dde,
2026-08-12 08:39:09,4624,WKS-HQ-13,l.beit,2,WKS-HQ-13,,,,
2026-08-12 08:39:37,4624,WKS-HQ-05,y.oren,2,WKS-HQ-05,,,,
2026-08-12 08:44:45,4769,SRV-DC-01,y.segev,,WKS-HQ-19,mssqlsvc_svc,,,MSSQLSvc/srv-cardproc.northgate.local:1433
2026-08-12 08:45:09,4624,WKS-IT-01,a.mizrahi,2,WKS-IT-01,,,,
2026-08-12 08:45:10,4624,WKS-IT-29,f.zohar,2,WKS-IT-29,,,,
2026-08-12 08:45:10,4672,WKS-IT-01,a.mizrahi,2,,,,,
2026-08-12 08:45:25,4624,WKS-HQ-06,g.shemesh,2,WKS-HQ-06,,,,
2026-08-12 08:48:41,4624,WKS-IT-09,m.saban,2,WKS-IT-09,,,,
2026-08-12 08:49:53,4625,WKS-HQ-27,c.barak,2,WKS-HQ-27,,,,
2026-08-12 08:50:07,4624,WKS-HQ-15,n.hazan,2,WKS-HQ-15,,,,
2026-08-12 08:50:15,4624,WKS-SEC-10,d.levi,2,WKS-SEC-10,,,,
2026-08-12 08:51:12,4625,WKS-PAY-12,t.hadar,2,WKS-PAY-12,,,,
2026-08-12 08:52:11,4624,WKS-HQ-27,c.barak,2,WKS-HQ-27,,,,
2026-08-12 08:53:23,4624,WKS-PAY-12,t.hadar,2,WKS-PAY-12,,,,
2026-08-12 08:57:09,4624,SRV-FILE-HQ,l.beit,3,WKS-HQ-13,,,,
2026-08-12 09:03:19,4624,WKS-HQ-04,n.barzilai,2,WKS-HQ-04,,,,
2026-08-12 09:06:41,4624,WKS-HQ-17,a.dahan,2,WKS-HQ-17,,,,
2026-08-12 09:13:07,4624,WKS-HQ-07,o.raviv,2,WKS-HQ-07,,,,
2026-08-12 09:16:47,4624,WKS-HQ-18,m.tal,2,WKS-HQ-18,,,,
2026-08-12 09:18:13,4624,WKS-HQ-28,u.regev,2,WKS-HQ-28,,,,
2026-08-12 09:28:09,4624,SRV-DC-01,a.mizrahi,3,WKS-IT-01,,,,
2026-08-12 09:28:11,5140,SRV-DC-01,a.mizrahi,3,WKS-IT-01,,,,\\SRV-DC-01\IT
2026-08-12 09:30:22,4624,SRV-FILE-HQ,b.naim,3,WKS-HQ-21,,,,
2026-08-12 09:30:22,4769,SRV-DC-01,r.stern,,WKS-PAY-02,http_svc,,,HTTP/web-supplier.northgate.local
2026-08-12 09:30:24,5140,SRV-FILE-HQ,b.naim,3,WKS-HQ-21,,,,\\SRV-FILE-HQ\Logistics
2026-08-12 09:41:52,4769,SRV-DC-01,s.arbel,,WKS-PAY-11,cifs_svc,,,CIFS/srv-file-hq.northgate.local
2026-08-12 09:52:13,4769,SRV-DC-01,u.regev,,WKS-HQ-28,cifs_svc,,,CIFS/srv-file-hq.northgate.local
2026-08-12 09:59:20,4624,SRV-FILE-HQ,i.golan,3,WKS-HQ-22,,,,
2026-08-12 10:02:07,4624,SRV-FILE-HQ,s.mor,3,WKS-HQ-23,,,,
2026-08-12 10:02:09,5140,SRV-FILE-HQ,s.mor,3,WKS-HQ-23,,,,\\SRV-FILE-HQ\Branches
2026-08-12 10:02:37,4769,SRV-DC-01,y.oren,,WKS-HQ-05,mssqlsvc_svc,,,MSSQLSvc/srv-posmgt.northgate.local:1433
2026-08-12 10:07:15,4769,SRV-DC-01,d.levi,,WKS-SEC-10,cifs_svc,,,CIFS/srv-file-hq.northgate.local
2026-08-12 10:11:09,4769,SRV-DC-01,l.beit,,WKS-HQ-13,mssqlsvc_svc,,,MSSQLSvc/srv-cardproc.northgate.local:1433
2026-08-12 10:11:19,4624,SRV-FILE-HQ,n.barzilai,3,WKS-HQ-04,,,,
2026-08-12 10:21:09,4624,SRV-FILE-HQ,a.mizrahi,3,WKS-IT-01,,,,
2026-08-12 10:32:07,4624,SRV-FILE-HQ,n.hazan,3,WKS-HQ-15,,,,
2026-08-12 10:32:20,4624,SRV-FILE-HQ,i.golan,3,WKS-HQ-22,,,,
2026-08-12 10:32:22,5140,SRV-FILE-HQ,i.golan,3,WKS-HQ-22,,,,\\SRV-FILE-HQ\Branches
2026-08-12 10:36:09,4769,SRV-DC-01,l.beit,,WKS-HQ-13,mssqlsvc_svc,,,MSSQLSvc/srv-cardproc.northgate.local:1433
2026-08-12 10:40:47,4769,SRV-DC-01,m.tal,,WKS-HQ-18,cifs_svc,,,CIFS/srv-file-hq.northgate.local
2026-08-12 10:46:24,4624,SRV-FILE-HQ,v.harel,3,WKS-HQ-24,,,,
2026-08-12 10:47:37,4624,SRV-FILE-HQ,y.oren,3,WKS-HQ-05,,,,
2026-08-12 10:49:52,4624,SRV-CARDPROC,s.arbel,3,WKS-PAY-11,,,,
2026-08-12 10:49:54,5140,SRV-CARDPROC,s.arbel,3,WKS-PAY-11,,,,\\SRV-CARDPROC\Payments
2026-08-12 10:52:52,4624,SRV-FILE-HQ,s.arbel,3,WKS-PAY-11,,,,
2026-08-12 10:58:07,4769,SRV-DC-01,n.hazan,,WKS-HQ-15,mssqlsvc_svc,,,MSSQLSvc/srv-cardproc.northgate.local:1433
2026-08-12 11:02:09,4624,SRV-FILE-HQ,l.beit,3,WKS-HQ-13,,,,
2026-08-12 11:04:31,4624,SRV-FILE-HQ,p.stein,3,WKS-HQ-26,,,,
2026-08-12 11:11:12,4624,SRV-FILE-HQ,e.shalom,3,WKS-HQ-16,,,,
2026-08-12 11:12:09,4769,SRV-DC-01,a.mizrahi,,WKS-IT-01,mssqlsvc_svc,,,MSSQLSvc/srv-posmgt.northgate.local:1433
2026-08-12 11:15:09,4769,SRV-DC-01,a.mizrahi,,WKS-IT-01,http_svc,,,HTTP/web-supplier.northgate.local
2026-08-12 11:24:27,4624,SRV-FILE-HQ,h.peretz,3,WKS-IT-08,,,,
2026-08-12 11:24:41,4624,SRV-FILE-HQ,m.saban,3,WKS-IT-09,,,,
2026-08-12 11:24:43,4624,SRV-FILE-HQ,r.avni,3,WKS-HQ-14,,,,
2026-08-12 11:28:07,4624,SRV-FILE-HQ,n.hazan,3,WKS-HQ-15,,,,
2026-08-12 11:28:09,5140,SRV-FILE-HQ,n.hazan,3,WKS-HQ-15,,,,\\SRV-FILE-HQ\Finance
2026-08-12 11:31:26,4624,SRV-FILE-HQ,e.katz,3,WKS-SEC-03,,,,
2026-08-12 11:34:25,4624,SRV-FILE-HQ,g.shemesh,3,WKS-HQ-06,,,,
2026-08-12 11:35:13,4624,SRV-FILE-HQ,g.ben-ari,3,WKS-PAY-30,,,,
2026-08-12 11:35:15,4769,SRV-DC-01,d.levi,,WKS-SEC-10,mssqlsvc_svc,,,MSSQLSvc/srv-posmgt.northgate.local:1433
2026-08-12 11:38:27,4769,SRV-DC-01,h.peretz,,WKS-IT-08,mssqlsvc_svc,,,MSSQLSvc/srv-posmgt.northgate.local:1433
2026-08-12 11:45:27,4769,SRV-DC-01,h.peretz,,WKS-IT-08,mssqlsvc_svc,,,MSSQLSvc/srv-posmgt.northgate.local:1433
2026-08-12 11:55:22,4769,SRV-DC-01,r.stern,,WKS-PAY-02,mssqlsvc_svc,,,MSSQLSvc/srv-posmgt.northgate.local:1433
2026-08-12 11:55:41,4624,SRV-FILE-HQ,a.dahan,3,WKS-HQ-17,,,,
2026-08-12 11:57:27,4624,SRV-DC-01,h.peretz,3,WKS-IT-08,,,,
2026-08-12 11:58:09,4769,SRV-DC-01,l.beit,,WKS-HQ-13,mssqlsvc_svc,,,MSSQLSvc/srv-cardproc.northgate.local:1433
2026-08-12 11:58:09,4624,SRV-FILE-HQ,a.mizrahi,3,WKS-IT-01,,,,
2026-08-12 11:58:11,5140,SRV-FILE-HQ,a.mizrahi,3,WKS-IT-01,,,,\\SRV-FILE-HQ\IT
2026-08-12 12:05:47,4624,SRV-FILE-HQ,m.tal,3,WKS-HQ-18,,,,
2026-08-12 12:05:49,5140,SRV-FILE-HQ,m.tal,3,WKS-HQ-18,,,,\\SRV-FILE-HQ\HR
2026-08-12 12:16:22,4769,SRV-DC-01,b.naim,,WKS-HQ-21,cifs_svc,,,CIFS/srv-file-hq.northgate.local
2026-08-12 12:16:35,4769,SRV-DC-01,k.oz,,WKS-HQ-20,mssqlsvc_svc,,,MSSQLSvc/srv-cardproc.northgate.local:1433
2026-08-12 12:20:07,4769,SRV-DC-01,n.hazan,,WKS-HQ-15,http_svc,,,HTTP/web-supplier.northgate.local
2026-08-12 12:23:27,4624,SRV-DC-01,h.peretz,3,WKS-IT-08,,,,
2026-08-12 12:23:29,5140,SRV-DC-01,h.peretz,3,WKS-IT-08,,,,\\SRV-DC-01\IT
2026-08-12 12:23:43,4624,SRV-FILE-HQ,r.avni,3,WKS-HQ-14,,,,
2026-08-12 12:28:13,4624,SRV-FILE-HQ,u.regev,3,WKS-HQ-28,,,,
2026-08-12 12:28:15,5140,SRV-FILE-HQ,u.regev,3,WKS-HQ-28,,,,\\SRV-FILE-HQ\Marketing
2026-08-12 12:35:22,4769,SRV-DC-01,b.naim,,WKS-HQ-21,cifs_svc,,,CIFS/srv-file-hq.northgate.local
2026-08-12 12:41:41,4688,WKS-IT-09,m.saban,,,,teams.exe,teams.exe --system-initiated,
2026-08-12 12:44:12,4769,SRV-DC-01,e.shalom,,WKS-HQ-16,cifs_svc,,,CIFS/srv-file-hq.northgate.local
2026-08-12 12:55:23,4624,SRV-FILE-HQ,t.hadar,3,WKS-PAY-12,,,,
2026-08-12 13:01:20,4769,SRV-DC-01,i.golan,,WKS-HQ-22,mssqlsvc_svc,,,MSSQLSvc/srv-cardproc.northgate.local:1433
2026-08-12 13:09:35,4624,SRV-FILE-HQ,k.oz,3,WKS-HQ-20,,,,
2026-08-12 13:09:37,5140,SRV-FILE-HQ,k.oz,3,WKS-HQ-20,,,,\\SRV-FILE-HQ\Logistics
2026-08-12 13:09:41,4769,SRV-DC-01,m.saban,,WKS-IT-09,http_svc,,,HTTP/web-supplier.northgate.local
2026-08-12 13:10:41,4769,SRV-DC-01,m.saban,,WKS-IT-09,mssqlsvc_svc,,,MSSQLSvc/srv-cardproc.northgate.local:1433
2026-08-12 13:12:41,4769,SRV-DC-01,a.dahan,,WKS-HQ-17,cifs_svc,,,CIFS/srv-file-hq.northgate.local
2026-08-12 13:21:24,4624,SRV-POSMGT,v.harel,3,WKS-HQ-24,,,,
2026-08-12 13:21:26,5140,SRV-POSMGT,v.harel,3,WKS-HQ-24,,,,\\SRV-POSMGT\Branches
2026-08-12 13:26:15,4624,SRV-DC-01,d.levi,3,WKS-SEC-10,,,,
2026-08-12 13:26:17,5140,SRV-DC-01,d.levi,3,WKS-SEC-10,,,,\\SRV-DC-01\IT
2026-08-12 13:27:41,4624,SRV-FILE-HQ,a.dahan,3,WKS-HQ-17,,,,
2026-08-12 13:28:12,4769,SRV-DC-01,e.shalom,,WKS-HQ-16,http_svc,,,HTTP/web-supplier.northgate.local
2026-08-12 13:31:15,4769,SRV-DC-01,d.levi,,WKS-SEC-10,cifs_svc,,,CIFS/srv-file-hq.northgate.local
2026-08-12 13:31:19,4688,WKS-HQ-04,n.barzilai,,,,winword.exe,winword.exe /w,
2026-08-12 13:34:11,4769,SRV-DC-01,c.barak,,WKS-HQ-27,cifs_svc,,,CIFS/srv-file-hq.northgate.local
2026-08-12 13:35:41,4624,SRV-FILE-HQ,a.dahan,3,WKS-HQ-17,,,,
2026-08-12 13:37:11,4624,SRV-FILE-HQ,c.barak,3,WKS-HQ-27,,,,
2026-08-12 13:38:26,4688,WKS-SEC-03,e.katz,,,,winword.exe,winword.exe /w,
2026-08-12 13:39:13,4769,SRV-DC-01,u.regev,,WKS-HQ-28,cifs_svc,,,CIFS/srv-file-hq.northgate.local
2026-08-12 13:46:11,4769,SRV-DC-01,c.barak,,WKS-HQ-27,cifs_svc,,,CIFS/srv-file-hq.northgate.local
2026-08-12 13:47:22,4769,SRV-DC-01,r.stern,,WKS-PAY-02,cifs_svc,,,CIFS/srv-file-hq.northgate.local
2026-08-12 13:47:47,4769,SRV-DC-01,m.tal,,WKS-HQ-18,mssqlsvc_svc,,,MSSQLSvc/srv-cardproc.northgate.local:1433
2026-08-12 13:48:35,4624,SRV-FILE-HQ,k.oz,3,WKS-HQ-20,,,,
2026-08-12 13:53:22,4624,SRV-FILE-HQ,b.naim,3,WKS-HQ-21,,,,
2026-08-12 14:00:24,4624,SRV-POSMGT,v.harel,3,WKS-HQ-24,,,,
2026-08-12 14:01:52,4769,SRV-DC-01,s.arbel,,WKS-PAY-11,mssqlsvc_svc,,,MSSQLSvc/srv-cardproc.northgate.local:1433
2026-08-12 14:05:11,4688,WKS-HQ-27,c.barak,,,,excel.exe,excel.exe /dde,
2026-08-12 14:08:22,4624,SRV-FILE-HQ,r.stern,3,WKS-PAY-02,,,,
2026-08-12 14:09:30,4769,SRV-DC-01,z.amar,,WKS-HQ-25,http_svc,,,HTTP/web-supplier.northgate.local
2026-08-12 14:14:19,4624,SRV-FILE-HQ,n.barzilai,3,WKS-HQ-04,,,,
2026-08-12 14:20:23,4769,SRV-DC-01,t.hadar,,WKS-PAY-12,http_svc,,,HTTP/web-supplier.northgate.local
2026-08-12 14:32:07,4769,SRV-DC-01,o.raviv,,WKS-HQ-07,cifs_svc,,,CIFS/srv-file-hq.northgate.local
2026-08-12 14:37:26,4624,SRV-FILE-HQ,e.katz,3,WKS-SEC-03,,,,
2026-08-12 14:37:28,5140,SRV-FILE-HQ,e.katz,3,WKS-SEC-03,,,,\\SRV-FILE-HQ\IT
2026-08-12 14:47:30,4624,SRV-FILE-HQ,z.amar,3,WKS-HQ-25,,,,
2026-08-12 14:49:09,4624,SRV-FILE-HQ,l.beit,3,WKS-HQ-13,,,,
2026-08-12 14:49:11,5140,SRV-FILE-HQ,l.beit,3,WKS-HQ-13,,,,\\SRV-FILE-HQ\Vendors
2026-08-12 14:49:45,4624,SRV-FILE-HQ,y.segev,3,WKS-HQ-19,,,,
2026-08-12 14:49:47,5140,SRV-FILE-HQ,y.segev,3,WKS-HQ-19,,,,\\SRV-FILE-HQ\Logistics
2026-08-12 14:50:23,4769,SRV-DC-01,t.hadar,,WKS-PAY-12,http_svc,,,HTTP/web-supplier.northgate.local
2026-08-12 14:56:09,4688,WKS-HQ-13,l.beit,,,,winword.exe,winword.exe /w,
2026-08-12 14:59:22,4624,SRV-FILE-HQ,r.stern,3,WKS-PAY-02,,,,
2026-08-12 15:13:13,4624,SRV-FILE-HQ,u.regev,3,WKS-HQ-28,,,,
2026-08-12 15:16:52,4624,SRV-FILE-HQ,s.arbel,3,WKS-PAY-11,,,,
2026-08-12 15:22:15,4769,SRV-DC-01,d.levi,,WKS-SEC-10,cifs_svc,,,CIFS/srv-file-hq.northgate.local
2026-08-12 15:27:31,4769,SRV-DC-01,p.stein,,WKS-HQ-26,mssqlsvc_svc,,,MSSQLSvc/srv-cardproc.northgate.local:1433
2026-08-12 15:29:45,4624,SRV-FILE-HQ,y.segev,3,WKS-HQ-19,,,,
2026-08-12 15:32:09,4624,SRV-FILE-HQ,l.beit,3,WKS-HQ-13,,,,
2026-08-12 15:32:11,5140,SRV-FILE-HQ,l.beit,3,WKS-HQ-13,,,,\\SRV-FILE-HQ\Vendors
2026-08-12 15:34:30,4624,SRV-FILE-HQ,z.amar,3,WKS-HQ-25,,,,
2026-08-12 15:40:07,4769,SRV-DC-01,n.hazan,,WKS-HQ-15,cifs_svc,,,CIFS/srv-file-hq.northgate.local
2026-08-12 15:40:07,4769,SRV-DC-01,s.mor,,WKS-HQ-23,mssqlsvc_svc,,,MSSQLSvc/srv-posmgt.northgate.local:1433
2026-08-12 15:42:10,4624,SRV-FILE-HQ,f.zohar,3,WKS-IT-29,,,,
2026-08-12 15:42:19,4634,WKS-HQ-26,p.stein,2,,,,,
2026-08-12 15:48:12,4624,SRV-FILE-HQ,e.shalom,3,WKS-HQ-16,,,,
2026-08-12 15:51:15,4624,SRV-DC-01,d.levi,3,WKS-SEC-10,,,,
2026-08-12 15:59:31,4624,SRV-POSMGT,p.stein,3,WKS-HQ-26,,,,
2026-08-12 15:59:33,5140,SRV-POSMGT,p.stein,3,WKS-HQ-26,,,,\\SRV-POSMGT\Branches
2026-08-12 16:05:32,4634,WKS-HQ-22,i.golan,2,,,,,
2026-08-12 16:09:02,4634,WKS-HQ-23,s.mor,2,,,,,
2026-08-12 16:15:25,4624,SRV-FILE-HQ,g.shemesh,3,WKS-HQ-06,,,,
2026-08-12 16:19:10,4769,SRV-DC-01,f.zohar,,WKS-IT-29,mssqlsvc_svc,,,MSSQLSvc/srv-posmgt.northgate.local:1433
2026-08-12 16:26:07,4624,SRV-FILE-HQ,o.raviv,3,WKS-HQ-07,,,,
2026-08-12 16:26:09,5140,SRV-FILE-HQ,o.raviv,3,WKS-HQ-07,,,,\\SRV-FILE-HQ\Finance
2026-08-12 16:30:35,4624,SRV-FILE-HQ,k.oz,3,WKS-HQ-20,,,,
2026-08-12 16:30:37,5140,SRV-FILE-HQ,k.oz,3,WKS-HQ-20,,,,\\SRV-FILE-HQ\Logistics
2026-08-12 16:36:10,4634,WKS-PAY-30,g.ben-ari,2,,,,,
2026-08-12 16:38:13,4624,SRV-FILE-HQ,u.regev,3,WKS-HQ-28,,,,
2026-08-12 16:43:14,4634,WKS-HQ-14,r.avni,2,,,,,
2026-08-12 16:49:11,4624,SRV-FILE-HQ,c.barak,3,WKS-HQ-27,,,,
2026-08-12 16:52:13,4634,WKS-HQ-15,n.hazan,2,,,,,
2026-08-12 17:05:47,4688,WKS-HQ-18,m.tal,,,,excel.exe,excel.exe /dde,
2026-08-12 17:06:22,4634,WKS-HQ-20,k.oz,2,,,,,
2026-08-12 17:10:31,4634,WKS-HQ-17,a.dahan,2,,,,,
2026-08-12 17:10:47,4634,WKS-HQ-05,y.oren,2,,,,,
2026-08-12 17:13:19,4624,SRV-FILE-HQ,n.barzilai,3,WKS-HQ-04,,,,
2026-08-12 17:13:21,5140,SRV-FILE-HQ,n.barzilai,3,WKS-HQ-04,,,,\\SRV-FILE-HQ\Finance
2026-08-12 17:21:34,4634,WKS-SEC-10,d.levi,2,,,,,
2026-08-12 17:29:05,4634,WKS-IT-08,h.peretz,2,,,,,
2026-08-12 17:36:59,4634,WKS-HQ-25,z.amar,2,,,,,
2026-08-12 17:40:02,4634,WKS-HQ-07,o.raviv,2,,,,,
2026-08-12 17:40:13,4634,WKS-IT-01,a.mizrahi,2,,,,,
2026-08-12 17:43:34,4634,WKS-HQ-21,b.naim,2,,,,,
2026-08-12 17:53:09,4634,WKS-HQ-24,v.harel,2,,,,,
2026-08-12 17:54:46,4634,WKS-HQ-18,m.tal,2,,,,,
2026-08-12 18:12:43,4634,WKS-PAY-12,t.hadar,2,,,,,
2026-08-12 18:12:51,4634,WKS-PAY-11,s.arbel,2,,,,,
2026-08-12 18:13:37,4634,WKS-SEC-03,e.katz,2,,,,,
2026-08-12 18:14:28,4634,WKS-HQ-06,g.shemesh,2,,,,,
2026-08-12 18:19:19,4634,WKS-IT-29,f.zohar,2,,,,,
2026-08-12 18:22:26,4634,WKS-PAY-02,r.stern,2,,,,,
2026-08-12 18:24:04,4634,WKS-HQ-04,n.barzilai,2,,,,,
2026-08-12 18:26:51,4634,WKS-HQ-19,y.segev,2,,,,,
2026-08-12 18:29:57,4634,WKS-HQ-13,l.beit,2,,,,,
2026-08-12 18:34:29,4634,WKS-HQ-16,e.shalom,2,,,,,
2026-08-12 18:51:02,4634,WKS-IT-09,m.saban,2,,,,,
2026-08-12 18:54:42,4634,WKS-HQ-27,c.barak,2,,,,,
2026-08-12 19:32:14,4634,WKS-HQ-28,u.regev,2,,,,,
2026-08-13 01:00:00,5140,SRV-FILE-HQ,a.mizrahi,3,SRV-VEND-APP,,,,\\SRV-FILE-HQ\IT
2026-08-13 01:06:36,5140,SRV-FILE-HQ,a.mizrahi,3,SRV-VEND-APP,,,,\\SRV-FILE-HQ\Payments
2026-08-13 01:13:12,5140,SRV-FILE-HQ,a.mizrahi,3,SRV-VEND-APP,,,,\\SRV-FILE-HQ\Finance
2026-08-13 01:19:48,5140,SRV-FILE-HQ,a.mizrahi,3,SRV-VEND-APP,,,,\\SRV-FILE-HQ\Vendors
2026-08-13 01:26:24,5140,SRV-FILE-HQ,a.mizrahi,3,SRV-VEND-APP,,,,\\SRV-FILE-HQ\Branches
2026-08-13 01:33:00,5140,SRV-FILE-HQ,a.mizrahi,3,SRV-VEND-APP,,,,\\SRV-FILE-HQ\Logistics
2026-08-13 01:39:36,5140,SRV-FILE-HQ,a.mizrahi,3,SRV-VEND-APP,,,,\\SRV-FILE-HQ\IT
2026-08-13 01:46:12,5140,SRV-FILE-HQ,a.mizrahi,3,SRV-VEND-APP,,,,\\SRV-FILE-HQ\Payments
2026-08-13 01:52:48,5140,SRV-FILE-HQ,a.mizrahi,3,SRV-VEND-APP,,,,\\SRV-FILE-HQ\Finance
2026-08-13 01:59:24,5140,SRV-FILE-HQ,a.mizrahi,3,SRV-VEND-APP,,,,\\SRV-FILE-HQ\Vendors
2026-08-13 02:06:00,5140,SRV-FILE-HQ,a.mizrahi,3,SRV-VEND-APP,,,,\\SRV-FILE-HQ\Branches
2026-08-13 07:03:55,4624,WKS-HQ-25,z.amar,2,WKS-HQ-25,,,,
2026-08-13 07:22:25,4624,WKS-HQ-22,i.golan,2,WKS-HQ-22,,,,
2026-08-13 07:34:25,4624,WKS-HQ-26,p.stein,2,WKS-HQ-26,,,,
2026-08-13 07:50:50,4624,WKS-HQ-24,v.harel,2,WKS-HQ-24,,,,
2026-08-13 07:51:03,4624,WKS-IT-01,a.mizrahi,2,WKS-IT-01,,,,
2026-08-13 07:51:04,4672,WKS-IT-01,a.mizrahi,2,,,,,
2026-08-13 07:52:50,4769,SRV-DC-01,v.harel,,WKS-HQ-24,mssqlsvc_svc,,,MSSQLSvc/srv-posmgt.northgate.local:1433
2026-08-13 07:55:17,4624,WKS-SEC-03,e.katz,2,WKS-SEC-03,,,,
2026-08-13 07:59:39,4624,WKS-HQ-23,s.mor,2,WKS-HQ-23,,,,
2026-08-13 08:00:56,4624,WKS-PAY-11,s.arbel,2,WKS-PAY-11,,,,
2026-08-13 08:02:19,4624,WKS-PAY-02,r.stern,2,WKS-PAY-02,,,,
2026-08-13 08:06:55,4624,WKS-HQ-20,k.oz,2,WKS-HQ-20,,,,
2026-08-13 08:10:01,4624,WKS-HQ-14,r.avni,2,WKS-HQ-14,,,,
2026-08-13 08:15:59,4624,WKS-PAY-12,t.hadar,2,WKS-PAY-12,,,,
2026-08-13 08:17:00,4624,WKS-HQ-17,a.dahan,2,WKS-HQ-17,,,,
2026-08-13 08:18:50,4769,SRV-DC-01,v.harel,,WKS-HQ-24,cifs_svc,,,CIFS/srv-file-hq.northgate.local
2026-08-13 08:25:25,4769,SRV-DC-01,p.stein,,WKS-HQ-26,mssqlsvc_svc,,,MSSQLSvc/srv-posmgt.northgate.local:1433
2026-08-13 08:27:10,4624,WKS-HQ-16,e.shalom,2,WKS-HQ-16,,,,
2026-08-13 08:27:21,4624,WKS-IT-09,m.saban,2,WKS-IT-09,,,,
2026-08-13 08:28:37,4624,WKS-HQ-19,y.segev,2,WKS-HQ-19,,,,
2026-08-13 08:28:53,4624,WKS-IT-08,h.peretz,2,WKS-IT-08,,,,
2026-08-13 08:31:45,4624,WKS-HQ-13,l.beit,2,WKS-HQ-13,,,,
2026-08-13 08:33:12,4624,WKS-HQ-04,n.barzilai,2,WKS-HQ-04,,,,
2026-08-13 08:34:25,4624,SRV-POSMGT,p.stein,3,WKS-HQ-26,,,,
2026-08-13 08:36:56,4624,SRV-FILE-HQ,s.arbel,3,WKS-PAY-11,,,,
2026-08-13 08:42:03,4624,WKS-HQ-21,b.naim,2,WKS-HQ-21,,,,
2026-08-13 08:43:53,4624,WKS-IT-29,f.zohar,2,WKS-IT-29,,,,
2026-08-13 08:49:35,4624,WKS-HQ-07,o.raviv,2,WKS-HQ-07,,,,
2026-08-13 08:52:21,4624,WKS-HQ-28,u.regev,2,WKS-HQ-28,,,,
2026-08-13 08:53:00,4769,SRV-DC-01,a.dahan,,WKS-HQ-17,cifs_svc,,,CIFS/srv-file-hq.northgate.local
2026-08-13 08:56:00,4769,SRV-DC-01,a.dahan,,WKS-HQ-17,http_svc,,,HTTP/web-supplier.northgate.local
2026-08-13 08:57:12,4769,SRV-DC-01,n.barzilai,,WKS-HQ-04,mssqlsvc_svc,,,MSSQLSvc/srv-cardproc.northgate.local:1433
2026-08-13 08:58:58,4624,WKS-HQ-05,y.oren,2,WKS-HQ-05,,,,
2026-08-13 09:00:24,4624,WKS-HQ-27,c.barak,2,WKS-HQ-27,,,,
2026-08-13 09:04:50,4769,SRV-DC-01,v.harel,,WKS-HQ-24,cifs_svc,,,CIFS/srv-file-hq.northgate.local
2026-08-13 09:06:33,4624,WKS-HQ-15,n.hazan,2,WKS-HQ-15,,,,
2026-08-13 09:06:37,4624,WKS-SEC-10,d.levi,2,WKS-SEC-10,,,,
2026-08-13 09:09:03,4624,SRV-DC-01,a.mizrahi,3,WKS-IT-01,,,,
2026-08-13 09:09:05,5140,SRV-DC-01,a.mizrahi,3,WKS-IT-01,,,,\\SRV-DC-01\IT
2026-08-13 09:14:24,4625,WKS-HQ-06,g.shemesh,2,WKS-HQ-06,,,,
2026-08-13 09:17:44,4624,WKS-HQ-06,g.shemesh,2,WKS-HQ-06,,,,
2026-08-13 09:22:08,4624,WKS-HQ-18,m.tal,2,WKS-HQ-18,,,,
2026-08-13 09:27:01,4624,SRV-FILE-HQ,r.avni,3,WKS-HQ-14,,,,
2026-08-13 09:41:35,4688,WKS-HQ-07,o.raviv,,,,chrome.exe,chrome.exe --restore-last-session,
2026-08-13 09:46:21,4769,SRV-DC-01,m.saban,,WKS-IT-09,http_svc,,,HTTP/web-supplier.northgate.local
2026-08-13 09:49:21,4624,SRV-FILE-HQ,u.regev,3,WKS-HQ-28,,,,
2026-08-13 09:52:35,4624,SRV-FILE-HQ,o.raviv,3,WKS-HQ-07,,,,
2026-08-13 09:53:01,4624,SRV-FILE-HQ,r.avni,3,WKS-HQ-14,,,,
2026-08-13 09:53:03,5140,SRV-FILE-HQ,r.avni,3,WKS-HQ-14,,,,\\SRV-FILE-HQ\Vendors
2026-08-13 10:05:24,4769,SRV-DC-01,c.barak,,WKS-HQ-27,mssqlsvc_svc,,,MSSQLSvc/srv-posmgt.northgate.local:1433
2026-08-13 10:05:55,4769,SRV-DC-01,k.oz,,WKS-HQ-20,cifs_svc,,,CIFS/srv-file-hq.northgate.local
2026-08-13 10:11:03,4769,SRV-DC-01,a.mizrahi,,WKS-IT-01,cifs_svc,,,CIFS/srv-file-hq.northgate.local
2026-08-13 10:15:33,4624,SRV-FILE-HQ,n.hazan,3,WKS-HQ-15,,,,
2026-08-13 10:22:55,4624,SRV-FILE-HQ,z.amar,3,WKS-HQ-25,,,,
2026-08-13 10:32:37,4769,SRV-DC-01,d.levi,,WKS-SEC-10,mssqlsvc_svc,,,MSSQLSvc/srv-posmgt.northgate.local:1433
2026-08-13 10:36:25,4688,WKS-HQ-26,p.stein,,,,outlook.exe,outlook.exe /recycle,
2026-08-13 10:42:33,4769,SRV-DC-01,n.hazan,,WKS-HQ-15,cifs_svc,,,CIFS/srv-file-hq.northgate.local
2026-08-13 10:46:55,4624,SRV-POSMGT,z.amar,3,WKS-HQ-25,,,,
2026-08-13 10:46:57,5140,SRV-POSMGT,z.amar,3,WKS-HQ-25,,,,\\SRV-POSMGT\Branches
2026-08-13 10:47:25,4624,SRV-FILE-HQ,p.stein,3,WKS-HQ-26,,,,
2026-08-13 10:50:53,4769,SRV-DC-01,f.zohar,,WKS-IT-29,mssqlsvc_svc,,,MSSQLSvc/srv-cardproc.northgate.local:1433
2026-08-13 10:52:21,4769,SRV-DC-01,m.saban,,WKS-IT-09,cifs_svc,,,CIFS/srv-file-hq.northgate.local
2026-08-13 10:57:08,4624,SRV-FILE-HQ,m.tal,3,WKS-HQ-18,,,,
2026-08-13 11:07:53,4769,SRV-DC-01,h.peretz,,WKS-IT-08,http_svc,,,HTTP/web-supplier.northgate.local
2026-08-13 11:16:25,4769,SRV-DC-01,i.golan,,WKS-HQ-22,http_svc,,,HTTP/web-supplier.northgate.local
2026-08-13 11:19:37,4624,SRV-FILE-HQ,d.levi,3,WKS-SEC-10,,,,
2026-08-13 11:20:21,4624,SRV-DC-01,m.saban,3,WKS-IT-09,,,,
2026-08-13 11:24:25,4624,SRV-POSMGT,i.golan,3,WKS-HQ-22,,,,
2026-08-13 11:25:56,4688,WKS-PAY-11,s.arbel,,,,teams.exe,teams.exe --system-initiated,
2026-08-13 11:31:24,4624,SRV-FILE-HQ,c.barak,3,WKS-HQ-27,,,,
2026-08-13 11:31:56,4769,SRV-DC-01,s.arbel,,WKS-PAY-11,http_svc,,,HTTP/web-supplier.northgate.local
2026-08-13 11:35:35,4769,SRV-DC-01,o.raviv,,WKS-HQ-07,cifs_svc,,,CIFS/srv-file-hq.northgate.local
2026-08-13 11:40:19,4624,SRV-FILE-HQ,r.stern,3,WKS-PAY-02,,,,
2026-08-13 11:40:45,4624,SRV-FILE-HQ,l.beit,3,WKS-HQ-13,,,,
2026-08-13 11:41:37,4624,SRV-FILE-HQ,d.levi,3,WKS-SEC-10,,,,
2026-08-13 11:50:03,4769,SRV-DC-01,a.mizrahi,,WKS-IT-01,http_svc,,,HTTP/web-supplier.northgate.local
2026-08-13 11:50:25,4769,SRV-DC-01,i.golan,,WKS-HQ-22,mssqlsvc_svc,,,MSSQLSvc/srv-cardproc.northgate.local:1433
2026-08-13 11:56:25,4624,SRV-FILE-HQ,i.golan,3,WKS-HQ-22,,,,
2026-08-13 11:58:37,4769,SRV-DC-01,y.segev,,WKS-HQ-19,mssqlsvc_svc,,,MSSQLSvc/srv-posmgt.northgate.local:1433
2026-08-13 11:59:37,4688,WKS-HQ-19,y.segev,,,,outlook.exe,outlook.exe /recycle,
2026-08-13 12:07:39,4624,SRV-POSMGT,s.mor,3,WKS-HQ-23,,,,
2026-08-13 12:08:10,4769,SRV-DC-01,e.shalom,,WKS-HQ-16,cifs_svc,,,CIFS/srv-file-hq.northgate.local
2026-08-13 12:08:56,4624,SRV-FILE-HQ,s.arbel,3,WKS-PAY-11,,,,
2026-08-13 12:10:58,4769,SRV-DC-01,y.oren,,WKS-HQ-05,mssqlsvc_svc,,,MSSQLSvc/srv-cardproc.northgate.local:1433
2026-08-13 12:21:25,4769,SRV-DC-01,p.stein,,WKS-HQ-26,mssqlsvc_svc,,,MSSQLSvc/srv-cardproc.northgate.local:1433
2026-08-13 12:22:58,4769,SRV-DC-01,y.oren,,WKS-HQ-05,http_svc,,,HTTP/web-supplier.northgate.local
2026-08-13 12:29:01,4769,SRV-DC-01,r.avni,,WKS-HQ-14,cifs_svc,,,CIFS/srv-file-hq.northgate.local
2026-08-13 12:33:17,4769,SRV-DC-01,e.katz,,WKS-SEC-03,mssqlsvc_svc,,,MSSQLSvc/srv-cardproc.northgate.local:1433
2026-08-13 12:33:35,4769,SRV-DC-01,o.raviv,,WKS-HQ-07,cifs_svc,,,CIFS/srv-file-hq.northgate.local
2026-08-13 12:33:37,4769,SRV-DC-01,d.levi,,WKS-SEC-10,http_svc,,,HTTP/web-supplier.northgate.local
2026-08-13 12:33:53,4769,SRV-DC-01,h.peretz,,WKS-IT-08,mssqlsvc_svc,,,MSSQLSvc/srv-posmgt.northgate.local:1433
2026-08-13 12:36:21,4769,SRV-DC-01,u.regev,,WKS-HQ-28,http_svc,,,HTTP/web-supplier.northgate.local
2026-08-13 12:36:37,4624,SRV-FILE-HQ,y.segev,3,WKS-HQ-19,,,,
2026-08-13 12:36:39,5140,SRV-FILE-HQ,y.segev,3,WKS-HQ-19,,,,\\SRV-FILE-HQ\Logistics
2026-08-13 12:40:45,4769,SRV-DC-01,l.beit,,WKS-HQ-13,mssqlsvc_svc,,,MSSQLSvc/srv-posmgt.northgate.local:1433
2026-08-13 12:49:21,4624,SRV-FILE-HQ,m.saban,3,WKS-IT-09,,,,
2026-08-13 12:49:59,4624,SRV-FILE-HQ,t.hadar,3,WKS-PAY-12,,,,
2026-08-13 12:53:33,4624,SRV-FILE-HQ,n.hazan,3,WKS-HQ-15,,,,
2026-08-13 12:56:44,4688,WKS-HQ-06,g.shemesh,,,,excel.exe,excel.exe /dde,
2026-08-13 13:13:59,4688,WKS-PAY-12,t.hadar,,,,outlook.exe,outlook.exe /recycle,
2026-08-13 13:17:50,4624,SRV-POSMGT,v.harel,3,WKS-HQ-24,,,,
2026-08-13 13:29:19,4624,SRV-FILE-HQ,r.stern,3,WKS-PAY-02,,,,
2026-08-13 13:29:21,5140,SRV-FILE-HQ,r.stern,3,WKS-PAY-02,,,,\\SRV-FILE-HQ\Payments
2026-08-13 13:35:53,4624,SRV-DC-01,h.peretz,3,WKS-IT-08,,,,
2026-08-13 13:35:55,5140,SRV-DC-01,h.peretz,3,WKS-IT-08,,,,\\SRV-DC-01\IT
2026-08-13 13:44:45,4624,SRV-FILE-HQ,l.beit,3,WKS-HQ-13,,,,
2026-08-13 13:44:47,5140,SRV-FILE-HQ,l.beit,3,WKS-HQ-13,,,,\\SRV-FILE-HQ\Procurement
2026-08-13 13:45:00,4769,SRV-DC-01,a.dahan,,WKS-HQ-17,mssqlsvc_svc,,,MSSQLSvc/srv-cardproc.northgate.local:1433
2026-08-13 13:46:33,4769,SRV-DC-01,n.hazan,,WKS-HQ-15,http_svc,,,HTTP/web-supplier.northgate.local
2026-08-13 13:54:59,4769,SRV-DC-01,t.hadar,,WKS-PAY-12,cifs_svc,,,CIFS/srv-file-hq.northgate.local
2026-08-13 13:55:24,4624,SRV-FILE-HQ,c.barak,3,WKS-HQ-27,,,,
2026-08-13 13:55:26,5140,SRV-FILE-HQ,c.barak,3,WKS-HQ-27,,,,\\SRV-FILE-HQ\Marketing
2026-08-13 13:58:37,4624,SRV-FILE-HQ,y.segev,3,WKS-HQ-19,,,,
2026-08-13 13:58:58,4769,SRV-DC-01,y.oren,,WKS-HQ-05,cifs_svc,,,CIFS/srv-file-hq.northgate.local
2026-08-13 14:24:03,4769,SRV-DC-01,b.naim,,WKS-HQ-21,http_svc,,,HTTP/web-supplier.northgate.local
2026-08-13 14:30:35,4624,SRV-FILE-HQ,o.raviv,3,WKS-HQ-07,,,,
2026-08-13 14:35:56,4624,SRV-FILE-HQ,s.arbel,3,WKS-PAY-11,,,,
2026-08-13 14:46:45,4624,SRV-FILE-HQ,l.beit,3,WKS-HQ-13,,,,
2026-08-13 14:49:21,4624,SRV-DC-01,m.saban,3,WKS-IT-09,,,,
2026-08-13 14:50:53,4624,SRV-FILE-HQ,h.peretz,3,WKS-IT-08,,,,
2026-08-13 14:50:55,5140,SRV-FILE-HQ,h.peretz,3,WKS-IT-08,,,,\\SRV-FILE-HQ\IT
2026-08-13 14:52:55,4769,SRV-DC-01,z.amar,,WKS-HQ-25,http_svc,,,HTTP/web-supplier.northgate.local
2026-08-13 14:56:08,4624,SRV-FILE-HQ,m.tal,3,WKS-HQ-18,,,,
2026-08-13 14:56:10,5140,SRV-FILE-HQ,m.tal,3,WKS-HQ-18,,,,\\SRV-FILE-HQ\HR
2026-08-13 14:58:25,4624,SRV-POSMGT,i.golan,3,WKS-HQ-22,,,,
2026-08-13 15:04:12,4624,SRV-FILE-HQ,n.barzilai,3,WKS-HQ-04,,,,
2026-08-13 15:05:21,4624,SRV-FILE-HQ,u.regev,3,WKS-HQ-28,,,,
2026-08-13 15:05:59,4624,SRV-CARDPROC,t.hadar,3,WKS-PAY-12,,,,
2026-08-13 15:08:12,4688,WKS-HQ-04,n.barzilai,,,,teams.exe,teams.exe --system-initiated,
2026-08-13 15:11:37,4624,SRV-FILE-HQ,d.levi,3,WKS-SEC-10,,,,
2026-08-13 15:16:21,4624,SRV-FILE-HQ,u.regev,3,WKS-HQ-28,,,,
2026-08-13 15:25:00,4624,SRV-FILE-HQ,a.dahan,3,WKS-HQ-17,,,,
2026-08-13 15:26:56,4769,SRV-DC-01,s.arbel,,WKS-PAY-11,http_svc,,,HTTP/web-supplier.northgate.local
2026-08-13 15:28:25,4624,SRV-FILE-HQ,p.stein,3,WKS-HQ-26,,,,
2026-08-13 15:28:27,5140,SRV-FILE-HQ,p.stein,3,WKS-HQ-26,,,,\\SRV-FILE-HQ\Branches
2026-08-13 15:40:25,4769,SRV-DC-01,p.stein,,WKS-HQ-26,cifs_svc,,,CIFS/srv-file-hq.northgate.local
2026-08-13 15:49:56,4624,SRV-CARDPROC,s.arbel,3,WKS-PAY-11,,,,
2026-08-13 15:49:58,5140,SRV-CARDPROC,s.arbel,3,WKS-PAY-11,,,,\\SRV-CARDPROC\Payments
2026-08-13 15:52:19,4769,SRV-DC-01,r.stern,,WKS-PAY-02,mssqlsvc_svc,,,MSSQLSvc/srv-cardproc.northgate.local:1433
2026-08-13 15:55:34,4634,WKS-HQ-22,i.golan,2,,,,,
2026-08-13 15:56:24,4624,SRV-FILE-HQ,c.barak,3,WKS-HQ-27,,,,
2026-08-13 15:56:26,5140,SRV-FILE-HQ,c.barak,3,WKS-HQ-27,,,,\\SRV-FILE-HQ\Marketing
2026-08-13 16:00:39,4634,WKS-HQ-26,p.stein,2,,,,,
2026-08-13 16:08:37,4769,SRV-DC-01,d.levi,,WKS-SEC-10,mssqlsvc_svc,,,MSSQLSvc/srv-posmgt.northgate.local:1433
2026-08-13 16:09:22,4634,WKS-HQ-20,k.oz,2,,,,,
2026-08-13 16:09:58,4634,WKS-IT-01,a.mizrahi,2,,,,,
2026-08-13 16:12:50,4624,SRV-FILE-HQ,v.harel,3,WKS-HQ-24,,,,
2026-08-13 16:16:21,4769,SRV-DC-01,m.saban,,WKS-IT-09,mssqlsvc_svc,,,MSSQLSvc/srv-posmgt.northgate.local:1433
2026-08-13 16:18:17,4624,SRV-FILE-HQ,e.katz,3,WKS-SEC-03,,,,
2026-08-13 16:21:30,4634,WKS-HQ-25,z.amar,2,,,,,
2026-08-13 16:24:40,4634,WKS-PAY-11,s.arbel,2,,,,,
2026-08-13 16:34:45,4769,SRV-DC-01,l.beit,,WKS-HQ-13,mssqlsvc_svc,,,MSSQLSvc/srv-cardproc.northgate.local:1433
2026-08-13 16:36:44,4634,WKS-HQ-13,l.beit,2,,,,,
2026-08-13 16:46:03,4624,SRV-FILE-HQ,b.naim,3,WKS-HQ-21,,,,
2026-08-13 16:49:43,4634,WKS-HQ-16,e.shalom,2,,,,,
2026-08-13 16:55:21,4624,SRV-FILE-HQ,u.regev,3,WKS-HQ-28,,,,
2026-08-13 16:55:23,5140,SRV-FILE-HQ,u.regev,3,WKS-HQ-28,,,,\\SRV-FILE-HQ\Marketing
2026-08-13 16:56:36,4634,WKS-IT-09,m.saban,2,,,,,
2026-08-13 17:12:12,4624,SRV-FILE-HQ,n.barzilai,3,WKS-HQ-04,,,,
2026-08-13 17:12:14,5140,SRV-FILE-HQ,n.barzilai,3,WKS-HQ-04,,,,\\SRV-FILE-HQ\Finance
2026-08-13 17:15:42,4634,WKS-HQ-07,o.raviv,2,,,,,
2026-08-13 17:20:54,4634,WKS-HQ-28,u.regev,2,,,,,
2026-08-13 17:21:08,4769,SRV-DC-01,m.tal,,WKS-HQ-18,http_svc,,,HTTP/web-supplier.northgate.local
2026-08-13 17:25:49,4634,WKS-HQ-21,b.naim,2,,,,,
2026-08-13 17:29:41,4634,WKS-IT-29,f.zohar,2,,,,,
2026-08-13 17:33:12,4634,WKS-HQ-17,a.dahan,2,,,,,
2026-08-13 17:37:29,4634,WKS-HQ-06,g.shemesh,2,,,,,
2026-08-13 17:37:50,4634,WKS-HQ-04,n.barzilai,2,,,,,
2026-08-13 17:39:34,4634,WKS-PAY-02,r.stern,2,,,,,
2026-08-13 17:44:18,4634,WKS-SEC-10,d.levi,2,,,,,
2026-08-13 17:45:38,4634,WKS-IT-08,h.peretz,2,,,,,
2026-08-13 17:51:02,4634,WKS-HQ-19,y.segev,2,,,,,
2026-08-13 17:54:15,4634,WKS-HQ-24,v.harel,2,,,,,
2026-08-13 17:55:08,4624,SRV-FILE-HQ,m.tal,3,WKS-HQ-18,,,,
2026-08-13 17:55:10,5140,SRV-FILE-HQ,m.tal,3,WKS-HQ-18,,,,\\SRV-FILE-HQ\HR
2026-08-13 18:00:26,4634,WKS-SEC-03,e.katz,2,,,,,
2026-08-13 18:03:32,4634,WKS-PAY-12,t.hadar,2,,,,,
2026-08-13 18:04:59,4634,WKS-HQ-23,s.mor,2,,,,,
2026-08-13 18:20:05,4634,WKS-HQ-14,r.avni,2,,,,,
2026-08-13 18:23:17,4634,WKS-HQ-05,y.oren,2,,,,,
2026-08-13 18:40:58,4634,WKS-HQ-15,n.hazan,2,,,,,
2026-08-13 19:07:29,4634,WKS-HQ-27,c.barak,2,,,,,
2026-08-13 19:21:30,4634,WKS-HQ-18,m.tal,2,,,,,
2026-08-14 01:00:00,5140,SRV-FILE-HQ,a.mizrahi,3,SRV-VEND-APP,,,,\\SRV-FILE-HQ\IT
2026-08-14 01:06:36,5140,SRV-FILE-HQ,a.mizrahi,3,SRV-VEND-APP,,,,\\SRV-FILE-HQ\Payments
2026-08-14 01:13:12,5140,SRV-FILE-HQ,a.mizrahi,3,SRV-VEND-APP,,,,\\SRV-FILE-HQ\Finance
2026-08-14 01:19:48,5140,SRV-FILE-HQ,a.mizrahi,3,SRV-VEND-APP,,,,\\SRV-FILE-HQ\Vendors
2026-08-14 01:26:24,5140,SRV-FILE-HQ,a.mizrahi,3,SRV-VEND-APP,,,,\\SRV-FILE-HQ\Branches
2026-08-14 01:33:00,5140,SRV-FILE-HQ,a.mizrahi,3,SRV-VEND-APP,,,,\\SRV-FILE-HQ\Logistics
2026-08-14 01:39:36,5140,SRV-FILE-HQ,a.mizrahi,3,SRV-VEND-APP,,,,\\SRV-FILE-HQ\IT
2026-08-14 01:46:12,5140,SRV-FILE-HQ,a.mizrahi,3,SRV-VEND-APP,,,,\\SRV-FILE-HQ\Payments
2026-08-14 01:52:48,5140,SRV-FILE-HQ,a.mizrahi,3,SRV-VEND-APP,,,,\\SRV-FILE-HQ\Finance
2026-08-14 04:03:00,4688,POS-B01-01,svc_posmon,,,,ngmon-update.exe,ngmon-update.exe /quiet /norestart /package:NGMON-4.2.7-b118,
2026-08-14 04:03:14,4688,POS-B02-01,svc_posmon,,,,ngmon-update.exe,ngmon-update.exe /quiet /norestart /package:NGMON-4.2.7-b118,
2026-08-14 04:03:29,4688,POS-B03-01,svc_posmon,,,,ngmon-update.exe,ngmon-update.exe /quiet /norestart /package:NGMON-4.2.7-b118,
2026-08-14 04:03:43,4688,POS-B04-01,svc_posmon,,,,ngmon-update.exe,ngmon-update.exe /quiet /norestart /package:NGMON-4.2.7-b118,
2026-08-14 04:03:58,4688,POS-B05-01,svc_posmon,,,,ngmon-update.exe,ngmon-update.exe /quiet /norestart /package:NGMON-4.2.7-b118,
2026-08-14 04:04:12,4688,POS-B06-01,svc_posmon,,,,ngmon-update.exe,ngmon-update.exe /quiet /norestart /package:NGMON-4.2.7-b118,
2026-08-14 04:04:27,4688,POS-B07-01,svc_posmon,,,,ngmon-update.exe,ngmon-update.exe /quiet /norestart /package:NGMON-4.2.7-b118,
2026-08-14 04:04:42,4688,POS-B08-01,svc_posmon,,,,ngmon-update.exe,ngmon-update.exe /quiet /norestart /package:NGMON-4.2.7-b118,
2026-08-14 04:04:56,4688,POS-B09-01,svc_posmon,,,,ngmon-update.exe,ngmon-update.exe /quiet /norestart /package:NGMON-4.2.7-b118,
2026-08-14 04:05:11,4688,POS-B10-01,svc_posmon,,,,ngmon-update.exe,ngmon-update.exe /quiet /norestart /package:NGMON-4.2.7-b118,
2026-08-14 04:05:25,4688,POS-B11-01,svc_posmon,,,,ngmon-update.exe,ngmon-update.exe /quiet /norestart /package:NGMON-4.2.7-b118,
2026-08-14 04:05:40,4688,POS-B12-01,svc_posmon,,,,ngmon-update.exe,ngmon-update.exe /quiet /norestart /package:NGMON-4.2.7-b118,
2026-08-14 04:05:55,4688,POS-B13-01,svc_posmon,,,,ngmon-update.exe,ngmon-update.exe /quiet /norestart /package:NGMON-4.2.7-b118,
2026-08-14 04:06:09,4688,POS-B14-01,svc_posmon,,,,ngmon-update.exe,ngmon-update.exe /quiet /norestart /package:NGMON-4.2.7-b118,
2026-08-14 04:06:24,4688,POS-B15-01,svc_posmon,,,,ngmon-update.exe,ngmon-update.exe /quiet /norestart /package:NGMON-4.2.7-b118,
2026-08-14 04:06:38,4688,POS-B16-01,svc_posmon,,,,ngmon-update.exe,ngmon-update.exe /quiet /norestart /package:NGMON-4.2.7-b118,
2026-08-14 04:06:53,4688,POS-B17-01,svc_posmon,,,,ngmon-update.exe,ngmon-update.exe /quiet /norestart /package:NGMON-4.2.7-b118,
2026-08-14 04:07:08,4688,POS-B18-01,svc_posmon,,,,ngmon-update.exe,ngmon-update.exe /quiet /norestart /package:NGMON-4.2.7-b118,
2026-08-14 04:07:22,4688,POS-B19-01,svc_posmon,,,,ngmon-update.exe,ngmon-update.exe /quiet /norestart /package:NGMON-4.2.7-b118,
2026-08-14 04:07:37,4688,POS-B20-01,svc_posmon,,,,ngmon-update.exe,ngmon-update.exe /quiet /norestart /package:NGMON-4.2.7-b118,
2026-08-14 04:07:51,4688,POS-B21-01,svc_posmon,,,,ngmon-update.exe,ngmon-update.exe /quiet /norestart /package:NGMON-4.2.7-b118,
2026-08-14 04:08:06,4688,POS-B22-01,svc_posmon,,,,ngmon-update.exe,ngmon-update.exe /quiet /norestart /package:NGMON-4.2.7-b118,
2026-08-14 04:08:21,4688,POS-B23-01,svc_posmon,,,,ngmon-update.exe,ngmon-update.exe /quiet /norestart /package:NGMON-4.2.7-b118,
2026-08-14 04:08:35,4688,POS-B24-01,svc_posmon,,,,ngmon-update.exe,ngmon-update.exe /quiet /norestart /package:NGMON-4.2.7-b118,
2026-08-14 04:08:50,4688,POS-B25-01,svc_posmon,,,,ngmon-update.exe,ngmon-update.exe /quiet /norestart /package:NGMON-4.2.7-b118,
2026-08-14 04:09:04,4688,POS-B26-01,svc_posmon,,,,ngmon-update.exe,ngmon-update.exe /quiet /norestart /package:NGMON-4.2.7-b118,
2026-08-14 04:09:19,4688,POS-B27-01,svc_posmon,,,,ngmon-update.exe,ngmon-update.exe /quiet /norestart /package:NGMON-4.2.7-b118,
2026-08-14 04:09:34,4688,POS-B28-01,svc_posmon,,,,ngmon-update.exe,ngmon-update.exe /quiet /norestart /package:NGMON-4.2.7-b118,
2026-08-14 04:09:48,4688,POS-B29-01,svc_posmon,,,,ngmon-update.exe,ngmon-update.exe /quiet /norestart /package:NGMON-4.2.7-b118,
2026-08-14 04:10:03,4688,POS-B30-01,svc_posmon,,,,ngmon-update.exe,ngmon-update.exe /quiet /norestart /package:NGMON-4.2.7-b118,
2026-08-14 04:10:17,4688,POS-B31-01,svc_posmon,,,,ngmon-update.exe,ngmon-update.exe /quiet /norestart /package:NGMON-4.2.7-b118,
2026-08-14 04:10:32,4688,POS-B32-01,svc_posmon,,,,ngmon-update.exe,ngmon-update.exe /quiet /norestart /package:NGMON-4.2.7-b118,
2026-08-14 04:10:47,4688,POS-B33-01,svc_posmon,,,,ngmon-update.exe,ngmon-update.exe /quiet /norestart /package:NGMON-4.2.7-b118,
2026-08-14 04:11:01,4688,POS-B34-01,svc_posmon,,,,ngmon-update.exe,ngmon-update.exe /quiet /norestart /package:NGMON-4.2.7-b118,
2026-08-14 04:11:16,4688,POS-B35-01,svc_posmon,,,,ngmon-update.exe,ngmon-update.exe /quiet /norestart /package:NGMON-4.2.7-b118,
2026-08-14 04:11:30,4688,POS-B36-01,svc_posmon,,,,ngmon-update.exe,ngmon-update.exe /quiet /norestart /package:NGMON-4.2.7-b118,
2026-08-14 04:11:45,4688,POS-B37-01,svc_posmon,,,,ngmon-update.exe,ngmon-update.exe /quiet /norestart /package:NGMON-4.2.7-b118,
2026-08-14 04:12:00,4688,POS-B38-01,svc_posmon,,,,ngmon-update.exe,ngmon-update.exe /quiet /norestart /package:NGMON-4.2.7-b118,
2026-08-15 01:00:00,5140,SRV-FILE-HQ,a.mizrahi,3,SRV-VEND-APP,,,,\\SRV-FILE-HQ\IT
2026-08-15 01:06:36,5140,SRV-FILE-HQ,a.mizrahi,3,SRV-VEND-APP,,,,\\SRV-FILE-HQ\Payments
2026-08-15 01:13:12,5140,SRV-FILE-HQ,a.mizrahi,3,SRV-VEND-APP,,,,\\SRV-FILE-HQ\Finance
2026-08-15 01:19:48,5140,SRV-FILE-HQ,a.mizrahi,3,SRV-VEND-APP,,,,\\SRV-FILE-HQ\Vendors
2026-08-15 01:26:24,5140,SRV-FILE-HQ,a.mizrahi,3,SRV-VEND-APP,,,,\\SRV-FILE-HQ\Branches
2026-08-15 01:33:00,5140,SRV-FILE-HQ,a.mizrahi,3,SRV-VEND-APP,,,,\\SRV-FILE-HQ\Logistics
2026-08-15 01:39:36,5140,SRV-FILE-HQ,a.mizrahi,3,SRV-VEND-APP,,,,\\SRV-FILE-HQ\IT
2026-08-15 01:46:12,5140,SRV-FILE-HQ,a.mizrahi,3,SRV-VEND-APP,,,,\\SRV-FILE-HQ\Payments
2026-08-15 01:52:48,5140,SRV-FILE-HQ,a.mizrahi,3,SRV-VEND-APP,,,,\\SRV-FILE-HQ\Finance
2026-08-15 01:59:24,5140,SRV-FILE-HQ,a.mizrahi,3,SRV-VEND-APP,,,,\\SRV-FILE-HQ\Vendors
2026-08-15 02:06:00,5140,SRV-FILE-HQ,a.mizrahi,3,SRV-VEND-APP,,,,\\SRV-FILE-HQ\Branches
2026-08-15 02:12:36,5140,SRV-FILE-HQ,a.mizrahi,3,SRV-VEND-APP,,,,\\SRV-FILE-HQ\Logistics
2026-08-15 08:35:39,4624,WKS-HQ-20,k.oz,2,WKS-HQ-20,,,,
2026-08-15 09:29:39,4624,SRV-FILE-HQ,k.oz,3,WKS-HQ-20,,,,
2026-08-15 09:58:39,4688,WKS-HQ-20,k.oz,,,,winword.exe,winword.exe /w,
2026-08-15 13:16:39,4769,SRV-DC-01,k.oz,,WKS-HQ-20,cifs_svc,,,CIFS/srv-file-hq.northgate.local
2026-08-15 15:05:39,4624,SRV-FILE-HQ,k.oz,3,WKS-HQ-20,,,,
2026-08-15 17:55:14,4634,WKS-HQ-20,k.oz,2,,,,,
2026-08-16 00:46:59,4624,SRV-POSMGT,r.stern,3,SRV-VEND-APP,,,,
2026-08-16 01:00:00,5140,SRV-FILE-HQ,a.mizrahi,3,SRV-VEND-APP,,,,\\SRV-FILE-HQ\IT
2026-08-16 01:06:36,5140,SRV-FILE-HQ,a.mizrahi,3,SRV-VEND-APP,,,,\\SRV-FILE-HQ\Payments
2026-08-16 01:13:12,5140,SRV-FILE-HQ,a.mizrahi,3,SRV-VEND-APP,,,,\\SRV-FILE-HQ\Finance
2026-08-16 01:19:48,5140,SRV-FILE-HQ,a.mizrahi,3,SRV-VEND-APP,,,,\\SRV-FILE-HQ\Vendors
2026-08-16 01:26:24,5140,SRV-FILE-HQ,a.mizrahi,3,SRV-VEND-APP,,,,\\SRV-FILE-HQ\Branches
2026-08-16 01:33:00,5140,SRV-FILE-HQ,a.mizrahi,3,SRV-VEND-APP,,,,\\SRV-FILE-HQ\Logistics
2026-08-16 01:39:36,5140,SRV-FILE-HQ,a.mizrahi,3,SRV-VEND-APP,,,,\\SRV-FILE-HQ\IT
2026-08-16 01:46:12,5140,SRV-FILE-HQ,a.mizrahi,3,SRV-VEND-APP,,,,\\SRV-FILE-HQ\Payments
2026-08-16 04:19:59,4688,POS-B01-01,r.stern,,,,ngpos-cfg.exe,ngpos-cfg.exe /apply /src \\SRV-POSMGT\cfg\pos-profile.dat,
2026-08-16 04:20:16,4688,POS-B02-01,r.stern,,,,ngpos-cfg.exe,ngpos-cfg.exe /apply /src \\SRV-POSMGT\cfg\pos-profile.dat,
2026-08-16 04:20:33,4688,POS-B03-01,r.stern,,,,ngpos-cfg.exe,ngpos-cfg.exe /apply /src \\SRV-POSMGT\cfg\pos-profile.dat,
2026-08-16 04:20:50,4688,POS-B05-01,r.stern,,,,ngpos-cfg.exe,ngpos-cfg.exe /apply /src \\SRV-POSMGT\cfg\pos-profile.dat,
2026-08-16 04:21:07,4688,POS-B06-01,r.stern,,,,ngpos-cfg.exe,ngpos-cfg.exe /apply /src \\SRV-POSMGT\cfg\pos-profile.dat,
2026-08-16 04:21:24,4688,POS-B07-01,r.stern,,,,ngpos-cfg.exe,ngpos-cfg.exe /apply /src \\SRV-POSMGT\cfg\pos-profile.dat,
2026-08-16 04:21:41,4688,POS-B08-01,r.stern,,,,ngpos-cfg.exe,ngpos-cfg.exe /apply /src \\SRV-POSMGT\cfg\pos-profile.dat,
2026-08-16 04:21:58,4688,POS-B09-01,r.stern,,,,ngpos-cfg.exe,ngpos-cfg.exe /apply /src \\SRV-POSMGT\cfg\pos-profile.dat,
2026-08-16 04:22:15,4688,POS-B10-01,r.stern,,,,ngpos-cfg.exe,ngpos-cfg.exe /apply /src \\SRV-POSMGT\cfg\pos-profile.dat,
2026-08-16 04:22:32,4688,POS-B11-01,r.stern,,,,ngpos-cfg.exe,ngpos-cfg.exe /apply /src \\SRV-POSMGT\cfg\pos-profile.dat,
2026-08-16 04:22:49,4688,POS-B13-01,r.stern,,,,ngpos-cfg.exe,ngpos-cfg.exe /apply /src \\SRV-POSMGT\cfg\pos-profile.dat,
2026-08-16 04:23:06,4688,POS-B14-01,r.stern,,,,ngpos-cfg.exe,ngpos-cfg.exe /apply /src \\SRV-POSMGT\cfg\pos-profile.dat,
2026-08-16 04:23:23,4688,POS-B15-01,r.stern,,,,ngpos-cfg.exe,ngpos-cfg.exe /apply /src \\SRV-POSMGT\cfg\pos-profile.dat,
2026-08-16 04:23:40,4688,POS-B16-01,r.stern,,,,ngpos-cfg.exe,ngpos-cfg.exe /apply /src \\SRV-POSMGT\cfg\pos-profile.dat,
2026-08-16 04:23:57,4688,POS-B17-01,r.stern,,,,ngpos-cfg.exe,ngpos-cfg.exe /apply /src \\SRV-POSMGT\cfg\pos-profile.dat,
2026-08-16 04:24:14,4688,POS-B18-01,r.stern,,,,ngpos-cfg.exe,ngpos-cfg.exe /apply /src \\SRV-POSMGT\cfg\pos-profile.dat,
2026-08-16 04:24:31,4688,POS-B19-01,r.stern,,,,ngpos-cfg.exe,ngpos-cfg.exe /apply /src \\SRV-POSMGT\cfg\pos-profile.dat,
2026-08-16 04:24:48,4688,POS-B20-01,r.stern,,,,ngpos-cfg.exe,ngpos-cfg.exe /apply /src \\SRV-POSMGT\cfg\pos-profile.dat,
2026-08-16 04:25:05,4688,POS-B21-01,r.stern,,,,ngpos-cfg.exe,ngpos-cfg.exe /apply /src \\SRV-POSMGT\cfg\pos-profile.dat,
2026-08-16 04:25:22,4688,POS-B22-01,r.stern,,,,ngpos-cfg.exe,ngpos-cfg.exe /apply /src \\SRV-POSMGT\cfg\pos-profile.dat,
2026-08-16 04:25:39,4688,POS-B23-01,r.stern,,,,ngpos-cfg.exe,ngpos-cfg.exe /apply /src \\SRV-POSMGT\cfg\pos-profile.dat,
2026-08-16 04:25:56,4688,POS-B24-01,r.stern,,,,ngpos-cfg.exe,ngpos-cfg.exe /apply /src \\SRV-POSMGT\cfg\pos-profile.dat,
2026-08-16 04:26:13,4688,POS-B25-01,r.stern,,,,ngpos-cfg.exe,ngpos-cfg.exe /apply /src \\SRV-POSMGT\cfg\pos-profile.dat,
2026-08-16 04:26:30,4688,POS-B26-01,r.stern,,,,ngpos-cfg.exe,ngpos-cfg.exe /apply /src \\SRV-POSMGT\cfg\pos-profile.dat,
2026-08-16 04:26:47,4688,POS-B28-01,r.stern,,,,ngpos-cfg.exe,ngpos-cfg.exe /apply /src \\SRV-POSMGT\cfg\pos-profile.dat,
2026-08-16 04:27:04,4688,POS-B29-01,r.stern,,,,ngpos-cfg.exe,ngpos-cfg.exe /apply /src \\SRV-POSMGT\cfg\pos-profile.dat,
2026-08-16 04:27:21,4688,POS-B30-01,r.stern,,,,ngpos-cfg.exe,ngpos-cfg.exe /apply /src \\SRV-POSMGT\cfg\pos-profile.dat,
2026-08-16 04:27:38,4688,POS-B31-01,r.stern,,,,ngpos-cfg.exe,ngpos-cfg.exe /apply /src \\SRV-POSMGT\cfg\pos-profile.dat,
2026-08-16 04:27:55,4688,POS-B32-01,r.stern,,,,ngpos-cfg.exe,ngpos-cfg.exe /apply /src \\SRV-POSMGT\cfg\pos-profile.dat,
2026-08-16 04:28:12,4688,POS-B33-01,r.stern,,,,ngpos-cfg.exe,ngpos-cfg.exe /apply /src \\SRV-POSMGT\cfg\pos-profile.dat,
2026-08-16 04:28:29,4688,POS-B34-01,r.stern,,,,ngpos-cfg.exe,ngpos-cfg.exe /apply /src \\SRV-POSMGT\cfg\pos-profile.dat,
2026-08-16 04:28:46,4688,POS-B36-01,r.stern,,,,ngpos-cfg.exe,ngpos-cfg.exe /apply /src \\SRV-POSMGT\cfg\pos-profile.dat,
2026-08-16 04:29:03,4688,POS-B37-01,r.stern,,,,ngpos-cfg.exe,ngpos-cfg.exe /apply /src \\SRV-POSMGT\cfg\pos-profile.dat,
2026-08-16 04:29:20,4688,POS-B38-01,r.stern,,,,ngpos-cfg.exe,ngpos-cfg.exe /apply /src \\SRV-POSMGT\cfg\pos-profile.dat,
2026-08-16 07:13:03,4624,WKS-HQ-22,i.golan,2,WKS-HQ-22,,,,
2026-08-16 07:15:04,4624,WKS-HQ-25,z.amar,2,WKS-HQ-25,,,,
2026-08-16 07:37:15,4624,WKS-HQ-23,s.mor,2,WKS-HQ-23,,,,
2026-08-16 07:56:57,4624,WKS-HQ-24,v.harel,2,WKS-HQ-24,,,,
2026-08-16 07:57:40,4624,WKS-PAY-30,g.ben-ari,2,WKS-PAY-30,,,,
2026-08-16 08:00:52,4624,WKS-HQ-26,p.stein,2,WKS-HQ-26,,,,
2026-08-16 08:12:31,4624,WKS-PAY-02,r.stern,2,WKS-PAY-02,,,,
2026-08-16 08:12:51,4624,WKS-IT-01,a.mizrahi,2,WKS-IT-01,,,,
2026-08-16 08:12:52,4672,WKS-IT-01,a.mizrahi,2,,,,,
2026-08-16 08:14:19,4624,WKS-SEC-03,e.katz,2,WKS-SEC-03,,,,
2026-08-16 08:22:03,4624,SRV-POSMGT,i.golan,3,WKS-HQ-22,,,,
2026-08-16 08:28:06,4624,WKS-HQ-13,l.beit,2,WKS-HQ-13,,,,
2026-08-16 08:30:03,4624,SRV-POSMGT,i.golan,3,WKS-HQ-22,,,,
2026-08-16 08:30:05,5140,SRV-POSMGT,i.golan,3,WKS-HQ-22,,,,\\SRV-POSMGT\Branches
2026-08-16 08:31:59,4624,WKS-IT-29,f.zohar,2,WKS-IT-29,,,,
2026-08-16 08:34:07,4624,WKS-HQ-16,e.shalom,2,WKS-HQ-16,,,,
2026-08-16 08:35:33,4624,WKS-HQ-21,b.naim,2,WKS-HQ-21,,,,
2026-08-16 08:36:37,4624,WKS-IT-08,h.peretz,2,WKS-IT-08,,,,
2026-08-16 08:37:52,4688,WKS-HQ-26,p.stein,,,,chrome.exe,chrome.exe --restore-last-session,
2026-08-16 08:42:31,4624,WKS-IT-09,m.saban,2,WKS-IT-09,,,,
2026-08-16 08:42:52,4624,WKS-HQ-07,o.raviv,2,WKS-HQ-07,,,,
2026-08-16 08:43:24,4624,WKS-HQ-14,r.avni,2,WKS-HQ-14,,,,
2026-08-16 08:46:27,4624,WKS-HQ-27,c.barak,2,WKS-HQ-27,,,,
2026-08-16 08:47:44,4624,WKS-PAY-12,t.hadar,2,WKS-PAY-12,,,,
2026-08-16 08:48:29,4624,WKS-HQ-04,n.barzilai,2,WKS-HQ-04,,,,
2026-08-16 08:50:15,4769,SRV-DC-01,s.mor,,WKS-HQ-23,http_svc,,,HTTP/web-supplier.northgate.local
2026-08-16 08:51:56,4624,WKS-HQ-15,n.hazan,2,WKS-HQ-15,,,,
2026-08-16 08:53:32,4624,WKS-HQ-06,g.shemesh,2,WKS-HQ-06,,,,
2026-08-16 08:57:28,4624,WKS-HQ-05,y.oren,2,WKS-HQ-05,,,,
2026-08-16 08:59:19,4624,SRV-FILE-HQ,e.katz,3,WKS-SEC-03,,,,
2026-08-16 08:59:57,4769,SRV-DC-01,v.harel,,WKS-HQ-24,http_svc,,,HTTP/web-supplier.northgate.local
2026-08-16 09:01:01,4624,WKS-SEC-10,d.levi,2,WKS-SEC-10,,,,
2026-08-16 09:06:44,4624,WKS-HQ-28,u.regev,2,WKS-HQ-28,,,,
2026-08-16 09:06:51,4769,SRV-DC-01,a.mizrahi,,WKS-IT-01,cifs_svc,,,CIFS/srv-file-hq.northgate.local
2026-08-16 09:14:23,4624,WKS-HQ-18,m.tal,2,WKS-HQ-18,,,,
2026-08-16 09:18:06,4769,SRV-DC-01,l.beit,,WKS-HQ-13,http_svc,,,HTTP/web-supplier.northgate.local
2026-08-16 09:23:06,4624,SRV-FILE-HQ,l.beit,3,WKS-HQ-13,,,,
2026-08-16 09:30:59,4769,SRV-DC-01,f.zohar,,WKS-IT-29,http_svc,,,HTTP/web-supplier.northgate.local
2026-08-16 09:32:52,4624,SRV-FILE-HQ,p.stein,3,WKS-HQ-26,,,,
2026-08-16 09:35:06,4769,SRV-DC-01,l.beit,,WKS-HQ-13,cifs_svc,,,CIFS/srv-file-hq.northgate.local
2026-08-16 09:54:52,4769,SRV-DC-01,p.stein,,WKS-HQ-26,mssqlsvc_svc,,,MSSQLSvc/srv-cardproc.northgate.local:1433
2026-08-16 09:55:31,4769,SRV-DC-01,m.saban,,WKS-IT-09,mssqlsvc_svc,,,MSSQLSvc/srv-posmgt.northgate.local:1433
2026-08-16 10:13:59,4624,SRV-FILE-HQ,f.zohar,3,WKS-IT-29,,,,
2026-08-16 10:14:31,4624,SRV-FILE-HQ,m.saban,3,WKS-IT-09,,,,
2026-08-16 10:22:03,4624,SRV-POSMGT,i.golan,3,WKS-HQ-22,,,,
2026-08-16 10:29:01,4624,SRV-DC-01,d.levi,3,WKS-SEC-10,,,,
2026-08-16 10:29:03,5140,SRV-DC-01,d.levi,3,WKS-SEC-10,,,,\\SRV-DC-01\IT
2026-08-16 10:33:33,4624,SRV-FILE-HQ,b.naim,3,WKS-HQ-21,,,,
2026-08-16 10:33:35,5140,SRV-FILE-HQ,b.naim,3,WKS-HQ-21,,,,\\SRV-FILE-HQ\Logistics
2026-08-16 10:43:27,4624,SRV-FILE-HQ,c.barak,3,WKS-HQ-27,,,,
2026-08-16 10:43:52,4769,SRV-DC-01,p.stein,,WKS-HQ-26,cifs_svc,,,CIFS/srv-file-hq.northgate.local
2026-08-16 10:50:44,4624,SRV-FILE-HQ,t.hadar,3,WKS-PAY-12,,,,
2026-08-16 10:50:46,5140,SRV-FILE-HQ,t.hadar,3,WKS-PAY-12,,,,\\SRV-FILE-HQ\Payments
2026-08-16 10:51:37,4624,SRV-DC-01,h.peretz,3,WKS-IT-08,,,,
2026-08-16 10:51:39,5140,SRV-DC-01,h.peretz,3,WKS-IT-08,,,,\\SRV-DC-01\IT
2026-08-16 10:59:32,4688,WKS-HQ-06,g.shemesh,,,,outlook.exe,outlook.exe /recycle,
2026-08-16 11:09:31,4769,SRV-DC-01,r.stern,,WKS-PAY-02,cifs_svc,,,CIFS/srv-file-hq.northgate.local
2026-08-16 11:11:23,4624,SRV-FILE-HQ,m.tal,3,WKS-HQ-18,,,,
2026-08-16 11:15:06,4769,SRV-DC-01,l.beit,,WKS-HQ-13,mssqlsvc_svc,,,MSSQLSvc/srv-cardproc.northgate.local:1433
2026-08-16 11:16:01,4769,SRV-DC-01,d.levi,,WKS-SEC-10,http_svc,,,HTTP/web-supplier.northgate.local
2026-08-16 11:16:52,4769,SRV-DC-01,p.stein,,WKS-HQ-26,cifs_svc,,,CIFS/srv-file-hq.northgate.local
2026-08-16 11:36:06,4624,SRV-FILE-HQ,l.beit,3,WKS-HQ-13,,,,
2026-08-16 11:47:44,4624,SRV-FILE-HQ,u.regev,3,WKS-HQ-28,,,,
2026-08-16 11:49:59,4769,SRV-DC-01,f.zohar,,WKS-IT-29,mssqlsvc_svc,,,MSSQLSvc/srv-posmgt.northgate.local:1433
2026-08-16 12:07:03,4769,SRV-DC-01,i.golan,,WKS-HQ-22,mssqlsvc_svc,,,MSSQLSvc/srv-posmgt.northgate.local:1433
2026-08-16 12:07:28,4624,SRV-FILE-HQ,y.oren,3,WKS-HQ-05,,,,
2026-08-16 12:08:57,4624,SRV-FILE-HQ,v.harel,3,WKS-HQ-24,,,,
2026-08-16 12:09:04,4769,SRV-DC-01,z.amar,,WKS-HQ-25,http_svc,,,HTTP/web-supplier.northgate.local
2026-08-16 12:29:44,4624,SRV-FILE-HQ,u.regev,3,WKS-HQ-28,,,,
2026-08-16 12:37:06,4769,SRV-DC-01,l.beit,,WKS-HQ-13,cifs_svc,,,CIFS/srv-file-hq.northgate.local
2026-08-16 12:38:28,4624,SRV-FILE-HQ,y.oren,3,WKS-HQ-05,,,,
2026-08-16 12:41:07,4624,SRV-FILE-HQ,e.shalom,3,WKS-HQ-16,,,,
2026-08-16 12:41:09,5140,SRV-FILE-HQ,e.shalom,3,WKS-HQ-16,,,,\\SRV-FILE-HQ\Finance
2026-08-16 12:58:52,4624,SRV-FILE-HQ,p.stein,3,WKS-HQ-26,,,,
2026-08-16 12:58:54,5140,SRV-FILE-HQ,p.stein,3,WKS-HQ-26,,,,\\SRV-FILE-HQ\Branches
2026-08-16 13:09:51,4624,SRV-FILE-HQ,a.mizrahi,3,WKS-IT-01,,,,
2026-08-16 13:12:56,4688,WKS-HQ-15,n.hazan,,,,winword.exe,winword.exe /w,
2026-08-16 13:24:33,4624,SRV-FILE-HQ,b.naim,3,WKS-HQ-21,,,,
2026-08-16 13:25:52,4624,SRV-FILE-HQ,o.raviv,3,WKS-HQ-07,,,,
2026-08-16 13:29:31,4624,SRV-FILE-HQ,r.stern,3,WKS-PAY-02,,,,
2026-08-16 13:30:19,4624,SRV-FILE-HQ,e.katz,3,WKS-SEC-03,,,,
2026-08-16 13:42:31,4624,SRV-FILE-HQ,r.stern,3,WKS-PAY-02,,,,
2026-08-16 13:48:19,4624,SRV-DC-01,e.katz,3,WKS-SEC-03,,,,
2026-08-16 13:48:21,5140,SRV-DC-01,e.katz,3,WKS-SEC-03,,,,\\SRV-DC-01\IT
2026-08-16 13:49:29,4769,SRV-DC-01,n.barzilai,,WKS-HQ-04,mssqlsvc_svc,,,MSSQLSvc/srv-cardproc.northgate.local:1433
2026-08-16 14:09:40,4624,SRV-FILE-HQ,g.ben-ari,3,WKS-PAY-30,,,,
2026-08-16 14:09:42,5140,SRV-FILE-HQ,g.ben-ari,3,WKS-PAY-30,,,,\\SRV-FILE-HQ\Payments
2026-08-16 14:15:31,4624,SRV-DC-01,m.saban,3,WKS-IT-09,,,,
2026-08-16 14:25:40,4624,SRV-FILE-HQ,g.ben-ari,3,WKS-PAY-30,,,,
2026-08-16 14:25:42,5140,SRV-FILE-HQ,g.ben-ari,3,WKS-PAY-30,,,,\\SRV-FILE-HQ\Payments
2026-08-16 14:27:52,4624,SRV-POSMGT,p.stein,3,WKS-HQ-26,,,,
2026-08-16 14:27:54,5140,SRV-POSMGT,p.stein,3,WKS-HQ-26,,,,\\SRV-POSMGT\Branches
2026-08-16 14:29:44,4624,SRV-FILE-HQ,t.hadar,3,WKS-PAY-12,,,,
2026-08-16 14:29:46,5140,SRV-FILE-HQ,t.hadar,3,WKS-PAY-12,,,,\\SRV-FILE-HQ\Payments
2026-08-16 14:30:56,4769,SRV-DC-01,n.hazan,,WKS-HQ-15,mssqlsvc_svc,,,MSSQLSvc/srv-cardproc.northgate.local:1433
2026-08-16 14:38:04,4624,SRV-POSMGT,z.amar,3,WKS-HQ-25,,,,
2026-08-16 14:45:44,4769,SRV-DC-01,u.regev,,WKS-HQ-28,mssqlsvc_svc,,,MSSQLSvc/srv-posmgt.northgate.local:1433
2026-08-16 14:47:27,4769,SRV-DC-01,c.barak,,WKS-HQ-27,mssqlsvc_svc,,,MSSQLSvc/srv-posmgt.northgate.local:1433
2026-08-16 14:47:56,4624,SRV-FILE-HQ,n.hazan,3,WKS-HQ-15,,,,
2026-08-16 14:47:58,5140,SRV-FILE-HQ,n.hazan,3,WKS-HQ-15,,,,\\SRV-FILE-HQ\Finance
2026-08-16 14:48:37,4769,SRV-DC-01,h.peretz,,WKS-IT-08,mssqlsvc_svc,,,MSSQLSvc/srv-posmgt.northgate.local:1433
2026-08-16 14:52:31,4624,SRV-CARDPROC,r.stern,3,WKS-PAY-02,,,,
2026-08-16 15:00:37,4624,SRV-FILE-HQ,h.peretz,3,WKS-IT-08,,,,
2026-08-16 15:10:01,4769,SRV-DC-01,d.levi,,WKS-SEC-10,http_svc,,,HTTP/web-supplier.northgate.local
2026-08-16 15:19:37,4624,SRV-DC-01,h.peretz,3,WKS-IT-08,,,,
2026-08-16 15:19:39,5140,SRV-DC-01,h.peretz,3,WKS-IT-08,,,,\\SRV-DC-01\IT
2026-08-16 15:24:57,4624,SRV-POSMGT,v.harel,3,WKS-HQ-24,,,,
2026-08-16 15:24:59,5140,SRV-POSMGT,v.harel,3,WKS-HQ-24,,,,\\SRV-POSMGT\Branches
2026-08-16 15:33:03,4769,SRV-DC-01,i.golan,,WKS-HQ-22,mssqlsvc_svc,,,MSSQLSvc/srv-cardproc.northgate.local:1433
2026-08-16 15:37:31,4624,SRV-FILE-HQ,m.saban,3,WKS-IT-09,,,,
2026-08-16 15:37:33,5140,SRV-FILE-HQ,m.saban,3,WKS-IT-09,,,,\\SRV-FILE-HQ\IT
2026-08-16 15:38:56,4624,SRV-FILE-HQ,n.hazan,3,WKS-HQ-15,,,,
2026-08-16 15:38:58,5140,SRV-FILE-HQ,n.hazan,3,WKS-HQ-15,,,,\\SRV-FILE-HQ\Finance
2026-08-16 15:39:24,4769,SRV-DC-01,r.avni,,WKS-HQ-14,mssqlsvc_svc,,,MSSQLSvc/srv-posmgt.northgate.local:1433
2026-08-16 15:41:51,4769,SRV-DC-01,a.mizrahi,,WKS-IT-01,mssqlsvc_svc,,,MSSQLSvc/srv-cardproc.northgate.local:1433
2026-08-16 15:48:29,4624,SRV-FILE-HQ,n.barzilai,3,WKS-HQ-04,,,,
2026-08-16 16:08:23,4634,WKS-PAY-30,g.ben-ari,2,,,,,
2026-08-16 16:10:45,4634,WKS-HQ-22,i.golan,2,,,,,
2026-08-16 16:14:56,4769,SRV-DC-01,n.hazan,,WKS-HQ-15,cifs_svc,,,CIFS/srv-file-hq.northgate.local
2026-08-16 16:22:27,4769,SRV-DC-01,c.barak,,WKS-HQ-27,mssqlsvc_svc,,,MSSQLSvc/srv-posmgt.northgate.local:1433
2026-08-16 16:22:39,4634,WKS-HQ-23,s.mor,2,,,,,
2026-08-16 16:29:01,4624,SRV-FILE-HQ,d.levi,3,WKS-SEC-10,,,,
2026-08-16 16:34:44,4769,SRV-DC-01,t.hadar,,WKS-PAY-12,cifs_svc,,,CIFS/srv-file-hq.northgate.local
2026-08-16 16:36:25,4634,WKS-HQ-16,e.shalom,2,,,,,
2026-08-16 16:46:22,4634,WKS-HQ-25,z.amar,2,,,,,
2026-08-16 16:52:56,4769,SRV-DC-01,n.hazan,,WKS-HQ-15,mssqlsvc_svc,,,MSSQLSvc/srv-cardproc.northgate.local:1433
2026-08-16 16:53:33,4769,SRV-DC-01,b.naim,,WKS-HQ-21,cifs_svc,,,CIFS/srv-file-hq.northgate.local
2026-08-16 17:02:23,4634,WKS-HQ-07,o.raviv,2,,,,,
2026-08-16 17:04:54,4634,WKS-HQ-27,c.barak,2,,,,,
2026-08-16 17:13:51,4634,WKS-IT-01,a.mizrahi,2,,,,,
2026-08-16 17:27:24,4634,WKS-IT-09,m.saban,2,,,,,
2026-08-16 17:29:57,4634,WKS-HQ-26,p.stein,2,,,,,
2026-08-16 17:31:17,4634,WKS-PAY-02,r.stern,2,,,,,
2026-08-16 17:37:25,4634,WKS-HQ-04,n.barzilai,2,,,,,
2026-08-16 17:39:58,4634,WKS-SEC-03,e.katz,2,,,,,
2026-08-16 17:45:38,4634,WKS-IT-08,h.peretz,2,,,,,
2026-08-16 17:57:49,4634,WKS-HQ-14,r.avni,2,,,,,
2026-08-16 18:00:56,4634,WKS-HQ-15,n.hazan,2,,,,,
2026-08-16 18:16:49,4634,WKS-HQ-24,v.harel,2,,,,,
2026-08-16 18:18:06,4634,WKS-HQ-28,u.regev,2,,,,,
2026-08-16 18:22:33,4634,WKS-HQ-05,y.oren,2,,,,,
2026-08-16 18:27:29,4634,WKS-HQ-21,b.naim,2,,,,,
2026-08-16 18:33:50,4634,WKS-HQ-13,l.beit,2,,,,,
2026-08-16 18:40:06,4634,WKS-HQ-18,m.tal,2,,,,,
2026-08-16 18:41:19,4634,WKS-PAY-12,t.hadar,2,,,,,
2026-08-16 18:42:25,4634,WKS-IT-29,f.zohar,2,,,,,
2026-08-16 19:12:25,4634,WKS-HQ-06,g.shemesh,2,,,,,
2026-08-16 19:20:18,4634,WKS-SEC-10,d.levi,2,,,,,
2026-08-17 06:46:54,4624,WKS-HQ-25,z.amar,2,WKS-HQ-25,,,,
2026-08-17 07:26:02,4624,WKS-HQ-22,i.golan,2,WKS-HQ-22,,,,
2026-08-17 07:26:54,4624,WKS-PAY-02,r.stern,2,WKS-PAY-02,,,,
2026-08-17 07:35:50,4624,WKS-HQ-26,p.stein,2,WKS-HQ-26,,,,
2026-08-17 07:46:04,4624,WKS-HQ-23,s.mor,2,WKS-HQ-23,,,,
2026-08-17 07:52:47,4624,WKS-IT-01,a.mizrahi,2,WKS-IT-01,,,,
2026-08-17 07:52:48,4672,WKS-IT-01,a.mizrahi,2,,,,,
2026-08-17 07:55:54,4769,SRV-DC-01,z.amar,,WKS-HQ-25,mssqlsvc_svc,,,MSSQLSvc/srv-cardproc.northgate.local:1433
2026-08-17 07:56:24,4624,WKS-HQ-19,y.segev,2,WKS-HQ-19,,,,
2026-08-17 07:57:50,4624,WKS-PAY-11,s.arbel,2,WKS-PAY-11,,,,
2026-08-17 07:58:08,4624,WKS-HQ-20,k.oz,2,WKS-HQ-20,,,,
2026-08-17 07:59:37,4624,WKS-HQ-05,y.oren,2,WKS-HQ-05,,,,
2026-08-17 08:00:06,4624,WKS-SEC-03,e.katz,2,WKS-SEC-03,,,,
2026-08-17 08:08:02,4769,SRV-DC-01,i.golan,,WKS-HQ-22,mssqlsvc_svc,,,MSSQLSvc/srv-cardproc.northgate.local:1433
2026-08-17 08:09:56,4624,WKS-HQ-24,v.harel,2,WKS-HQ-24,,,,
2026-08-17 08:13:02,4624,SRV-FILE-HQ,i.golan,3,WKS-HQ-22,,,,
2026-08-17 08:13:04,5140,SRV-FILE-HQ,i.golan,3,WKS-HQ-22,,,,\\SRV-FILE-HQ\Branches
2026-08-17 08:15:11,4624,WKS-HQ-28,u.regev,2,WKS-HQ-28,,,,
2026-08-17 08:21:00,4624,WKS-HQ-17,a.dahan,2,WKS-HQ-17,,,,
2026-08-17 08:26:01,4624,WKS-HQ-16,e.shalom,2,WKS-HQ-16,,,,
2026-08-17 08:26:47,4688,WKS-IT-01,a.mizrahi,,,,winword.exe,winword.exe /w,
2026-08-17 08:27:37,4624,SRV-FILE-HQ,y.oren,3,WKS-HQ-05,,,,
2026-08-17 08:27:39,5140,SRV-FILE-HQ,y.oren,3,WKS-HQ-05,,,,\\SRV-FILE-HQ\Procurement
2026-08-17 08:28:20,4624,WKS-HQ-21,b.naim,2,WKS-HQ-21,,,,
2026-08-17 08:29:08,4624,WKS-IT-08,h.peretz,2,WKS-IT-08,,,,
2026-08-17 08:30:14,4624,WKS-SEC-10,d.levi,2,WKS-SEC-10,,,,
2026-08-17 08:34:32,4624,WKS-HQ-14,r.avni,2,WKS-HQ-14,,,,
2026-08-17 08:38:05,4624,WKS-IT-09,m.saban,2,WKS-IT-09,,,,
2026-08-17 08:42:11,4769,SRV-DC-01,u.regev,,WKS-HQ-28,mssqlsvc_svc,,,MSSQLSvc/srv-cardproc.northgate.local:1433
2026-08-17 08:45:42,4624,WKS-IT-29,f.zohar,2,WKS-IT-29,,,,
2026-08-17 08:47:51,4624,WKS-PAY-12,t.hadar,2,WKS-PAY-12,,,,
2026-08-17 08:54:34,4624,WKS-HQ-13,l.beit,2,WKS-HQ-13,,,,
2026-08-17 08:54:51,4624,WKS-HQ-27,c.barak,2,WKS-HQ-27,,,,
2026-08-17 09:01:00,4769,SRV-DC-01,a.dahan,,WKS-HQ-17,cifs_svc,,,CIFS/srv-file-hq.northgate.local
2026-08-17 09:03:08,4624,SRV-FILE-HQ,h.peretz,3,WKS-IT-08,,,,
2026-08-17 09:04:36,4624,WKS-HQ-06,g.shemesh,2,WKS-HQ-06,,,,
2026-08-17 09:09:34,4624,SRV-FILE-HQ,l.beit,3,WKS-HQ-13,,,,
2026-08-17 09:09:36,5140,SRV-FILE-HQ,l.beit,3,WKS-HQ-13,,,,\\SRV-FILE-HQ\Procurement
2026-08-17 09:10:14,4624,SRV-FILE-HQ,d.levi,3,WKS-SEC-10,,,,
2026-08-17 09:11:02,4624,WKS-HQ-15,n.hazan,2,WKS-HQ-15,,,,
2026-08-17 09:12:18,4624,WKS-HQ-18,m.tal,2,WKS-HQ-18,,,,
2026-08-17 09:13:26,4624,WKS-HQ-07,o.raviv,2,WKS-HQ-07,,,,
2026-08-17 09:13:34,4688,WKS-HQ-13,l.beit,,,,outlook.exe,outlook.exe /recycle,
2026-08-17 09:18:51,4769,SRV-DC-01,c.barak,,WKS-HQ-27,mssqlsvc_svc,,,MSSQLSvc/srv-posmgt.northgate.local:1433
2026-08-17 09:19:31,4624,WKS-HQ-04,n.barzilai,2,WKS-HQ-04,,,,
2026-08-17 09:20:02,4769,SRV-DC-01,n.hazan,,WKS-HQ-15,cifs_svc,,,CIFS/srv-file-hq.northgate.local
2026-08-17 09:21:00,4624,SRV-FILE-HQ,a.dahan,3,WKS-HQ-17,,,,
2026-08-17 09:34:00,4769,SRV-DC-01,a.dahan,,WKS-HQ-17,mssqlsvc_svc,,,MSSQLSvc/srv-cardproc.northgate.local:1433
2026-08-17 09:38:36,4624,SRV-FILE-HQ,g.shemesh,3,WKS-HQ-06,,,,
2026-08-17 09:45:05,4624,SRV-FILE-HQ,m.saban,3,WKS-IT-09,,,,
2026-08-17 09:45:07,5140,SRV-FILE-HQ,m.saban,3,WKS-IT-09,,,,\\SRV-FILE-HQ\IT
2026-08-17 09:45:50,4624,SRV-FILE-HQ,p.stein,3,WKS-HQ-26,,,,
2026-08-17 09:47:34,4769,SRV-DC-01,l.beit,,WKS-HQ-13,mssqlsvc_svc,,,MSSQLSvc/srv-posmgt.northgate.local:1433
2026-08-17 09:51:47,4624,SRV-FILE-HQ,a.mizrahi,3,WKS-IT-01,,,,
2026-08-17 09:58:50,4769,SRV-DC-01,s.arbel,,WKS-PAY-11,mssqlsvc_svc,,,MSSQLSvc/srv-cardproc.northgate.local:1433
2026-08-17 10:09:06,4624,SRV-FILE-HQ,e.katz,3,WKS-SEC-03,,,,
2026-08-17 10:10:47,4624,SRV-FILE-HQ,a.mizrahi,3,WKS-IT-01,,,,
2026-08-17 10:22:11,4624,SRV-FILE-HQ,u.regev,3,WKS-HQ-28,,,,
2026-08-17 10:24:51,4769,SRV-DC-01,c.barak,,WKS-HQ-27,mssqlsvc_svc,,,MSSQLSvc/srv-posmgt.northgate.local:1433
2026-08-17 10:30:50,4624,SRV-CARDPROC,s.arbel,3,WKS-PAY-11,,,,
2026-08-17 10:30:52,5140,SRV-CARDPROC,s.arbel,3,WKS-PAY-11,,,,\\SRV-CARDPROC\Payments
2026-08-17 10:31:50,4624,SRV-FILE-HQ,s.arbel,3,WKS-PAY-11,,,,
2026-08-17 10:35:26,4624,SRV-FILE-HQ,o.raviv,3,WKS-HQ-07,,,,
2026-08-17 10:35:37,4688,WKS-HQ-05,y.oren,,,,outlook.exe,outlook.exe /recycle,
2026-08-17 10:47:11,4624,SRV-FILE-HQ,u.regev,3,WKS-HQ-28,,,,
2026-08-17 10:47:13,5140,SRV-FILE-HQ,u.regev,3,WKS-HQ-28,,,,\\SRV-FILE-HQ\Marketing
2026-08-17 10:58:02,4624,SRV-POSMGT,i.golan,3,WKS-HQ-22,,,,
2026-08-17 11:01:51,4769,SRV-DC-01,t.hadar,,WKS-PAY-12,cifs_svc,,,CIFS/srv-file-hq.northgate.local
2026-08-17 11:19:50,4688,WKS-PAY-11,s.arbel,,,,chrome.exe,chrome.exe --restore-last-session,
2026-08-17 11:25:20,4624,SRV-FILE-HQ,b.naim,3,WKS-HQ-21,,,,
2026-08-17 11:25:22,5140,SRV-FILE-HQ,b.naim,3,WKS-HQ-21,,,,\\SRV-FILE-HQ\Logistics
2026-08-17 11:33:24,4769,SRV-DC-01,y.segev,,WKS-HQ-19,cifs_svc,,,CIFS/srv-file-hq.northgate.local
2026-08-17 11:41:02,4624,SRV-FILE-HQ,i.golan,3,WKS-HQ-22,,,,
2026-08-17 11:43:50,4624,SRV-CARDPROC,s.arbel,3,WKS-PAY-11,,,,
2026-08-17 11:49:47,4769,SRV-DC-01,a.mizrahi,,WKS-IT-01,http_svc,,,HTTP/web-supplier.northgate.local
2026-08-17 11:53:50,4624,SRV-FILE-HQ,s.arbel,3,WKS-PAY-11,,,,
2026-08-17 11:58:02,4624,SRV-FILE-HQ,n.hazan,3,WKS-HQ-15,,,,
2026-08-17 11:58:04,5140,SRV-FILE-HQ,n.hazan,3,WKS-HQ-15,,,,\\SRV-FILE-HQ\Finance
2026-08-17 11:59:56,4624,SRV-FILE-HQ,v.harel,3,WKS-HQ-24,,,,
2026-08-17 11:59:56,4769,SRV-DC-01,v.harel,,WKS-HQ-24,mssqlsvc_svc,,,MSSQLSvc/srv-cardproc.northgate.local:1433
2026-08-17 12:01:56,4624,SRV-POSMGT,v.harel,3,WKS-HQ-24,,,,
2026-08-17 12:12:06,4769,SRV-DC-01,e.katz,,WKS-SEC-03,http_svc,,,HTTP/web-supplier.northgate.local
2026-08-17 12:13:26,4624,SRV-FILE-HQ,o.raviv,3,WKS-HQ-07,,,,
2026-08-17 12:13:28,5140,SRV-FILE-HQ,o.raviv,3,WKS-HQ-07,,,,\\SRV-FILE-HQ\Finance
2026-08-17 12:17:02,4769,SRV-DC-01,i.golan,,WKS-HQ-22,mssqlsvc_svc,,,MSSQLSvc/srv-posmgt.northgate.local:1433
2026-08-17 12:21:24,4624,SRV-FILE-HQ,y.segev,3,WKS-HQ-19,,,,
2026-08-17 12:24:32,4769,SRV-DC-01,r.avni,,WKS-HQ-14,cifs_svc,,,CIFS/srv-file-hq.northgate.local
2026-08-17 12:38:00,4624,SRV-FILE-HQ,a.dahan,3,WKS-HQ-17,,,,
2026-08-17 13:03:26,4624,SRV-FILE-HQ,o.raviv,3,WKS-HQ-07,,,,
2026-08-17 13:09:50,4624,SRV-POSMGT,p.stein,3,WKS-HQ-26,,,,
2026-08-17 13:12:11,4769,SRV-DC-01,u.regev,,WKS-HQ-28,mssqlsvc_svc,,,MSSQLSvc/srv-posmgt.northgate.local:1433
2026-08-17 13:17:06,4769,SRV-DC-01,e.katz,,WKS-SEC-03,mssqlsvc_svc,,,MSSQLSvc/srv-cardproc.northgate.local:1433
2026-08-17 13:29:50,4624,SRV-FILE-HQ,p.stein,3,WKS-HQ-26,,,,
2026-08-17 13:29:52,5140,SRV-FILE-HQ,p.stein,3,WKS-HQ-26,,,,\\SRV-FILE-HQ\Branches
2026-08-17 13:36:54,4624,SRV-POSMGT,z.amar,3,WKS-HQ-25,,,,
2026-08-17 13:36:56,5140,SRV-POSMGT,z.amar,3,WKS-HQ-25,,,,\\SRV-POSMGT\Branches
2026-08-17 13:40:37,4769,SRV-DC-01,y.oren,,WKS-HQ-05,mssqlsvc_svc,,,MSSQLSvc/srv-posmgt.northgate.local:1433
2026-08-17 13:43:31,4769,SRV-DC-01,n.barzilai,,WKS-HQ-04,http_svc,,,HTTP/web-supplier.northgate.local
2026-08-17 13:52:50,4769,SRV-DC-01,s.arbel,,WKS-PAY-11,http_svc,,,HTTP/web-supplier.northgate.local
2026-08-17 13:53:54,4624,SRV-FILE-HQ,r.stern,3,WKS-PAY-02,,,,
2026-08-17 13:53:56,5140,SRV-FILE-HQ,r.stern,3,WKS-PAY-02,,,,\\SRV-FILE-HQ\Payments
2026-08-17 14:09:08,4624,SRV-FILE-HQ,k.oz,3,WKS-HQ-20,,,,
2026-08-17 14:11:08,4688,WKS-IT-08,h.peretz,,,,outlook.exe,outlook.exe /recycle,
2026-08-17 14:15:08,4769,SRV-DC-01,k.oz,,WKS-HQ-20,mssqlsvc_svc,,,MSSQLSvc/srv-cardproc.northgate.local:1433
2026-08-17 14:19:05,4624,SRV-FILE-HQ,m.saban,3,WKS-IT-09,,,,
2026-08-17 14:19:07,5140,SRV-FILE-HQ,m.saban,3,WKS-IT-09,,,,\\SRV-FILE-HQ\IT
2026-08-17 14:20:20,4624,SRV-FILE-HQ,b.naim,3,WKS-HQ-21,,,,
2026-08-17 14:20:22,5140,SRV-FILE-HQ,b.naim,3,WKS-HQ-21,,,,\\SRV-FILE-HQ\Logistics
2026-08-17 14:22:11,4624,SRV-FILE-HQ,u.regev,3,WKS-HQ-28,,,,
2026-08-17 14:22:13,5140,SRV-FILE-HQ,u.regev,3,WKS-HQ-28,,,,\\SRV-FILE-HQ\Marketing
2026-08-17 14:24:51,4624,SRV-FILE-HQ,t.hadar,3,WKS-PAY-12,,,,
2026-08-17 14:28:08,4769,SRV-DC-01,h.peretz,,WKS-IT-08,cifs_svc,,,CIFS/srv-file-hq.northgate.local
2026-08-17 14:30:36,4769,SRV-DC-01,g.shemesh,,WKS-HQ-06,http_svc,,,HTTP/web-supplier.northgate.local
2026-08-17 14:32:50,4769,SRV-DC-01,p.stein,,WKS-HQ-26,mssqlsvc_svc,,,MSSQLSvc/srv-posmgt.northgate.local:1433
2026-08-17 14:37:06,4688,WKS-SEC-03,e.katz,,,,teams.exe,teams.exe --system-initiated,
2026-08-17 14:38:14,4624,SRV-DC-01,d.levi,3,WKS-SEC-10,,,,
2026-08-17 14:43:54,4624,SRV-FILE-HQ,z.amar,3,WKS-HQ-25,,,,
2026-08-17 14:43:56,5140,SRV-FILE-HQ,z.amar,3,WKS-HQ-25,,,,\\SRV-FILE-HQ\Branches
2026-08-17 14:44:50,4769,SRV-DC-01,p.stein,,WKS-HQ-26,http_svc,,,HTTP/web-supplier.northgate.local
2026-08-17 14:51:00,4624,SRV-FILE-HQ,a.dahan,3,WKS-HQ-17,,,,
2026-08-17 14:51:02,5140,SRV-FILE-HQ,a.dahan,3,WKS-HQ-17,,,,\\SRV-FILE-HQ\HR
2026-08-17 14:51:08,4624,SRV-FILE-HQ,k.oz,3,WKS-HQ-20,,,,
2026-08-17 14:57:34,4624,SRV-FILE-HQ,l.beit,3,WKS-HQ-13,,,,
2026-08-17 14:57:36,5140,SRV-FILE-HQ,l.beit,3,WKS-HQ-13,,,,\\SRV-FILE-HQ\Vendors
2026-08-17 14:58:08,4624,SRV-FILE-HQ,h.peretz,3,WKS-IT-08,,,,
2026-08-17 15:17:51,4624,SRV-FILE-HQ,c.barak,3,WKS-HQ-27,,,,
2026-08-17 15:17:53,5140,SRV-FILE-HQ,c.barak,3,WKS-HQ-27,,,,\\SRV-FILE-HQ\Marketing
2026-08-17 15:22:42,4624,SRV-DC-01,f.zohar,3,WKS-IT-29,,,,
2026-08-17 15:22:44,5140,SRV-DC-01,f.zohar,3,WKS-IT-29,,,,\\SRV-DC-01\IT
2026-08-17 15:22:56,4769,SRV-DC-01,v.harel,,WKS-HQ-24,mssqlsvc_svc,,,MSSQLSvc/srv-posmgt.northgate.local:1433
2026-08-17 15:29:04,4624,SRV-POSMGT,s.mor,3,WKS-HQ-23,,,,
2026-08-17 15:40:54,4634,WKS-HQ-26,p.stein,2,,,,,
2026-08-17 15:43:50,4624,SRV-POSMGT,p.stein,3,WKS-HQ-26,,,,
2026-08-17 15:44:56,4769,SRV-DC-01,v.harel,,WKS-HQ-24,http_svc,,,HTTP/web-supplier.northgate.local
2026-08-17 15:50:31,4624,SRV-FILE-HQ,n.barzilai,3,WKS-HQ-04,,,,
2026-08-17 15:53:04,4769,SRV-DC-01,s.mor,,WKS-HQ-23,cifs_svc,,,CIFS/srv-file-hq.northgate.local
2026-08-17 15:54:34,4624,SRV-FILE-HQ,l.beit,3,WKS-HQ-13,,,,
2026-08-17 15:54:36,5140,SRV-FILE-HQ,l.beit,3,WKS-HQ-13,,,,\\SRV-FILE-HQ\Vendors
2026-08-17 15:55:51,4624,SRV-CARDPROC,t.hadar,3,WKS-PAY-12,,,,
2026-08-17 15:58:15,4634,WKS-HQ-23,s.mor,2,,,,,
2026-08-17 15:58:51,4624,SRV-FILE-HQ,t.hadar,3,WKS-PAY-12,,,,
2026-08-17 15:59:59,4634,WKS-HQ-05,y.oren,2,,,,,
2026-08-17 16:00:11,4624,SRV-FILE-HQ,u.regev,3,WKS-HQ-28,,,,
2026-08-17 16:00:13,5140,SRV-FILE-HQ,u.regev,3,WKS-HQ-28,,,,\\SRV-FILE-HQ\Marketing
2026-08-17 16:03:57,4634,WKS-SEC-03,e.katz,2,,,,,
2026-08-17 16:09:21,4634,WKS-HQ-25,z.amar,2,,,,,
2026-08-17 16:14:42,4624,SRV-DC-01,f.zohar,3,WKS-IT-29,,,,
2026-08-17 16:20:42,4624,SRV-FILE-HQ,f.zohar,3,WKS-IT-29,,,,
2026-08-17 16:27:00,4634,WKS-IT-01,a.mizrahi,2,,,,,
2026-08-17 16:29:23,4634,WKS-HQ-21,b.naim,2,,,,,
2026-08-17 16:31:31,4624,SRV-FILE-HQ,n.barzilai,3,WKS-HQ-04,,,,
2026-08-17 16:31:33,5140,SRV-FILE-HQ,n.barzilai,3,WKS-HQ-04,,,,\\SRV-FILE-HQ\Finance
2026-08-17 16:42:14,4634,WKS-SEC-10,d.levi,2,,,,,
2026-08-17 16:43:18,4688,WKS-HQ-18,m.tal,,,,excel.exe,excel.exe /dde,
2026-08-17 16:43:34,4624,SRV-FILE-HQ,l.beit,3,WKS-HQ-13,,,,
2026-08-17 16:43:36,5140,SRV-FILE-HQ,l.beit,3,WKS-HQ-13,,,,\\SRV-FILE-HQ\Procurement
2026-08-17 16:47:34,4634,WKS-IT-09,m.saban,2,,,,,
2026-08-17 16:49:00,4624,SRV-FILE-HQ,a.dahan,3,WKS-HQ-17,,,,
2026-08-17 16:56:02,4634,WKS-HQ-14,r.avni,2,,,,,
2026-08-17 16:57:31,4634,WKS-PAY-12,t.hadar,2,,,,,
2026-08-17 16:57:51,4624,SRV-FILE-HQ,t.hadar,3,WKS-PAY-12,,,,
2026-08-17 16:57:53,5140,SRV-FILE-HQ,t.hadar,3,WKS-PAY-12,,,,\\SRV-FILE-HQ\Payments
2026-08-17 16:58:12,4634,WKS-HQ-20,k.oz,2,,,,,
2026-08-17 17:04:20,4634,WKS-PAY-11,s.arbel,2,,,,,
2026-08-17 17:07:35,4634,WKS-IT-29,f.zohar,2,,,,,
2026-08-17 17:10:26,4634,WKS-HQ-22,i.golan,2,,,,,
2026-08-17 17:13:09,4634,WKS-IT-08,h.peretz,2,,,,,
2026-08-17 17:19:43,4634,WKS-PAY-02,r.stern,2,,,,,
2026-08-17 17:24:26,4624,SRV-FILE-HQ,o.raviv,3,WKS-HQ-07,,,,
2026-08-17 17:24:51,4624,SRV-FILE-HQ,c.barak,3,WKS-HQ-27,,,,
2026-08-17 17:25:34,4624,SRV-FILE-HQ,l.beit,3,WKS-HQ-13,,,,
2026-08-17 17:25:36,5140,SRV-FILE-HQ,l.beit,3,WKS-HQ-13,,,,\\SRV-FILE-HQ\Procurement
2026-08-17 17:30:02,4769,SRV-DC-01,n.hazan,,WKS-HQ-15,mssqlsvc_svc,,,MSSQLSvc/srv-cardproc.northgate.local:1433
2026-08-17 17:31:51,4624,SRV-FILE-HQ,c.barak,3,WKS-HQ-27,,,,
2026-08-17 17:31:53,5140,SRV-FILE-HQ,c.barak,3,WKS-HQ-27,,,,\\SRV-FILE-HQ\Marketing
2026-08-17 17:42:08,4634,WKS-HQ-04,n.barzilai,2,,,,,
2026-08-17 17:47:15,4634,WKS-HQ-28,u.regev,2,,,,,
2026-08-17 17:55:53,4634,WKS-HQ-18,m.tal,2,,,,,
2026-08-17 18:04:14,4634,WKS-HQ-19,y.segev,2,,,,,
2026-08-17 18:05:54,4634,WKS-HQ-17,a.dahan,2,,,,,
2026-08-17 18:08:32,4634,WKS-HQ-27,c.barak,2,,,,,
2026-08-17 18:08:56,4634,WKS-HQ-07,o.raviv,2,,,,,
2026-08-17 18:12:43,4634,WKS-HQ-24,v.harel,2,,,,,
2026-08-17 18:23:04,4634,WKS-HQ-16,e.shalom,2,,,,,
2026-08-17 18:24:17,4634,WKS-HQ-13,l.beit,2,,,,,
2026-08-17 18:25:28,4634,WKS-HQ-06,g.shemesh,2,,,,,
2026-08-17 18:54:21,4634,WKS-HQ-15,n.hazan,2,,,,,
2026-08-18 07:00:41,4624,WKS-HQ-25,z.amar,2,WKS-HQ-25,,,,
2026-08-18 07:23:22,4624,WKS-HQ-23,s.mor,2,WKS-HQ-23,,,,
2026-08-18 07:29:38,4624,WKS-HQ-26,p.stein,2,WKS-HQ-26,,,,
2026-08-18 07:34:42,4624,WKS-HQ-24,v.harel,2,WKS-HQ-24,,,,
2026-08-18 07:35:57,4624,WKS-HQ-22,i.golan,2,WKS-HQ-22,,,,
2026-08-18 07:44:57,4624,SRV-POSMGT,i.golan,3,WKS-HQ-22,,,,
2026-08-18 07:50:36,4624,WKS-PAY-30,g.ben-ari,2,WKS-PAY-30,,,,
2026-08-18 07:57:14,4624,WKS-PAY-02,r.stern,2,WKS-PAY-02,,,,
2026-08-18 08:01:42,4624,SRV-POSMGT,v.harel,3,WKS-HQ-24,,,,
2026-08-18 08:06:51,4624,WKS-HQ-19,y.segev,2,WKS-HQ-19,,,,
2026-08-18 08:07:59,4624,WKS-HQ-20,k.oz,2,WKS-HQ-20,,,,
2026-08-18 08:09:00,4624,WKS-PAY-11,s.arbel,2,WKS-PAY-11,,,,
2026-08-18 08:11:38,4769,SRV-DC-01,p.stein,,WKS-HQ-26,http_svc,,,HTTP/web-supplier.northgate.local
2026-08-18 08:13:18,4624,WKS-SEC-03,e.katz,2,WKS-SEC-03,,,,
2026-08-18 08:15:59,4624,SRV-FILE-HQ,k.oz,3,WKS-HQ-20,,,,
2026-08-18 08:17:41,4624,WKS-HQ-21,b.naim,2,WKS-HQ-21,,,,
2026-08-18 08:21:08,4624,WKS-HQ-13,l.beit,2,WKS-HQ-13,,,,
2026-08-18 08:22:42,4624,WKS-IT-01,a.mizrahi,2,WKS-IT-01,,,,
2026-08-18 08:22:43,4672,WKS-IT-01,a.mizrahi,2,,,,,
2026-08-18 08:25:42,4769,SRV-DC-01,v.harel,,WKS-HQ-24,mssqlsvc_svc,,,MSSQLSvc/srv-posmgt.northgate.local:1433
2026-08-18 08:26:13,4624,WKS-IT-08,h.peretz,2,WKS-IT-08,,,,
2026-08-18 08:28:41,4624,SRV-FILE-HQ,z.amar,3,WKS-HQ-25,,,,
2026-08-18 08:29:06,4624,WKS-HQ-18,m.tal,2,WKS-HQ-18,,,,
2026-08-18 08:29:51,4624,WKS-PAY-12,t.hadar,2,WKS-PAY-12,,,,
2026-08-18 08:32:40,4624,WKS-HQ-14,r.avni,2,WKS-HQ-14,,,,
2026-08-18 08:38:37,4624,WKS-SEC-10,d.levi,2,WKS-SEC-10,,,,
2026-08-18 08:42:57,4624,WKS-HQ-28,u.regev,2,WKS-HQ-28,,,,
2026-08-18 08:44:14,4624,WKS-HQ-27,c.barak,2,WKS-HQ-27,,,,
2026-08-18 08:45:06,4624,WKS-HQ-15,n.hazan,2,WKS-HQ-15,,,,
2026-08-18 08:47:36,4624,SRV-FILE-HQ,g.ben-ari,3,WKS-PAY-30,,,,
2026-08-18 08:48:18,4624,WKS-HQ-06,g.shemesh,2,WKS-HQ-06,,,,
2026-08-18 08:49:41,4769,SRV-DC-01,b.naim,,WKS-HQ-21,mssqlsvc_svc,,,MSSQLSvc/srv-cardproc.northgate.local:1433
2026-08-18 08:50:16,4624,WKS-HQ-05,y.oren,2,WKS-HQ-05,,,,
2026-08-18 08:53:44,4624,WKS-IT-29,f.zohar,2,WKS-IT-29,,,,
2026-08-18 08:56:40,4688,WKS-HQ-14,r.avni,,,,chrome.exe,chrome.exe --restore-last-session,
2026-08-18 09:00:18,4624,SRV-DC-01,e.katz,3,WKS-SEC-03,,,,
2026-08-18 09:00:20,5140,SRV-DC-01,e.katz,3,WKS-SEC-03,,,,\\SRV-DC-01\IT
2026-08-18 09:01:27,4624,WKS-IT-09,m.saban,2,WKS-IT-09,,,,
2026-08-18 09:03:02,4624,WKS-HQ-04,n.barzilai,2,WKS-HQ-04,,,,
2026-08-18 09:07:19,4624,WKS-HQ-17,a.dahan,2,WKS-HQ-17,,,,
2026-08-18 09:09:57,4624,SRV-FILE-HQ,u.regev,3,WKS-HQ-28,,,,
2026-08-18 09:10:13,4624,SRV-DC-01,h.peretz,3,WKS-IT-08,,,,
2026-08-18 09:10:15,5140,SRV-DC-01,h.peretz,3,WKS-IT-08,,,,\\SRV-DC-01\IT
2026-08-18 09:11:31,4624,WKS-HQ-07,o.raviv,2,WKS-HQ-07,,,,
2026-08-18 09:13:38,4624,SRV-POSMGT,p.stein,3,WKS-HQ-26,,,,
2026-08-18 09:22:37,4624,SRV-FILE-HQ,d.levi,3,WKS-SEC-10,,,,
2026-08-18 09:35:14,4624,SRV-CARDPROC,r.stern,3,WKS-PAY-02,,,,
2026-08-18 09:39:18,4624,SRV-DC-01,e.katz,3,WKS-SEC-03,,,,
2026-08-18 09:54:06,4624,SRV-FILE-HQ,m.tal,3,WKS-HQ-18,,,,
2026-08-18 10:06:00,4624,SRV-CARDPROC,s.arbel,3,WKS-PAY-11,,,,
2026-08-18 10:06:02,5140,SRV-CARDPROC,s.arbel,3,WKS-PAY-11,,,,\\SRV-CARDPROC\Payments
2026-08-18 10:08:38,4769,SRV-DC-01,p.stein,,WKS-HQ-26,cifs_svc,,,CIFS/srv-file-hq.northgate.local
2026-08-18 10:12:02,4769,SRV-DC-01,n.barzilai,,WKS-HQ-04,http_svc,,,HTTP/web-supplier.northgate.local
2026-08-18 10:21:08,4769,SRV-DC-01,l.beit,,WKS-HQ-13,http_svc,,,HTTP/web-supplier.northgate.local
2026-08-18 10:23:14,4769,SRV-DC-01,r.stern,,WKS-PAY-02,cifs_svc,,,CIFS/srv-file-hq.northgate.local
2026-08-18 10:25:42,4624,SRV-FILE-HQ,v.harel,3,WKS-HQ-24,,,,
2026-08-18 10:25:44,5140,SRV-FILE-HQ,v.harel,3,WKS-HQ-24,,,,\\SRV-FILE-HQ\Branches
2026-08-18 10:46:59,4769,SRV-DC-01,k.oz,,WKS-HQ-20,cifs_svc,,,CIFS/srv-file-hq.northgate.local
2026-08-18 10:47:06,4624,SRV-FILE-HQ,m.tal,3,WKS-HQ-18,,,,
2026-08-18 10:52:41,4769,SRV-DC-01,z.amar,,WKS-HQ-25,http_svc,,,HTTP/web-supplier.northgate.local
2026-08-18 11:00:41,4688,WKS-HQ-21,b.naim,,,,excel.exe,excel.exe /dde,
2026-08-18 11:01:40,4624,SRV-FILE-HQ,r.avni,3,WKS-HQ-14,,,,
2026-08-18 11:04:41,4624,SRV-FILE-HQ,z.amar,3,WKS-HQ-25,,,,
2026-08-18 11:04:43,5140,SRV-FILE-HQ,z.amar,3,WKS-HQ-25,,,,\\SRV-FILE-HQ\Branches
2026-08-18 11:07:00,4624,SRV-FILE-HQ,s.arbel,3,WKS-PAY-11,,,,
2026-08-18 11:09:19,4624,SRV-FILE-HQ,a.dahan,3,WKS-HQ-17,,,,
2026-08-18 11:11:38,4624,SRV-FILE-HQ,p.stein,3,WKS-HQ-26,,,,
2026-08-18 11:25:27,4624,SRV-DC-01,m.saban,3,WKS-IT-09,,,,
2026-08-18 11:25:29,5140,SRV-DC-01,m.saban,3,WKS-IT-09,,,,\\SRV-DC-01\IT
2026-08-18 11:40:02,4624,SRV-FILE-HQ,n.barzilai,3,WKS-HQ-04,,,,
2026-08-18 11:40:04,5140,SRV-FILE-HQ,n.barzilai,3,WKS-HQ-04,,,,\\SRV-FILE-HQ\Finance
2026-08-18 11:41:38,4688,WKS-HQ-26,p.stein,,,,teams.exe,teams.exe --system-initiated,
2026-08-18 11:58:14,4769,SRV-DC-01,c.barak,,WKS-HQ-27,mssqlsvc_svc,,,MSSQLSvc/srv-posmgt.northgate.local:1433
2026-08-18 12:01:57,4769,SRV-DC-01,u.regev,,WKS-HQ-28,cifs_svc,,,CIFS/srv-file-hq.northgate.local
2026-08-18 12:02:13,4624,SRV-FILE-HQ,h.peretz,3,WKS-IT-08,,,,
2026-08-18 12:06:31,4769,SRV-DC-01,o.raviv,,WKS-HQ-07,mssqlsvc_svc,,,MSSQLSvc/srv-posmgt.northgate.local:1433
2026-08-18 12:07:16,4624,SRV-FILE-HQ,y.oren,3,WKS-HQ-05,,,,
2026-08-18 12:07:18,5140,SRV-FILE-HQ,y.oren,3,WKS-HQ-05,,,,\\SRV-FILE-HQ\Procurement
2026-08-18 12:12:42,4624,SRV-POSMGT,v.harel,3,WKS-HQ-24,,,,
2026-08-18 12:15:41,4769,SRV-DC-01,b.naim,,WKS-HQ-21,mssqlsvc_svc,,,MSSQLSvc/srv-posmgt.northgate.local:1433
2026-08-18 12:17:13,4769,SRV-DC-01,h.peretz,,WKS-IT-08,mssqlsvc_svc,,,MSSQLSvc/srv-posmgt.northgate.local:1433
2026-08-18 12:18:16,4624,SRV-FILE-HQ,y.oren,3,WKS-HQ-05,,,,
2026-08-18 12:18:18,5140,SRV-FILE-HQ,y.oren,3,WKS-HQ-05,,,,\\SRV-FILE-HQ\Procurement
2026-08-18 12:18:42,4769,SRV-DC-01,v.harel,,WKS-HQ-24,mssqlsvc_svc,,,MSSQLSvc/srv-cardproc.northgate.local:1433
2026-08-18 12:26:06,4769,SRV-DC-01,n.hazan,,WKS-HQ-15,mssqlsvc_svc,,,MSSQLSvc/srv-cardproc.northgate.local:1433
2026-08-18 12:30:57,4688,WKS-HQ-22,i.golan,,,,outlook.exe,outlook.exe /recycle,
2026-08-18 12:40:42,4624,SRV-DC-01,a.mizrahi,3,WKS-IT-01,,,,
2026-08-18 12:40:44,5140,SRV-DC-01,a.mizrahi,3,WKS-IT-01,,,,\\SRV-DC-01\IT
2026-08-18 12:45:37,4769,SRV-DC-01,d.levi,,WKS-SEC-10,mssqlsvc_svc,,,MSSQLSvc/srv-posmgt.northgate.local:1433
2026-08-18 12:52:14,4769,SRV-DC-01,r.stern,,WKS-PAY-02,cifs_svc,,,CIFS/srv-file-hq.northgate.local
2026-08-18 12:54:57,4769,SRV-DC-01,i.golan,,WKS-HQ-22,mssqlsvc_svc,,,MSSQLSvc/srv-cardproc.northgate.local:1433
2026-08-18 13:03:51,4624,SRV-FILE-HQ,t.hadar,3,WKS-PAY-12,,,,
2026-08-18 13:03:53,5140,SRV-FILE-HQ,t.hadar,3,WKS-PAY-12,,,,\\SRV-FILE-HQ\Payments
2026-08-18 13:08:42,4769,SRV-DC-01,a.mizrahi,,WKS-IT-01,mssqlsvc_svc,,,MSSQLSvc/srv-posmgt.northgate.local:1433
2026-08-18 13:21:00,4624,SRV-FILE-HQ,s.arbel,3,WKS-PAY-11,,,,
2026-08-18 13:21:02,5140,SRV-FILE-HQ,s.arbel,3,WKS-PAY-11,,,,\\SRV-FILE-HQ\Payments
2026-08-18 13:23:00,4769,SRV-DC-01,s.arbel,,WKS-PAY-11,http_svc,,,HTTP/web-supplier.northgate.local
2026-08-18 13:28:14,4624,SRV-CARDPROC,r.stern,3,WKS-PAY-02,,,,
2026-08-18 13:28:16,5140,SRV-CARDPROC,r.stern,3,WKS-PAY-02,,,,\\SRV-CARDPROC\Payments
2026-08-18 13:37:41,4769,SRV-DC-01,z.amar,,WKS-HQ-25,mssqlsvc_svc,,,MSSQLSvc/srv-posmgt.northgate.local:1433
2026-08-18 13:39:14,4769,SRV-DC-01,c.barak,,WKS-HQ-27,http_svc,,,HTTP/web-supplier.northgate.local
2026-08-18 13:40:57,4624,SRV-FILE-HQ,u.regev,3,WKS-HQ-28,,,,
2026-08-18 13:44:19,4624,SRV-FILE-HQ,a.dahan,3,WKS-HQ-17,,,,
2026-08-18 13:45:42,4688,WKS-IT-01,a.mizrahi,,,,outlook.exe,outlook.exe /recycle,
2026-08-18 13:47:59,4624,SRV-FILE-HQ,k.oz,3,WKS-HQ-20,,,,
2026-08-18 13:48:01,5140,SRV-FILE-HQ,k.oz,3,WKS-HQ-20,,,,\\SRV-FILE-HQ\Logistics
2026-08-18 13:48:08,4624,SRV-FILE-HQ,l.beit,3,WKS-HQ-13,,,,
2026-08-18 13:50:42,4769,SRV-DC-01,a.mizrahi,,WKS-IT-01,cifs_svc,,,CIFS/srv-file-hq.northgate.local
2026-08-18 14:01:31,4624,SRV-FILE-HQ,o.raviv,3,WKS-HQ-07,,,,
2026-08-18 14:07:13,4624,SRV-DC-01,h.peretz,3,WKS-IT-08,,,,
2026-08-18 14:19:06,4624,SRV-FILE-HQ,n.hazan,3,WKS-HQ-15,,,,
2026-08-18 14:19:08,5140,SRV-FILE-HQ,n.hazan,3,WKS-HQ-15,,,,\\SRV-FILE-HQ\Finance
2026-08-18 14:30:51,4624,SRV-FILE-HQ,t.hadar,3,WKS-PAY-12,,,,
2026-08-18 14:36:06,4624,SRV-FILE-HQ,n.hazan,3,WKS-HQ-15,,,,
2026-08-18 14:36:57,4624,SRV-POSMGT,i.golan,3,WKS-HQ-22,,,,
2026-08-18 14:37:36,4624,SRV-CARDPROC,g.ben-ari,3,WKS-PAY-30,,,,
2026-08-18 14:39:42,4624,SRV-FILE-HQ,v.harel,3,WKS-HQ-24,,,,
2026-08-18 14:41:16,4624,SRV-FILE-HQ,y.oren,3,WKS-HQ-05,,,,
2026-08-18 14:42:08,4624,SRV-FILE-HQ,l.beit,3,WKS-HQ-13,,,,
2026-08-18 14:45:57,4769,SRV-DC-01,u.regev,,WKS-HQ-28,cifs_svc,,,CIFS/srv-file-hq.northgate.local
2026-08-18 14:48:27,4624,SRV-DC-01,m.saban,3,WKS-IT-09,,,,
2026-08-18 14:48:29,5140,SRV-DC-01,m.saban,3,WKS-IT-09,,,,\\SRV-DC-01\IT
2026-08-18 14:52:14,4624,SRV-FILE-HQ,c.barak,3,WKS-HQ-27,,,,
2026-08-18 14:58:18,4624,SRV-DC-01,e.katz,3,WKS-SEC-03,,,,
2026-08-18 14:58:59,4624,SRV-FILE-HQ,k.oz,3,WKS-HQ-20,,,,
2026-08-18 14:59:01,5140,SRV-FILE-HQ,k.oz,3,WKS-HQ-20,,,,\\SRV-FILE-HQ\Logistics
2026-08-18 15:03:37,4769,SRV-DC-01,d.levi,,WKS-SEC-10,mssqlsvc_svc,,,MSSQLSvc/srv-cardproc.northgate.local:1433
2026-08-18 15:12:40,4769,SRV-DC-01,r.avni,,WKS-HQ-14,http_svc,,,HTTP/web-supplier.northgate.local
2026-08-18 15:13:36,4769,SRV-DC-01,g.ben-ari,,WKS-PAY-30,mssqlsvc_svc,,,MSSQLSvc/srv-posmgt.northgate.local:1433
2026-08-18 15:14:31,4688,WKS-HQ-07,o.raviv,,,,winword.exe,winword.exe /w,
2026-08-18 15:15:42,4624,SRV-DC-01,a.mizrahi,3,WKS-IT-01,,,,
2026-08-18 15:19:38,4769,SRV-DC-01,p.stein,,WKS-HQ-26,http_svc,,,HTTP/web-supplier.northgate.local
2026-08-18 15:24:02,4624,SRV-FILE-HQ,n.barzilai,3,WKS-HQ-04,,,,
2026-08-18 15:25:19,4769,SRV-DC-01,a.dahan,,WKS-HQ-17,http_svc,,,HTTP/web-supplier.northgate.local
2026-08-18 15:35:51,4624,SRV-FILE-HQ,y.segev,3,WKS-HQ-19,,,,
2026-08-18 15:35:53,5140,SRV-FILE-HQ,y.segev,3,WKS-HQ-19,,,,\\SRV-FILE-HQ\Logistics
2026-08-18 15:41:40,4624,SRV-FILE-HQ,r.avni,3,WKS-HQ-14,,,,
2026-08-18 15:46:08,4624,SRV-FILE-HQ,l.beit,3,WKS-HQ-13,,,,
2026-08-18 15:46:10,5140,SRV-FILE-HQ,l.beit,3,WKS-HQ-13,,,,\\SRV-FILE-HQ\Vendors
2026-08-18 15:46:35,4634,WKS-HQ-24,v.harel,2,,,,,
2026-08-18 15:50:51,4769,SRV-DC-01,y.segev,,WKS-HQ-19,mssqlsvc_svc,,,MSSQLSvc/srv-cardproc.northgate.local:1433
2026-08-18 16:09:14,4769,SRV-DC-01,r.stern,,WKS-PAY-02,http_svc,,,HTTP/web-supplier.northgate.local
2026-08-18 16:11:40,4634,WKS-HQ-26,p.stein,2,,,,,
2026-08-18 16:16:19,4769,SRV-DC-01,a.dahan,,WKS-HQ-17,http_svc,,,HTTP/web-supplier.northgate.local
2026-08-18 16:17:06,4769,SRV-DC-01,m.tal,,WKS-HQ-18,cifs_svc,,,CIFS/srv-file-hq.northgate.local
2026-08-18 16:19:18,4624,SRV-FILE-HQ,e.katz,3,WKS-SEC-03,,,,
2026-08-18 16:19:20,5140,SRV-FILE-HQ,e.katz,3,WKS-SEC-03,,,,\\SRV-FILE-HQ\IT
2026-08-18 16:21:42,4634,WKS-HQ-25,z.amar,2,,,,,
2026-08-18 16:22:37,4624,SRV-FILE-HQ,d.levi,3,WKS-SEC-10,,,,
2026-08-18 16:26:37,4624,SRV-FILE-HQ,d.levi,3,WKS-SEC-10,,,,
2026-08-18 16:26:39,5140,SRV-FILE-HQ,d.levi,3,WKS-SEC-10,,,,\\SRV-FILE-HQ\IT
2026-08-18 16:27:29,4634,WKS-HQ-22,i.golan,2,,,,,
2026-08-18 16:35:03,4634,WKS-IT-01,a.mizrahi,2,,,,,
2026-08-18 16:35:42,4624,SRV-FILE-HQ,a.mizrahi,3,WKS-IT-01,,,,
2026-08-18 16:42:42,4634,WKS-PAY-11,s.arbel,2,,,,,
2026-08-18 16:45:42,4634,WKS-HQ-20,k.oz,2,,,,,
2026-08-18 16:55:04,4634,WKS-HQ-13,l.beit,2,,,,,
2026-08-18 16:57:42,4634,WKS-HQ-28,u.regev,2,,,,,
2026-08-18 16:58:08,4624,SRV-FILE-HQ,l.beit,3,WKS-HQ-13,,,,
2026-08-18 16:59:59,4634,WKS-HQ-15,n.hazan,2,,,,,
2026-08-18 17:06:27,4769,SRV-DC-01,m.saban,,WKS-IT-09,cifs_svc,,,CIFS/srv-file-hq.northgate.local
2026-08-18 17:08:56,4634,WKS-PAY-12,t.hadar,2,,,,,
2026-08-18 17:09:00,4634,WKS-HQ-06,g.shemesh,2,,,,,
2026-08-18 17:09:40,4634,WKS-SEC-10,d.levi,2,,,,,
2026-08-18 17:11:28,4634,WKS-PAY-02,r.stern,2,,,,,
2026-08-18 17:21:59,4634,WKS-HQ-21,b.naim,2,,,,,
2026-08-18 17:33:29,4634,WKS-HQ-07,o.raviv,2,,,,,
2026-08-18 17:41:42,4634,WKS-SEC-03,e.katz,2,,,,,
2026-08-18 17:45:32,4634,WKS-HQ-23,s.mor,2,,,,,
2026-08-18 17:47:11,4634,WKS-HQ-17,a.dahan,2,,,,,
2026-08-18 17:51:31,4634,WKS-HQ-14,r.avni,2,,,,,
2026-08-18 17:52:26,4634,WKS-IT-09,m.saban,2,,,,,
2026-08-18 18:06:40,4634,WKS-PAY-30,g.ben-ari,2,,,,,
2026-08-18 18:16:51,4634,WKS-IT-29,f.zohar,2,,,,,
2026-08-18 18:17:58,4634,WKS-HQ-05,y.oren,2,,,,,
2026-08-18 18:21:12,4634,WKS-HQ-19,y.segev,2,,,,,
2026-08-18 18:41:17,4634,WKS-IT-08,h.peretz,2,,,,,
2026-08-18 18:47:10,4634,WKS-HQ-18,m.tal,2,,,,,
2026-08-18 18:50:07,4634,WKS-HQ-27,c.barak,2,,,,,
2026-08-18 19:16:08,4634,WKS-HQ-04,n.barzilai,2,,,,,
2026-08-19 03:10:01,4688,SRV-STAGE-01,r.stern,,,,ngarch.exe,ngarch.exe -a -q -o D:\temp\ngsync-0819.dat \\SRV-STAGE-01\temp\*.log.1,
2026-08-19 06:32:23,4624,WKS-HQ-25,z.amar,2,WKS-HQ-25,,,,
2026-08-19 07:26:50,4624,WKS-HQ-23,s.mor,2,WKS-HQ-23,,,,
2026-08-19 07:30:00,4698,SRV-VEND-APP,IIS APPPOOL\supplier,,,NGSupplierSync,,schtasks /delete /tn NGSupplierSync /f,\NGSupplierSync
2026-08-19 07:41:22,4624,WKS-HQ-26,p.stein,2,WKS-HQ-26,,,,
2026-08-19 07:52:22,4769,SRV-DC-01,p.stein,,WKS-HQ-26,cifs_svc,,,CIFS/srv-file-hq.northgate.local
2026-08-19 08:01:55,4624,WKS-PAY-11,s.arbel,2,WKS-PAY-11,,,,
2026-08-19 08:05:32,4624,WKS-HQ-24,v.harel,2,WKS-HQ-24,,,,
2026-08-19 08:17:38,4624,WKS-HQ-28,u.regev,2,WKS-HQ-28,,,,
2026-08-19 08:17:41,4624,WKS-HQ-13,l.beit,2,WKS-HQ-13,,,,
2026-08-19 08:21:50,4624,WKS-IT-01,a.mizrahi,2,WKS-IT-01,,,,
2026-08-19 08:21:51,4672,WKS-IT-01,a.mizrahi,2,,,,,
2026-08-19 08:23:04,4624,WKS-PAY-12,t.hadar,2,WKS-PAY-12,,,,
2026-08-19 08:24:57,4624,WKS-HQ-16,e.shalom,2,WKS-HQ-16,,,,
2026-08-19 08:26:21,4624,WKS-HQ-20,k.oz,2,WKS-HQ-20,,,,
2026-08-19 08:30:28,4624,WKS-HQ-19,y.segev,2,WKS-HQ-19,,,,
2026-08-19 08:31:12,4624,WKS-IT-29,f.zohar,2,WKS-IT-29,,,,
2026-08-19 08:35:20,4624,WKS-HQ-27,c.barak,2,WKS-HQ-27,,,,
2026-08-19 08:42:32,4769,SRV-DC-01,v.harel,,WKS-HQ-24,cifs_svc,,,CIFS/srv-file-hq.northgate.local
2026-08-19 08:42:55,4769,SRV-DC-01,s.arbel,,WKS-PAY-11,mssqlsvc_svc,,,MSSQLSvc/srv-posmgt.northgate.local:1433
2026-08-19 08:44:12,4769,SRV-DC-01,f.zohar,,WKS-IT-29,mssqlsvc_svc,,,MSSQLSvc/srv-posmgt.northgate.local:1433
2026-08-19 08:46:37,4624,WKS-HQ-05,y.oren,2,WKS-HQ-05,,,,
2026-08-19 08:46:56,4624,WKS-HQ-06,g.shemesh,2,WKS-HQ-06,,,,
2026-08-19 08:49:15,4624,WKS-HQ-07,o.raviv,2,WKS-HQ-07,,,,
2026-08-19 08:50:36,4624,WKS-SEC-10,d.levi,2,WKS-SEC-10,,,,
2026-08-19 08:50:38,4624,WKS-HQ-21,b.naim,2,WKS-HQ-21,,,,
2026-08-19 08:56:48,4624,WKS-IT-09,m.saban,2,WKS-IT-09,,,,
2026-08-19 08:59:07,4624,WKS-HQ-15,n.hazan,2,WKS-HQ-15,,,,
2026-08-19 09:05:24,4624,WKS-IT-08,h.peretz,2,WKS-IT-08,,,,
2026-08-19 09:16:02,4624,WKS-HQ-04,n.barzilai,2,WKS-HQ-04,,,,
2026-08-19 09:21:57,4688,WKS-HQ-16,e.shalom,,,,winword.exe,winword.exe /w,
2026-08-19 09:23:07,4769,SRV-DC-01,n.hazan,,WKS-HQ-15,mssqlsvc_svc,,,MSSQLSvc/srv-posmgt.northgate.local:1433
2026-08-19 09:26:36,4624,SRV-DC-01,d.levi,3,WKS-SEC-10,,,,
2026-08-19 09:27:36,4624,SRV-DC-01,d.levi,3,WKS-SEC-10,,,,
2026-08-19 09:30:50,4624,SRV-DC-01,a.mizrahi,3,WKS-IT-01,,,,
2026-08-19 09:34:07,4624,SRV-FILE-HQ,n.hazan,3,WKS-HQ-15,,,,
2026-08-19 09:34:21,4624,WKS-HQ-18,m.tal,2,WKS-HQ-18,,,,
2026-08-19 09:47:50,4624,SRV-DC-01,a.mizrahi,3,WKS-IT-01,,,,
2026-08-19 09:47:52,5140,SRV-DC-01,a.mizrahi,3,WKS-IT-01,,,,\\SRV-DC-01\IT
2026-08-19 09:51:22,4624,SRV-FILE-HQ,p.stein,3,WKS-HQ-26,,,,
2026-08-19 09:51:24,5140,SRV-FILE-HQ,p.stein,3,WKS-HQ-26,,,,\\SRV-FILE-HQ\Branches
2026-08-19 09:55:04,4624,SRV-FILE-HQ,t.hadar,3,WKS-PAY-12,,,,
2026-08-19 09:55:06,5140,SRV-FILE-HQ,t.hadar,3,WKS-PAY-12,,,,\\SRV-FILE-HQ\Payments
2026-08-19 09:57:57,4624,SRV-FILE-HQ,e.shalom,3,WKS-HQ-16,,,,
2026-08-19 10:00:04,4769,SRV-DC-01,t.hadar,,WKS-PAY-12,cifs_svc,,,CIFS/srv-file-hq.northgate.local
2026-08-19 10:01:15,4624,SRV-FILE-HQ,o.raviv,3,WKS-HQ-07,,,,
2026-08-19 10:01:17,5140,SRV-FILE-HQ,o.raviv,3,WKS-HQ-07,,,,\\SRV-FILE-HQ\Finance
2026-08-19 10:01:41,4624,SRV-FILE-HQ,l.beit,3,WKS-HQ-13,,,,
2026-08-19 10:05:24,4769,SRV-DC-01,h.peretz,,WKS-IT-08,http_svc,,,HTTP/web-supplier.northgate.local
2026-08-19 10:08:21,4688,WKS-HQ-20,k.oz,,,,winword.exe,winword.exe /w,
2026-08-19 10:23:23,4624,SRV-FILE-HQ,z.amar,3,WKS-HQ-25,,,,
2026-08-19 10:23:25,5140,SRV-FILE-HQ,z.amar,3,WKS-HQ-25,,,,\\SRV-FILE-HQ\Branches
2026-08-19 10:26:36,4624,SRV-FILE-HQ,d.levi,3,WKS-SEC-10,,,,
2026-08-19 10:35:41,4624,SRV-FILE-HQ,l.beit,3,WKS-HQ-13,,,,
2026-08-19 10:35:43,5140,SRV-FILE-HQ,l.beit,3,WKS-HQ-13,,,,\\SRV-FILE-HQ\Procurement
2026-08-19 10:48:04,4624,SRV-FILE-HQ,t.hadar,3,WKS-PAY-12,,,,
2026-08-19 10:48:06,5140,SRV-FILE-HQ,t.hadar,3,WKS-PAY-12,,,,\\SRV-FILE-HQ\Payments
2026-08-19 10:57:02,4769,SRV-DC-01,n.barzilai,,WKS-HQ-04,http_svc,,,HTTP/web-supplier.northgate.local
2026-08-19 11:08:24,4624,SRV-DC-01,h.peretz,3,WKS-IT-08,,,,
2026-08-19 11:08:26,5140,SRV-DC-01,h.peretz,3,WKS-IT-08,,,,\\SRV-DC-01\IT
2026-08-19 11:26:07,4624,SRV-FILE-HQ,n.hazan,3,WKS-HQ-15,,,,
2026-08-19 11:26:09,5140,SRV-FILE-HQ,n.hazan,3,WKS-HQ-15,,,,\\SRV-FILE-HQ\Finance
2026-08-19 11:26:38,4769,SRV-DC-01,u.regev,,WKS-HQ-28,cifs_svc,,,CIFS/srv-file-hq.northgate.local
2026-08-19 11:27:28,4624,SRV-FILE-HQ,y.segev,3,WKS-HQ-19,,,,
2026-08-19 11:27:50,4769,SRV-DC-01,s.mor,,WKS-HQ-23,http_svc,,,HTTP/web-supplier.northgate.local
2026-08-19 11:31:07,4624,SRV-FILE-HQ,n.hazan,3,WKS-HQ-15,,,,
2026-08-19 11:33:50,4769,SRV-DC-01,s.mor,,WKS-HQ-23,mssqlsvc_svc,,,MSSQLSvc/srv-posmgt.northgate.local:1433
2026-08-19 11:35:36,4769,SRV-DC-01,d.levi,,WKS-SEC-10,cifs_svc,,,CIFS/srv-file-hq.northgate.local
2026-08-19 11:44:22,4769,SRV-DC-01,p.stein,,WKS-HQ-26,mssqlsvc_svc,,,MSSQLSvc/srv-cardproc.northgate.local:1433
2026-08-19 11:50:36,4769,SRV-DC-01,d.levi,,WKS-SEC-10,cifs_svc,,,CIFS/srv-file-hq.northgate.local
2026-08-19 11:58:07,4769,SRV-DC-01,n.hazan,,WKS-HQ-15,mssqlsvc_svc,,,MSSQLSvc/srv-cardproc.northgate.local:1433
2026-08-19 12:01:56,4769,SRV-DC-01,g.shemesh,,WKS-HQ-06,cifs_svc,,,CIFS/srv-file-hq.northgate.local
2026-08-19 12:03:24,4688,WKS-IT-08,h.peretz,,,,excel.exe,excel.exe /dde,
2026-08-19 12:04:22,4624,SRV-FILE-HQ,p.stein,3,WKS-HQ-26,,,,
2026-08-19 12:04:41,4624,SRV-FILE-HQ,l.beit,3,WKS-HQ-13,,,,
2026-08-19 12:15:32,4769,SRV-DC-01,v.harel,,WKS-HQ-24,mssqlsvc_svc,,,MSSQLSvc/srv-cardproc.northgate.local:1433
2026-08-19 12:16:55,4624,SRV-CARDPROC,s.arbel,3,WKS-PAY-11,,,,
2026-08-19 12:18:55,4769,SRV-DC-01,s.arbel,,WKS-PAY-11,cifs_svc,,,CIFS/srv-file-hq.northgate.local
2026-08-19 12:18:56,4624,SRV-FILE-HQ,g.shemesh,3,WKS-HQ-06,,,,
2026-08-19 12:19:48,4624,SRV-FILE-HQ,m.saban,3,WKS-IT-09,,,,
2026-08-19 12:19:50,5140,SRV-FILE-HQ,m.saban,3,WKS-IT-09,,,,\\SRV-FILE-HQ\IT
2026-08-19 12:20:24,4624,SRV-DC-01,h.peretz,3,WKS-IT-08,,,,
2026-08-19 12:20:26,5140,SRV-DC-01,h.peretz,3,WKS-IT-08,,,,\\SRV-DC-01\IT
2026-08-19 12:20:38,4688,WKS-HQ-28,u.regev,,,,teams.exe,teams.exe --system-initiated,
2026-08-19 12:24:37,4624,SRV-FILE-HQ,y.oren,3,WKS-HQ-05,,,,
2026-08-19 12:24:55,4624,SRV-FILE-HQ,s.arbel,3,WKS-PAY-11,,,,
2026-08-19 12:24:57,5140,SRV-FILE-HQ,s.arbel,3,WKS-PAY-11,,,,\\SRV-FILE-HQ\Payments
2026-08-19 12:29:20,4769,SRV-DC-01,c.barak,,WKS-HQ-27,mssqlsvc_svc,,,MSSQLSvc/srv-cardproc.northgate.local:1433
2026-08-19 12:56:15,4624,SRV-FILE-HQ,o.raviv,3,WKS-HQ-07,,,,
2026-08-19 13:11:38,4624,SRV-FILE-HQ,u.regev,3,WKS-HQ-28,,,,
2026-08-19 13:12:21,4624,SRV-FILE-HQ,m.tal,3,WKS-HQ-18,,,,
2026-08-19 13:19:50,4769,SRV-DC-01,a.mizrahi,,WKS-IT-01,http_svc,,,HTTP/web-supplier.northgate.local
2026-08-19 13:39:24,4624,SRV-FILE-HQ,h.peretz,3,WKS-IT-08,,,,
2026-08-19 13:43:41,4688,WKS-HQ-13,l.beit,,,,chrome.exe,chrome.exe --restore-last-session,
2026-08-19 13:45:12,4769,SRV-DC-01,f.zohar,,WKS-IT-29,http_svc,,,HTTP/web-supplier.northgate.local
2026-08-19 13:47:12,4688,WKS-IT-29,f.zohar,,,,outlook.exe,outlook.exe /recycle,
2026-08-19 13:47:50,4624,SRV-FILE-HQ,s.mor,3,WKS-HQ-23,,,,
2026-08-19 13:47:52,5140,SRV-FILE-HQ,s.mor,3,WKS-HQ-23,,,,\\SRV-FILE-HQ\Branches
2026-08-19 13:58:21,4624,SRV-FILE-HQ,k.oz,3,WKS-HQ-20,,,,
2026-08-19 14:03:02,4769,SRV-DC-01,n.barzilai,,WKS-HQ-04,http_svc,,,HTTP/web-supplier.northgate.local
2026-08-19 14:04:38,4624,SRV-FILE-HQ,u.regev,3,WKS-HQ-28,,,,
2026-08-19 14:04:40,5140,SRV-FILE-HQ,u.regev,3,WKS-HQ-28,,,,\\SRV-FILE-HQ\Marketing
2026-08-19 14:05:32,4624,SRV-FILE-HQ,v.harel,3,WKS-HQ-24,,,,
2026-08-19 14:05:34,5140,SRV-FILE-HQ,v.harel,3,WKS-HQ-24,,,,\\SRV-FILE-HQ\Branches
2026-08-19 14:12:32,4624,SRV-FILE-HQ,v.harel,3,WKS-HQ-24,,,,
2026-08-19 14:16:41,4624,SRV-FILE-HQ,l.beit,3,WKS-HQ-13,,,,
2026-08-19 14:16:43,5140,SRV-FILE-HQ,l.beit,3,WKS-HQ-13,,,,\\SRV-FILE-HQ\Vendors
2026-08-19 14:24:50,4688,WKS-HQ-23,s.mor,,,,winword.exe,winword.exe /w,
2026-08-19 14:27:38,4769,SRV-DC-01,b.naim,,WKS-HQ-21,mssqlsvc_svc,,,MSSQLSvc/srv-posmgt.northgate.local:1433
2026-08-19 14:32:36,4624,SRV-FILE-HQ,d.levi,3,WKS-SEC-10,,,,
2026-08-19 14:38:23,4624,SRV-POSMGT,z.amar,3,WKS-HQ-25,,,,
2026-08-19 14:40:22,4624,SRV-FILE-HQ,p.stein,3,WKS-HQ-26,,,,
2026-08-19 14:44:23,4769,SRV-DC-01,z.amar,,WKS-HQ-25,mssqlsvc_svc,,,MSSQLSvc/srv-cardproc.northgate.local:1433
2026-08-19 14:55:04,4624,SRV-CARDPROC,t.hadar,3,WKS-PAY-12,,,,
2026-08-19 14:55:06,5140,SRV-CARDPROC,t.hadar,3,WKS-PAY-12,,,,\\SRV-CARDPROC\Payments
2026-08-19 14:57:50,4624,SRV-DC-01,a.mizrahi,3,WKS-IT-01,,,,
2026-08-19 14:57:52,5140,SRV-DC-01,a.mizrahi,3,WKS-IT-01,,,,\\SRV-DC-01\IT
2026-08-19 15:02:50,4769,SRV-DC-01,a.mizrahi,,WKS-IT-01,mssqlsvc_svc,,,MSSQLSvc/srv-cardproc.northgate.local:1433
2026-08-19 15:08:22,4624,SRV-POSMGT,p.stein,3,WKS-HQ-26,,,,
2026-08-19 15:09:32,4769,SRV-DC-01,v.harel,,WKS-HQ-24,mssqlsvc_svc,,,MSSQLSvc/srv-cardproc.northgate.local:1433
2026-08-19 15:12:48,4624,SRV-DC-01,m.saban,3,WKS-IT-09,,,,
2026-08-19 15:12:50,5140,SRV-DC-01,m.saban,3,WKS-IT-09,,,,\\SRV-DC-01\IT
2026-08-19 15:20:38,4624,SRV-FILE-HQ,u.regev,3,WKS-HQ-28,,,,
2026-08-19 15:20:40,5140,SRV-FILE-HQ,u.regev,3,WKS-HQ-28,,,,\\SRV-FILE-HQ\Marketing
2026-08-19 15:31:07,4769,SRV-DC-01,n.hazan,,WKS-HQ-15,mssqlsvc_svc,,,MSSQLSvc/srv-posmgt.northgate.local:1433
2026-08-19 15:39:22,4688,WKS-HQ-26,p.stein,,,,winword.exe,winword.exe /w,
2026-08-19 15:47:20,4769,SRV-DC-01,c.barak,,WKS-HQ-27,http_svc,,,HTTP/web-supplier.northgate.local
2026-08-19 15:48:50,4624,SRV-DC-01,a.mizrahi,3,WKS-IT-01,,,,
2026-08-19 15:54:48,4769,SRV-DC-01,m.saban,,WKS-IT-09,mssqlsvc_svc,,,MSSQLSvc/srv-posmgt.northgate.local:1433
2026-08-19 15:59:41,4769,SRV-DC-01,l.beit,,WKS-HQ-13,mssqlsvc_svc,,,MSSQLSvc/srv-posmgt.northgate.local:1433
2026-08-19 16:03:12,4634,WKS-HQ-26,p.stein,2,,,,,
2026-08-19 16:03:12,4624,SRV-FILE-HQ,f.zohar,3,WKS-IT-29,,,,
2026-08-19 16:05:12,4624,SRV-DC-01,f.zohar,3,WKS-IT-29,,,,
2026-08-19 16:15:04,4769,SRV-DC-01,t.hadar,,WKS-PAY-12,http_svc,,,HTTP/web-supplier.northgate.local
2026-08-19 16:18:58,4634,WKS-HQ-28,u.regev,2,,,,,
2026-08-19 16:19:02,4624,SRV-FILE-HQ,n.barzilai,3,WKS-HQ-04,,,,
2026-08-19 16:21:48,4769,SRV-DC-01,m.saban,,WKS-IT-09,mssqlsvc_svc,,,MSSQLSvc/srv-cardproc.northgate.local:1433
2026-08-19 16:25:15,4769,SRV-DC-01,o.raviv,,WKS-HQ-07,mssqlsvc_svc,,,MSSQLSvc/srv-posmgt.northgate.local:1433
2026-08-19 16:29:38,4769,SRV-DC-01,u.regev,,WKS-HQ-28,mssqlsvc_svc,,,MSSQLSvc/srv-cardproc.northgate.local:1433
2026-08-19 16:39:48,4624,SRV-DC-01,m.saban,3,WKS-IT-09,,,,
2026-08-19 16:39:50,5140,SRV-DC-01,m.saban,3,WKS-IT-09,,,,\\SRV-DC-01\IT
2026-08-19 16:41:07,4769,SRV-DC-01,n.hazan,,WKS-HQ-15,mssqlsvc_svc,,,MSSQLSvc/srv-posmgt.northgate.local:1433
2026-08-19 16:41:21,4624,SRV-FILE-HQ,k.oz,3,WKS-HQ-20,,,,
2026-08-19 16:44:15,4624,SRV-FILE-HQ,o.raviv,3,WKS-HQ-07,,,,
2026-08-19 16:45:02,4634,WKS-PAY-12,t.hadar,2,,,,,
2026-08-19 16:53:17,4634,WKS-HQ-25,z.amar,2,,,,,
2026-08-19 17:00:23,4634,WKS-HQ-24,v.harel,2,,,,,
2026-08-19 17:01:26,4634,WKS-HQ-21,b.naim,2,,,,,
2026-08-19 17:02:37,4769,SRV-DC-01,y.oren,,WKS-HQ-05,http_svc,,,HTTP/web-supplier.northgate.local
2026-08-19 17:10:25,4634,WKS-PAY-11,s.arbel,2,,,,,
2026-08-19 17:14:48,4769,SRV-DC-01,m.saban,,WKS-IT-09,cifs_svc,,,CIFS/srv-file-hq.northgate.local
2026-08-19 17:23:17,4634,WKS-HQ-23,s.mor,2,,,,,
2026-08-19 17:28:07,4634,WKS-HQ-13,l.beit,2,,,,,
2026-08-19 17:33:26,4634,WKS-HQ-04,n.barzilai,2,,,,,
2026-08-19 17:33:30,4634,WKS-HQ-16,e.shalom,2,,,,,
2026-08-19 17:55:44,4634,WKS-IT-29,f.zohar,2,,,,,
2026-08-19 18:05:50,4634,WKS-IT-01,a.mizrahi,2,,,,,
2026-08-19 18:08:01,4634,WKS-IT-09,m.saban,2,,,,,
2026-08-19 18:08:26,4634,WKS-HQ-19,y.segev,2,,,,,
2026-08-19 18:15:36,4634,WKS-SEC-10,d.levi,2,,,,,
2026-08-19 18:21:41,4634,WKS-HQ-27,c.barak,2,,,,,
2026-08-19 18:25:00,4634,WKS-HQ-06,g.shemesh,2,,,,,
2026-08-19 18:30:40,4634,WKS-HQ-20,k.oz,2,,,,,
2026-08-19 18:48:23,4634,WKS-IT-08,h.peretz,2,,,,,
2026-08-19 18:55:42,4634,WKS-HQ-07,o.raviv,2,,,,,
2026-08-19 19:02:01,4634,WKS-HQ-15,n.hazan,2,,,,,
2026-08-19 19:04:56,4634,WKS-HQ-05,y.oren,2,,,,,
2026-08-19 19:21:18,4634,WKS-HQ-18,m.tal,2,,,,,
2026-08-20 07:07:41,4624,WKS-HQ-23,s.mor,2,WKS-HQ-23,,,,
2026-08-20 07:11:10,4624,WKS-HQ-25,z.amar,2,WKS-HQ-25,,,,
2026-08-20 07:27:25,4624,WKS-HQ-26,p.stein,2,WKS-HQ-26,,,,
2026-08-20 07:51:30,4624,WKS-PAY-11,s.arbel,2,WKS-PAY-11,,,,
2026-08-20 07:54:27,4624,WKS-PAY-30,g.ben-ari,2,WKS-PAY-30,,,,
2026-08-20 07:57:42,4624,WKS-PAY-02,r.stern,2,WKS-PAY-02,,,,
2026-08-20 08:11:00,4624,WKS-IT-01,a.mizrahi,2,WKS-IT-01,,,,
2026-08-20 08:11:01,4672,WKS-IT-01,a.mizrahi,2,,,,,
2026-08-20 08:12:27,4624,SRV-FILE-HQ,g.ben-ari,3,WKS-PAY-30,,,,
2026-08-20 08:12:29,5140,SRV-FILE-HQ,g.ben-ari,3,WKS-PAY-30,,,,\\SRV-FILE-HQ\Payments
2026-08-20 08:18:29,4624,WKS-IT-09,m.saban,2,WKS-IT-09,,,,
2026-08-20 08:22:40,4624,WKS-HQ-16,e.shalom,2,WKS-HQ-16,,,,
2026-08-20 08:26:27,4624,SRV-FILE-HQ,g.ben-ari,3,WKS-PAY-30,,,,
2026-08-20 08:26:55,4624,WKS-SEC-03,e.katz,2,WKS-SEC-03,,,,
2026-08-20 08:29:08,4624,WKS-IT-08,h.peretz,2,WKS-IT-08,,,,
2026-08-20 08:33:25,4688,WKS-HQ-26,p.stein,,,,excel.exe,excel.exe /dde,
2026-08-20 08:35:00,4624,WKS-PAY-12,t.hadar,2,WKS-PAY-12,,,,
2026-08-20 08:35:48,4624,WKS-HQ-20,k.oz,2,WKS-HQ-20,,,,
2026-08-20 08:36:25,4624,WKS-SEC-10,d.levi,2,WKS-SEC-10,,,,
2026-08-20 08:38:07,4624,WKS-IT-29,f.zohar,2,WKS-IT-29,,,,
2026-08-20 08:39:20,4624,WKS-HQ-14,r.avni,2,WKS-HQ-14,,,,
2026-08-20 08:40:09,4624,WKS-HQ-13,l.beit,2,WKS-HQ-13,,,,
2026-08-20 08:43:10,4688,WKS-HQ-25,z.amar,,,,outlook.exe,outlook.exe /recycle,
2026-08-20 08:43:25,4624,SRV-FILE-HQ,p.stein,3,WKS-HQ-26,,,,
2026-08-20 08:44:29,4624,SRV-FILE-HQ,m.saban,3,WKS-IT-09,,,,
2026-08-20 08:45:24,4624,WKS-HQ-27,c.barak,2,WKS-HQ-27,,,,
2026-08-20 08:48:55,4769,SRV-DC-01,e.katz,,WKS-SEC-03,mssqlsvc_svc,,,MSSQLSvc/srv-posmgt.northgate.local:1433
2026-08-20 08:49:25,4624,SRV-FILE-HQ,d.levi,3,WKS-SEC-10,,,,
2026-08-20 08:54:25,4624,SRV-DC-01,d.levi,3,WKS-SEC-10,,,,
2026-08-20 08:56:19,4624,WKS-HQ-07,o.raviv,2,WKS-HQ-07,,,,
2026-08-20 08:57:48,4624,WKS-HQ-15,n.hazan,2,WKS-HQ-15,,,,
2026-08-20 09:01:08,4624,WKS-HQ-17,a.dahan,2,WKS-HQ-17,,,,
2026-08-20 09:01:25,4769,SRV-DC-01,d.levi,,WKS-SEC-10,http_svc,,,HTTP/web-supplier.northgate.local
2026-08-20 09:03:34,4624,WKS-HQ-05,y.oren,2,WKS-HQ-05,,,,
2026-08-20 09:03:48,4624,SRV-FILE-HQ,n.hazan,3,WKS-HQ-15,,,,
2026-08-20 09:03:58,4624,WKS-HQ-28,u.regev,2,WKS-HQ-28,,,,
2026-08-20 09:04:52,4624,WKS-HQ-04,n.barzilai,2,WKS-HQ-04,,,,
2026-08-20 09:05:19,4624,SRV-FILE-HQ,o.raviv,3,WKS-HQ-07,,,,
2026-08-20 09:05:21,5140,SRV-FILE-HQ,o.raviv,3,WKS-HQ-07,,,,\\SRV-FILE-HQ\Finance
2026-08-20 09:06:44,4624,WKS-HQ-06,g.shemesh,2,WKS-HQ-06,,,,
2026-08-20 09:11:30,4624,SRV-FILE-HQ,s.arbel,3,WKS-PAY-11,,,,
2026-08-20 09:19:27,4769,SRV-DC-01,g.ben-ari,,WKS-PAY-30,mssqlsvc_svc,,,MSSQLSvc/srv-posmgt.northgate.local:1433
2026-08-20 09:27:42,4624,SRV-FILE-HQ,r.stern,3,WKS-PAY-02,,,,
2026-08-20 09:32:42,4624,SRV-CARDPROC,r.stern,3,WKS-PAY-02,,,,
2026-08-20 09:37:32,4624,WKS-HQ-18,m.tal,2,WKS-HQ-18,,,,
2026-08-20 09:45:55,4624,SRV-DC-01,e.katz,3,WKS-SEC-03,,,,
2026-08-20 09:46:00,4624,SRV-DC-01,a.mizrahi,3,WKS-IT-01,,,,
2026-08-20 09:51:48,4624,SRV-FILE-HQ,n.hazan,3,WKS-HQ-15,,,,
2026-08-20 09:53:58,4624,SRV-FILE-HQ,u.regev,3,WKS-HQ-28,,,,
2026-08-20 09:54:00,5140,SRV-FILE-HQ,u.regev,3,WKS-HQ-28,,,,\\SRV-FILE-HQ\Marketing
2026-08-20 10:02:07,4769,SRV-DC-01,f.zohar,,WKS-IT-29,mssqlsvc_svc,,,MSSQLSvc/srv-cardproc.northgate.local:1433
2026-08-20 10:03:58,4624,SRV-FILE-HQ,u.regev,3,WKS-HQ-28,,,,
2026-08-20 10:06:20,4769,SRV-DC-01,r.avni,,WKS-HQ-14,mssqlsvc_svc,,,MSSQLSvc/srv-cardproc.northgate.local:1433
2026-08-20 10:08:10,4769,SRV-DC-01,z.amar,,WKS-HQ-25,mssqlsvc_svc,,,MSSQLSvc/srv-cardproc.northgate.local:1433
2026-08-20 10:10:30,4624,SRV-FILE-HQ,s.arbel,3,WKS-PAY-11,,,,
2026-08-20 10:11:48,4624,SRV-FILE-HQ,k.oz,3,WKS-HQ-20,,,,
2026-08-20 10:11:50,5140,SRV-FILE-HQ,k.oz,3,WKS-HQ-20,,,,\\SRV-FILE-HQ\Logistics
2026-08-20 10:27:32,4769,SRV-DC-01,m.tal,,WKS-HQ-18,http_svc,,,HTTP/web-supplier.northgate.local
2026-08-20 10:28:09,4624,SRV-FILE-HQ,l.beit,3,WKS-HQ-13,,,,
2026-08-20 10:30:09,4769,SRV-DC-01,l.beit,,WKS-HQ-13,mssqlsvc_svc,,,MSSQLSvc/srv-posmgt.northgate.local:1433
2026-08-20 10:31:25,4769,SRV-DC-01,d.levi,,WKS-SEC-10,mssqlsvc_svc,,,MSSQLSvc/srv-cardproc.northgate.local:1433
2026-08-20 10:48:00,4624,SRV-FILE-HQ,a.mizrahi,3,WKS-IT-01,,,,
2026-08-20 10:48:02,5140,SRV-FILE-HQ,a.mizrahi,3,WKS-IT-01,,,,\\SRV-FILE-HQ\IT
2026-08-20 11:00:41,4769,SRV-DC-01,s.mor,,WKS-HQ-23,mssqlsvc_svc,,,MSSQLSvc/srv-cardproc.northgate.local:1433
2026-08-20 11:01:29,4624,SRV-DC-01,m.saban,3,WKS-IT-09,,,,
2026-08-20 11:06:58,4624,SRV-FILE-HQ,u.regev,3,WKS-HQ-28,,,,
2026-08-20 11:11:27,4769,SRV-DC-01,g.ben-ari,,WKS-PAY-30,http_svc,,,HTTP/web-supplier.northgate.local
2026-08-20 11:12:08,4624,SRV-DC-01,h.peretz,3,WKS-IT-08,,,,
2026-08-20 11:12:42,4769,SRV-DC-01,r.stern,,WKS-PAY-02,http_svc,,,HTTP/web-supplier.northgate.local
2026-08-20 11:13:27,4624,SRV-CARDPROC,g.ben-ari,3,WKS-PAY-30,,,,
2026-08-20 11:17:25,4624,SRV-FILE-HQ,p.stein,3,WKS-HQ-26,,,,
2026-08-20 11:17:27,5140,SRV-FILE-HQ,p.stein,3,WKS-HQ-26,,,,\\SRV-FILE-HQ\Branches
2026-08-20 11:18:48,4769,SRV-DC-01,k.oz,,WKS-HQ-20,cifs_svc,,,CIFS/srv-file-hq.northgate.local
2026-08-20 11:21:48,4624,SRV-FILE-HQ,n.hazan,3,WKS-HQ-15,,,,
2026-08-20 11:21:50,5140,SRV-FILE-HQ,n.hazan,3,WKS-HQ-15,,,,\\SRV-FILE-HQ\Finance
2026-08-20 11:23:25,4624,SRV-POSMGT,p.stein,3,WKS-HQ-26,,,,
2026-08-20 11:31:29,4624,SRV-DC-01,m.saban,3,WKS-IT-09,,,,
2026-08-20 11:31:31,5140,SRV-DC-01,m.saban,3,WKS-IT-09,,,,\\SRV-DC-01\IT
2026-08-20 11:35:07,4769,SRV-DC-01,f.zohar,,WKS-IT-29,http_svc,,,HTTP/web-supplier.northgate.local
2026-08-20 11:44:27,4688,WKS-PAY-30,g.ben-ari,,,,chrome.exe,chrome.exe --restore-last-session,
2026-08-20 11:47:58,4624,SRV-FILE-HQ,u.regev,3,WKS-HQ-28,,,,
2026-08-20 11:48:00,5140,SRV-FILE-HQ,u.regev,3,WKS-HQ-28,,,,\\SRV-FILE-HQ\Marketing
2026-08-20 11:51:10,4624,SRV-FILE-HQ,z.amar,3,WKS-HQ-25,,,,
2026-08-20 12:02:58,4769,SRV-DC-01,u.regev,,WKS-HQ-28,http_svc,,,HTTP/web-supplier.northgate.local
2026-08-20 12:06:55,4769,SRV-DC-01,e.katz,,WKS-SEC-03,mssqlsvc_svc,,,MSSQLSvc/srv-cardproc.northgate.local:1433
2026-08-20 12:16:58,4769,SRV-DC-01,u.regev,,WKS-HQ-28,mssqlsvc_svc,,,MSSQLSvc/srv-cardproc.northgate.local:1433
2026-08-20 12:23:29,4769,SRV-DC-01,m.saban,,WKS-IT-09,cifs_svc,,,CIFS/srv-file-hq.northgate.local
2026-08-20 12:24:25,4624,SRV-DC-01,d.levi,3,WKS-SEC-10,,,,
2026-08-20 12:25:09,4624,SRV-FILE-HQ,l.beit,3,WKS-HQ-13,,,,
2026-08-20 12:28:24,4624,SRV-FILE-HQ,c.barak,3,WKS-HQ-27,,,,
2026-08-20 12:37:07,4624,SRV-DC-01,f.zohar,3,WKS-IT-29,,,,
2026-08-20 12:37:09,5140,SRV-DC-01,f.zohar,3,WKS-IT-29,,,,\\SRV-DC-01\IT
2026-08-20 12:42:10,4624,SRV-POSMGT,z.amar,3,WKS-HQ-25,,,,
2026-08-20 12:53:00,4769,SRV-DC-01,t.hadar,,WKS-PAY-12,cifs_svc,,,CIFS/srv-file-hq.northgate.local
2026-08-20 12:59:48,4769,SRV-DC-01,k.oz,,WKS-HQ-20,cifs_svc,,,CIFS/srv-file-hq.northgate.local
2026-08-20 13:07:24,4624,SRV-FILE-HQ,c.barak,3,WKS-HQ-27,,,,
2026-08-20 13:08:30,4688,WKS-PAY-11,s.arbel,,,,teams.exe,teams.exe --system-initiated,
2026-08-20 13:16:58,4769,SRV-DC-01,u.regev,,WKS-HQ-28,mssqlsvc_svc,,,MSSQLSvc/srv-cardproc.northgate.local:1433
2026-08-20 13:26:00,4769,SRV-DC-01,a.mizrahi,,WKS-IT-01,http_svc,,,HTTP/web-supplier.northgate.local
2026-08-20 13:32:48,4624,SRV-FILE-HQ,k.oz,3,WKS-HQ-20,,,,
2026-08-20 13:32:50,5140,SRV-FILE-HQ,k.oz,3,WKS-HQ-20,,,,\\SRV-FILE-HQ\Logistics
2026-08-20 13:33:27,4769,SRV-DC-01,g.ben-ari,,WKS-PAY-30,mssqlsvc_svc,,,MSSQLSvc/srv-cardproc.northgate.local:1433
2026-08-20 13:41:32,4624,SRV-FILE-HQ,m.tal,3,WKS-HQ-18,,,,
2026-08-20 13:43:25,4624,SRV-FILE-HQ,d.levi,3,WKS-SEC-10,,,,
2026-08-20 13:43:27,5140,SRV-FILE-HQ,d.levi,3,WKS-SEC-10,,,,\\SRV-FILE-HQ\IT
2026-08-20 13:45:00,4769,SRV-DC-01,t.hadar,,WKS-PAY-12,mssqlsvc_svc,,,MSSQLSvc/srv-cardproc.northgate.local:1433
2026-08-20 13:54:25,4769,SRV-DC-01,p.stein,,WKS-HQ-26,mssqlsvc_svc,,,MSSQLSvc/srv-cardproc.northgate.local:1433
2026-08-20 13:55:20,4624,SRV-FILE-HQ,r.avni,3,WKS-HQ-14,,,,
2026-08-20 14:02:25,4769,SRV-DC-01,p.stein,,WKS-HQ-26,http_svc,,,HTTP/web-supplier.northgate.local
2026-08-20 14:07:10,4624,SRV-POSMGT,z.amar,3,WKS-HQ-25,,,,
2026-08-20 14:07:12,5140,SRV-POSMGT,z.amar,3,WKS-HQ-25,,,,\\SRV-POSMGT\Branches
2026-08-20 14:17:48,4769,SRV-DC-01,n.hazan,,WKS-HQ-15,cifs_svc,,,CIFS/srv-file-hq.northgate.local
2026-08-20 14:28:00,4624,SRV-FILE-HQ,t.hadar,3,WKS-PAY-12,,,,
2026-08-20 14:28:02,5140,SRV-FILE-HQ,t.hadar,3,WKS-PAY-12,,,,\\SRV-FILE-HQ\Payments
2026-08-20 14:37:08,4624,SRV-FILE-HQ,h.peretz,3,WKS-IT-08,,,,
2026-08-20 14:37:10,5140,SRV-FILE-HQ,h.peretz,3,WKS-IT-08,,,,\\SRV-FILE-HQ\IT
2026-08-20 14:54:09,4769,SRV-DC-01,l.beit,,WKS-HQ-13,cifs_svc,,,CIFS/srv-file-hq.northgate.local
2026-08-20 14:58:44,4624,SRV-FILE-HQ,g.shemesh,3,WKS-HQ-06,,,,
